ISO-10303-21;
HEADER;
/* Generated by software containing ST-Developer
 * from STEP Tools, Inc. (www.steptools.com) 
 */
/* OPTION: using custom renumber hook */

FILE_DESCRIPTION(
/* description */ ('STEP AP242 Edition 2',
'CAx-IF Rec.Pracs.---Representation and Presentation of Product Manufa
cturing Information (PMI)---4.0---2014-10-13',
'CAx-IF Rec.Pracs.---3D Tessellated Geometry---0.4---2014-09-14','2;1',
'CAx-IF Rec.Pracs.---User Defined Attributes---1.5---2016-08-15'),
/* implementation_level */ '2;1');

FILE_NAME(
/* name */ 'Part Studio 1 - Lower Shell',
/* time_stamp */ '2026-08-12T09:43:05Z',
/* author */ (''),
/* organization */ (''),
/* preprocessor_version */ 'ST-DEVELOPER v20',
/* originating_system */ 'ONSHAPE BY PTC INC, 1.219',
/* authorisation */ '  ');

FILE_SCHEMA (('AP242_MANAGED_MODEL_BASED_3D_ENGINEERING_MIM_LF { 1 0 10303 442 3 1 4 }'));
ENDSEC;

DATA;
#10=SHAPE_REPRESENTATION_RELATIONSHIP('','',#2478,#11);
#11=ADVANCED_BREP_SHAPE_REPRESENTATION('',(#2476),#4089);
#12=ELLIPSE('',#2657,0.00494974746830583,0.0035);
#13=ELLIPSE('',#2662,0.00494974746830583,0.0035);
#14=ELLIPSE('',#2666,0.00293449314192416,0.002075);
#15=ELLIPSE('',#2668,0.00293449314192417,0.002075);
#16=ELLIPSE('',#2670,0.00293449314192417,0.002075);
#17=B_SPLINE_CURVE_WITH_KNOTS('',3,(#4000,#4001,#4002,#4003,#4004,#4005,
#4006,#4007,#4008),.UNSPECIFIED.,.F.,.F.,(4,1,1,1,1,1,4),(3.09637431015593E-7,
0.00116690738587695,0.00175020626009992,0.00233350513432289,0.00291680400854586,
0.00350010288276882,0.00466670063121476),.UNSPECIFIED.);
#18=B_SPLINE_CURVE_WITH_KNOTS('',3,(#4011,#4012,#4013,#4014,#4015,#4016,
#4017,#4018,#4019),.UNSPECIFIED.,.F.,.F.,(4,1,1,1,1,1,4),(3.09637431173824E-7,
0.00116690738587703,0.00175020626009996,0.00233350513432289,0.00291680400854582,
0.00350010288276875,0.00466670063121461),.UNSPECIFIED.);
#19=B_SPLINE_CURVE_WITH_KNOTS('',3,(#4025,#4026,#4027,#4028,#4029,#4030,
#4031),.UNSPECIFIED.,.F.,.F.,(4,1,1,1,4),(3.85977585228597E-7,0.000955872264774944,
0.00191135855196466,0.00286684483915438,0.00382233112634409),
 .UNSPECIFIED.);
#20=CONICAL_SURFACE('',#2638,0.002375,0.785398163397448);
#21=CONICAL_SURFACE('',#2639,0.002375,0.785398163397448);
#22=CONICAL_SURFACE('',#2640,0.002375,0.785398163397448);
#23=CONICAL_SURFACE('',#2641,0.002375,0.785398163397448);
#24=CONICAL_SURFACE('',#2642,0.002375,0.785398163397448);
#25=CONICAL_SURFACE('',#2643,0.002375,0.785398163397448);
#26=CONICAL_SURFACE('',#2644,0.002575,0.785398163397448);
#27=CONICAL_SURFACE('',#2645,0.003,0.785398163397448);
#28=CONICAL_SURFACE('',#2646,0.003,0.785398163397448);
#29=CONICAL_SURFACE('',#2647,0.002575,0.785398163397448);
#30=CONICAL_SURFACE('',#2648,0.002575,0.785398163397448);
#31=CONICAL_SURFACE('',#2649,0.002575,0.785398163397448);
#32=CYLINDRICAL_SURFACE('',#2551,1.51587085872689);
#33=CYLINDRICAL_SURFACE('',#2552,1.51587085872689);
#34=CYLINDRICAL_SURFACE('',#2563,0.000875);
#35=CYLINDRICAL_SURFACE('',#2569,0.001075);
#36=CYLINDRICAL_SURFACE('',#2572,0.001075);
#37=CYLINDRICAL_SURFACE('',#2575,0.001075);
#38=CYLINDRICAL_SURFACE('',#2578,0.0015);
#39=CYLINDRICAL_SURFACE('',#2581,0.0015);
#40=CYLINDRICAL_SURFACE('',#2584,0.002);
#41=CYLINDRICAL_SURFACE('',#2586,0.001075);
#42=CYLINDRICAL_SURFACE('',#2589,0.000875);
#43=CYLINDRICAL_SURFACE('',#2592,0.000875);
#44=CYLINDRICAL_SURFACE('',#2595,0.000875);
#45=CYLINDRICAL_SURFACE('',#2598,0.000875);
#46=CYLINDRICAL_SURFACE('',#2601,0.000875);
#47=CYLINDRICAL_SURFACE('',#2650,0.003625);
#48=CYLINDRICAL_SURFACE('',#2656,0.0035);
#49=CYLINDRICAL_SURFACE('',#2660,0.0035);
#50=CYLINDRICAL_SURFACE('',#2671,0.00125);
#51=CYLINDRICAL_SURFACE('',#2673,0.00125);
#52=CYLINDRICAL_SURFACE('',#2683,0.002075);
#53=CYLINDRICAL_SURFACE('',#2688,0.002075);
#54=CIRCLE('',#2488,1.51587085872689);
#55=CIRCLE('',#2489,1.51587085872689);
#56=CIRCLE('',#2492,0.002375);
#57=CIRCLE('',#2493,0.002375);
#58=CIRCLE('',#2494,0.002375);
#59=CIRCLE('',#2495,0.002375);
#60=CIRCLE('',#2496,0.002375);
#61=CIRCLE('',#2497,0.002375);
#62=CIRCLE('',#2498,0.002575);
#63=CIRCLE('',#2499,0.002);
#64=CIRCLE('',#2500,0.002575);
#65=CIRCLE('',#2501,0.002575);
#66=CIRCLE('',#2502,0.002575);
#67=CIRCLE('',#2503,0.003);
#68=CIRCLE('',#2504,0.003);
#69=CIRCLE('',#2510,0.002075);
#70=CIRCLE('',#2511,0.002075);
#71=CIRCLE('',#2512,0.0035);
#72=CIRCLE('',#2513,0.0035);
#73=CIRCLE('',#2524,0.003625);
#74=CIRCLE('',#2525,0.003625);
#75=CIRCLE('',#2529,1.51587085872689);
#76=CIRCLE('',#2530,1.51587085872689);
#77=CIRCLE('',#2542,0.00125);
#78=CIRCLE('',#2543,0.00125);
#79=CIRCLE('',#2561,0.003);
#80=CIRCLE('',#2562,0.003);
#81=CIRCLE('',#2564,0.000875);
#82=CIRCLE('',#2565,0.000875);
#83=CIRCLE('',#2570,0.001075);
#84=CIRCLE('',#2571,0.001075);
#85=CIRCLE('',#2573,0.001075);
#86=CIRCLE('',#2574,0.001075);
#87=CIRCLE('',#2576,0.001075);
#88=CIRCLE('',#2577,0.001075);
#89=CIRCLE('',#2579,0.0015);
#90=CIRCLE('',#2580,0.0015);
#91=CIRCLE('',#2582,0.0015);
#92=CIRCLE('',#2583,0.0015);
#93=CIRCLE('',#2585,0.002);
#94=CIRCLE('',#2587,0.001075);
#95=CIRCLE('',#2588,0.001075);
#96=CIRCLE('',#2590,0.000875);
#97=CIRCLE('',#2591,0.000875);
#98=CIRCLE('',#2593,0.000875);
#99=CIRCLE('',#2594,0.000875);
#100=CIRCLE('',#2596,0.000875);
#101=CIRCLE('',#2597,0.000875);
#102=CIRCLE('',#2599,0.000875);
#103=CIRCLE('',#2600,0.000875);
#104=CIRCLE('',#2602,0.000875);
#105=CIRCLE('',#2603,0.000875);
#106=CIRCLE('',#2651,0.003625);
#107=CIRCLE('',#2654,0.002075);
#108=CIRCLE('',#2655,0.0035);
#109=CIRCLE('',#2659,0.002075);
#110=CIRCLE('',#2661,0.0035);
#111=CIRCLE('',#2664,0.002075);
#112=CIRCLE('',#2672,0.00125);
#113=CIRCLE('',#2674,0.00125);
#114=CIRCLE('',#2684,0.002075);
#115=CIRCLE('',#2687,0.002075);
#116=CIRCLE('',#2689,0.002075);
#117=ORIENTED_EDGE('',*,*,#769,.F.);
#118=ORIENTED_EDGE('',*,*,#770,.T.);
#119=ORIENTED_EDGE('',*,*,#771,.T.);
#120=ORIENTED_EDGE('',*,*,#772,.T.);
#121=ORIENTED_EDGE('',*,*,#773,.F.);
#122=ORIENTED_EDGE('',*,*,#774,.T.);
#123=ORIENTED_EDGE('',*,*,#775,.T.);
#124=ORIENTED_EDGE('',*,*,#776,.T.);
#125=ORIENTED_EDGE('',*,*,#777,.T.);
#126=ORIENTED_EDGE('',*,*,#778,.F.);
#127=ORIENTED_EDGE('',*,*,#779,.T.);
#128=ORIENTED_EDGE('',*,*,#780,.F.);
#129=ORIENTED_EDGE('',*,*,#781,.T.);
#130=ORIENTED_EDGE('',*,*,#782,.T.);
#131=ORIENTED_EDGE('',*,*,#783,.T.);
#132=ORIENTED_EDGE('',*,*,#784,.F.);
#133=ORIENTED_EDGE('',*,*,#785,.T.);
#134=ORIENTED_EDGE('',*,*,#786,.T.);
#135=ORIENTED_EDGE('',*,*,#787,.F.);
#136=ORIENTED_EDGE('',*,*,#788,.F.);
#137=ORIENTED_EDGE('',*,*,#789,.T.);
#138=ORIENTED_EDGE('',*,*,#790,.F.);
#139=ORIENTED_EDGE('',*,*,#791,.T.);
#140=ORIENTED_EDGE('',*,*,#792,.F.);
#141=ORIENTED_EDGE('',*,*,#793,.T.);
#142=ORIENTED_EDGE('',*,*,#794,.F.);
#143=ORIENTED_EDGE('',*,*,#795,.T.);
#144=ORIENTED_EDGE('',*,*,#796,.T.);
#145=ORIENTED_EDGE('',*,*,#797,.F.);
#146=ORIENTED_EDGE('',*,*,#798,.F.);
#147=ORIENTED_EDGE('',*,*,#799,.T.);
#148=ORIENTED_EDGE('',*,*,#800,.T.);
#149=ORIENTED_EDGE('',*,*,#801,.F.);
#150=ORIENTED_EDGE('',*,*,#802,.T.);
#151=ORIENTED_EDGE('',*,*,#798,.T.);
#152=ORIENTED_EDGE('',*,*,#803,.F.);
#153=ORIENTED_EDGE('',*,*,#804,.T.);
#154=ORIENTED_EDGE('',*,*,#805,.F.);
#155=ORIENTED_EDGE('',*,*,#806,.F.);
#156=ORIENTED_EDGE('',*,*,#807,.T.);
#157=ORIENTED_EDGE('',*,*,#808,.T.);
#158=ORIENTED_EDGE('',*,*,#776,.F.);
#159=ORIENTED_EDGE('',*,*,#809,.T.);
#160=ORIENTED_EDGE('',*,*,#810,.T.);
#161=ORIENTED_EDGE('',*,*,#811,.T.);
#162=ORIENTED_EDGE('',*,*,#812,.F.);
#163=ORIENTED_EDGE('',*,*,#813,.T.);
#164=ORIENTED_EDGE('',*,*,#814,.F.);
#165=ORIENTED_EDGE('',*,*,#815,.T.);
#166=ORIENTED_EDGE('',*,*,#816,.T.);
#167=ORIENTED_EDGE('',*,*,#817,.F.);
#168=ORIENTED_EDGE('',*,*,#818,.T.);
#169=ORIENTED_EDGE('',*,*,#819,.F.);
#170=ORIENTED_EDGE('',*,*,#780,.T.);
#171=ORIENTED_EDGE('',*,*,#820,.T.);
#172=ORIENTED_EDGE('',*,*,#821,.F.);
#173=ORIENTED_EDGE('',*,*,#822,.T.);
#174=ORIENTED_EDGE('',*,*,#823,.T.);
#175=ORIENTED_EDGE('',*,*,#772,.F.);
#176=ORIENTED_EDGE('',*,*,#824,.F.);
#177=ORIENTED_EDGE('',*,*,#825,.F.);
#178=ORIENTED_EDGE('',*,*,#826,.T.);
#179=ORIENTED_EDGE('',*,*,#827,.F.);
#180=ORIENTED_EDGE('',*,*,#828,.T.);
#181=ORIENTED_EDGE('',*,*,#829,.F.);
#182=ORIENTED_EDGE('',*,*,#830,.T.);
#183=ORIENTED_EDGE('',*,*,#831,.T.);
#184=ORIENTED_EDGE('',*,*,#832,.F.);
#185=ORIENTED_EDGE('',*,*,#833,.F.);
#186=ORIENTED_EDGE('',*,*,#834,.F.);
#187=ORIENTED_EDGE('',*,*,#835,.F.);
#188=ORIENTED_EDGE('',*,*,#836,.T.);
#189=ORIENTED_EDGE('',*,*,#837,.T.);
#190=ORIENTED_EDGE('',*,*,#838,.T.);
#191=ORIENTED_EDGE('',*,*,#805,.T.);
#192=ORIENTED_EDGE('',*,*,#839,.F.);
#193=ORIENTED_EDGE('',*,*,#840,.T.);
#194=ORIENTED_EDGE('',*,*,#841,.F.);
#195=ORIENTED_EDGE('',*,*,#842,.F.);
#196=ORIENTED_EDGE('',*,*,#843,.F.);
#197=ORIENTED_EDGE('',*,*,#844,.T.);
#198=ORIENTED_EDGE('',*,*,#845,.T.);
#199=ORIENTED_EDGE('',*,*,#846,.T.);
#200=ORIENTED_EDGE('',*,*,#847,.T.);
#201=ORIENTED_EDGE('',*,*,#848,.T.);
#202=ORIENTED_EDGE('',*,*,#849,.T.);
#203=ORIENTED_EDGE('',*,*,#850,.T.);
#204=ORIENTED_EDGE('',*,*,#851,.T.);
#205=ORIENTED_EDGE('',*,*,#852,.T.);
#206=ORIENTED_EDGE('',*,*,#853,.T.);
#207=ORIENTED_EDGE('',*,*,#854,.T.);
#208=ORIENTED_EDGE('',*,*,#855,.T.);
#209=ORIENTED_EDGE('',*,*,#856,.T.);
#210=ORIENTED_EDGE('',*,*,#857,.T.);
#211=ORIENTED_EDGE('',*,*,#858,.T.);
#212=ORIENTED_EDGE('',*,*,#859,.T.);
#213=ORIENTED_EDGE('',*,*,#860,.T.);
#214=ORIENTED_EDGE('',*,*,#861,.F.);
#215=ORIENTED_EDGE('',*,*,#862,.T.);
#216=ORIENTED_EDGE('',*,*,#863,.T.);
#217=ORIENTED_EDGE('',*,*,#864,.T.);
#218=ORIENTED_EDGE('',*,*,#865,.F.);
#219=ORIENTED_EDGE('',*,*,#866,.F.);
#220=ORIENTED_EDGE('',*,*,#803,.T.);
#221=ORIENTED_EDGE('',*,*,#797,.T.);
#222=ORIENTED_EDGE('',*,*,#867,.T.);
#223=ORIENTED_EDGE('',*,*,#868,.T.);
#224=ORIENTED_EDGE('',*,*,#869,.F.);
#225=ORIENTED_EDGE('',*,*,#870,.T.);
#226=ORIENTED_EDGE('',*,*,#871,.T.);
#227=ORIENTED_EDGE('',*,*,#872,.F.);
#228=ORIENTED_EDGE('',*,*,#873,.T.);
#229=ORIENTED_EDGE('',*,*,#874,.T.);
#230=ORIENTED_EDGE('',*,*,#875,.T.);
#231=ORIENTED_EDGE('',*,*,#876,.T.);
#232=ORIENTED_EDGE('',*,*,#877,.F.);
#233=ORIENTED_EDGE('',*,*,#878,.F.);
#234=ORIENTED_EDGE('',*,*,#879,.F.);
#235=ORIENTED_EDGE('',*,*,#880,.T.);
#236=ORIENTED_EDGE('',*,*,#881,.T.);
#237=ORIENTED_EDGE('',*,*,#882,.F.);
#238=ORIENTED_EDGE('',*,*,#883,.F.);
#239=ORIENTED_EDGE('',*,*,#884,.T.);
#240=ORIENTED_EDGE('',*,*,#885,.T.);
#241=ORIENTED_EDGE('',*,*,#835,.T.);
#242=ORIENTED_EDGE('',*,*,#881,.F.);
#243=ORIENTED_EDGE('',*,*,#886,.T.);
#244=ORIENTED_EDGE('',*,*,#887,.T.);
#245=ORIENTED_EDGE('',*,*,#888,.F.);
#246=ORIENTED_EDGE('',*,*,#889,.F.);
#247=ORIENTED_EDGE('',*,*,#882,.T.);
#248=ORIENTED_EDGE('',*,*,#888,.T.);
#249=ORIENTED_EDGE('',*,*,#890,.T.);
#250=ORIENTED_EDGE('',*,*,#891,.F.);
#251=ORIENTED_EDGE('',*,*,#892,.F.);
#252=ORIENTED_EDGE('',*,*,#883,.T.);
#253=ORIENTED_EDGE('',*,*,#889,.T.);
#254=ORIENTED_EDGE('',*,*,#893,.F.);
#255=ORIENTED_EDGE('',*,*,#894,.F.);
#256=ORIENTED_EDGE('',*,*,#895,.F.);
#257=ORIENTED_EDGE('',*,*,#896,.T.);
#258=ORIENTED_EDGE('',*,*,#800,.F.);
#259=ORIENTED_EDGE('',*,*,#897,.F.);
#260=ORIENTED_EDGE('',*,*,#898,.F.);
#261=ORIENTED_EDGE('',*,*,#899,.F.);
#262=ORIENTED_EDGE('',*,*,#884,.F.);
#263=ORIENTED_EDGE('',*,*,#892,.T.);
#264=ORIENTED_EDGE('',*,*,#900,.F.);
#265=ORIENTED_EDGE('',*,*,#901,.F.);
#266=ORIENTED_EDGE('',*,*,#902,.T.);
#267=ORIENTED_EDGE('',*,*,#903,.F.);
#268=ORIENTED_EDGE('',*,*,#817,.T.);
#269=ORIENTED_EDGE('',*,*,#904,.F.);
#270=ORIENTED_EDGE('',*,*,#905,.F.);
#271=ORIENTED_EDGE('',*,*,#906,.F.);
#272=ORIENTED_EDGE('',*,*,#904,.T.);
#273=ORIENTED_EDGE('',*,*,#816,.F.);
#274=ORIENTED_EDGE('',*,*,#815,.F.);
#275=ORIENTED_EDGE('',*,*,#907,.F.);
#276=ORIENTED_EDGE('',*,*,#905,.T.);
#277=ORIENTED_EDGE('',*,*,#906,.T.);
#278=ORIENTED_EDGE('',*,*,#814,.T.);
#279=ORIENTED_EDGE('',*,*,#903,.T.);
#280=ORIENTED_EDGE('',*,*,#907,.T.);
#281=ORIENTED_EDGE('',*,*,#908,.F.);
#282=ORIENTED_EDGE('',*,*,#909,.F.);
#283=ORIENTED_EDGE('',*,*,#910,.F.);
#284=ORIENTED_EDGE('',*,*,#790,.T.);
#285=ORIENTED_EDGE('',*,*,#911,.F.);
#286=ORIENTED_EDGE('',*,*,#912,.T.);
#287=ORIENTED_EDGE('',*,*,#913,.T.);
#288=ORIENTED_EDGE('',*,*,#914,.T.);
#289=ORIENTED_EDGE('',*,*,#895,.T.);
#290=ORIENTED_EDGE('',*,*,#915,.F.);
#291=ORIENTED_EDGE('',*,*,#916,.T.);
#292=ORIENTED_EDGE('',*,*,#917,.T.);
#293=ORIENTED_EDGE('',*,*,#918,.T.);
#294=ORIENTED_EDGE('',*,*,#919,.T.);
#295=ORIENTED_EDGE('',*,*,#788,.T.);
#296=ORIENTED_EDGE('',*,*,#920,.F.);
#297=ORIENTED_EDGE('',*,*,#867,.F.);
#298=ORIENTED_EDGE('',*,*,#796,.F.);
#299=ORIENTED_EDGE('',*,*,#921,.T.);
#300=ORIENTED_EDGE('',*,*,#922,.T.);
#301=ORIENTED_EDGE('',*,*,#923,.F.);
#302=ORIENTED_EDGE('',*,*,#886,.F.);
#303=ORIENTED_EDGE('',*,*,#880,.F.);
#304=ORIENTED_EDGE('',*,*,#924,.T.);
#305=ORIENTED_EDGE('',*,*,#925,.T.);
#306=ORIENTED_EDGE('',*,*,#926,.T.);
#307=ORIENTED_EDGE('',*,*,#927,.T.);
#308=ORIENTED_EDGE('',*,*,#923,.T.);
#309=ORIENTED_EDGE('',*,*,#928,.T.);
#310=ORIENTED_EDGE('',*,*,#929,.F.);
#311=ORIENTED_EDGE('',*,*,#930,.F.);
#312=ORIENTED_EDGE('',*,*,#820,.F.);
#313=ORIENTED_EDGE('',*,*,#783,.F.);
#314=ORIENTED_EDGE('',*,*,#931,.F.);
#315=ORIENTED_EDGE('',*,*,#932,.T.);
#316=ORIENTED_EDGE('',*,*,#900,.T.);
#317=ORIENTED_EDGE('',*,*,#891,.T.);
#318=ORIENTED_EDGE('',*,*,#890,.F.);
#319=ORIENTED_EDGE('',*,*,#887,.F.);
#320=ORIENTED_EDGE('',*,*,#901,.T.);
#321=ORIENTED_EDGE('',*,*,#932,.F.);
#322=ORIENTED_EDGE('',*,*,#933,.F.);
#323=ORIENTED_EDGE('',*,*,#934,.T.);
#324=ORIENTED_EDGE('',*,*,#935,.F.);
#325=ORIENTED_EDGE('',*,*,#908,.T.);
#326=ORIENTED_EDGE('',*,*,#789,.F.);
#327=ORIENTED_EDGE('',*,*,#919,.F.);
#328=ORIENTED_EDGE('',*,*,#936,.T.);
#329=ORIENTED_EDGE('',*,*,#937,.F.);
#330=ORIENTED_EDGE('',*,*,#938,.T.);
#331=ORIENTED_EDGE('',*,*,#939,.T.);
#332=ORIENTED_EDGE('',*,*,#940,.T.);
#333=ORIENTED_EDGE('',*,*,#941,.F.);
#334=ORIENTED_EDGE('',*,*,#942,.T.);
#335=ORIENTED_EDGE('',*,*,#775,.F.);
#336=ORIENTED_EDGE('',*,*,#943,.F.);
#337=ORIENTED_EDGE('',*,*,#944,.F.);
#338=ORIENTED_EDGE('',*,*,#945,.T.);
#339=ORIENTED_EDGE('',*,*,#946,.T.);
#340=ORIENTED_EDGE('',*,*,#807,.F.);
#341=ORIENTED_EDGE('',*,*,#947,.T.);
#342=ORIENTED_EDGE('',*,*,#933,.T.);
#343=ORIENTED_EDGE('',*,*,#931,.T.);
#344=ORIENTED_EDGE('',*,*,#782,.F.);
#345=ORIENTED_EDGE('',*,*,#948,.T.);
#346=ORIENTED_EDGE('',*,*,#769,.T.);
#347=ORIENTED_EDGE('',*,*,#942,.F.);
#348=ORIENTED_EDGE('',*,*,#949,.F.);
#349=ORIENTED_EDGE('',*,*,#818,.F.);
#350=ORIENTED_EDGE('',*,*,#950,.T.);
#351=ORIENTED_EDGE('',*,*,#951,.F.);
#352=ORIENTED_EDGE('',*,*,#952,.F.);
#353=ORIENTED_EDGE('',*,*,#824,.T.);
#354=ORIENTED_EDGE('',*,*,#771,.F.);
#355=ORIENTED_EDGE('',*,*,#948,.F.);
#356=ORIENTED_EDGE('',*,*,#953,.F.);
#357=ORIENTED_EDGE('',*,*,#954,.T.);
#358=ORIENTED_EDGE('',*,*,#955,.T.);
#359=ORIENTED_EDGE('',*,*,#956,.T.);
#360=ORIENTED_EDGE('',*,*,#957,.F.);
#361=ORIENTED_EDGE('',*,*,#951,.T.);
#362=ORIENTED_EDGE('',*,*,#770,.F.);
#363=ORIENTED_EDGE('',*,*,#958,.T.);
#364=ORIENTED_EDGE('',*,*,#959,.T.);
#365=ORIENTED_EDGE('',*,*,#960,.F.);
#366=ORIENTED_EDGE('',*,*,#961,.F.);
#367=ORIENTED_EDGE('',*,*,#823,.F.);
#368=ORIENTED_EDGE('',*,*,#962,.T.);
#369=ORIENTED_EDGE('',*,*,#963,.T.);
#370=ORIENTED_EDGE('',*,*,#773,.T.);
#371=ORIENTED_EDGE('',*,*,#964,.F.);
#372=ORIENTED_EDGE('',*,*,#943,.T.);
#373=ORIENTED_EDGE('',*,*,#774,.F.);
#374=ORIENTED_EDGE('',*,*,#963,.F.);
#375=ORIENTED_EDGE('',*,*,#965,.F.);
#376=ORIENTED_EDGE('',*,*,#945,.F.);
#377=ORIENTED_EDGE('',*,*,#966,.F.);
#378=ORIENTED_EDGE('',*,*,#967,.T.);
#379=ORIENTED_EDGE('',*,*,#968,.F.);
#380=ORIENTED_EDGE('',*,*,#967,.F.);
#381=ORIENTED_EDGE('',*,*,#969,.F.);
#382=ORIENTED_EDGE('',*,*,#778,.T.);
#383=ORIENTED_EDGE('',*,*,#922,.F.);
#384=ORIENTED_EDGE('',*,*,#970,.T.);
#385=ORIENTED_EDGE('',*,*,#971,.T.);
#386=ORIENTED_EDGE('',*,*,#830,.F.);
#387=ORIENTED_EDGE('',*,*,#972,.T.);
#388=ORIENTED_EDGE('',*,*,#973,.T.);
#389=ORIENTED_EDGE('',*,*,#928,.F.);
#390=ORIENTED_EDGE('',*,*,#974,.F.);
#391=ORIENTED_EDGE('',*,*,#975,.F.);
#392=ORIENTED_EDGE('',*,*,#976,.T.);
#393=ORIENTED_EDGE('',*,*,#977,.T.);
#394=ORIENTED_EDGE('',*,*,#929,.T.);
#395=ORIENTED_EDGE('',*,*,#973,.F.);
#396=ORIENTED_EDGE('',*,*,#977,.F.);
#397=ORIENTED_EDGE('',*,*,#978,.T.);
#398=ORIENTED_EDGE('',*,*,#821,.T.);
#399=ORIENTED_EDGE('',*,*,#930,.T.);
#400=ORIENTED_EDGE('',*,*,#979,.F.);
#401=ORIENTED_EDGE('',*,*,#791,.F.);
#402=ORIENTED_EDGE('',*,*,#910,.T.);
#403=ORIENTED_EDGE('',*,*,#980,.T.);
#404=ORIENTED_EDGE('',*,*,#981,.F.);
#405=ORIENTED_EDGE('',*,*,#980,.F.);
#406=ORIENTED_EDGE('',*,*,#909,.T.);
#407=ORIENTED_EDGE('',*,*,#935,.T.);
#408=ORIENTED_EDGE('',*,*,#974,.T.);
#409=ORIENTED_EDGE('',*,*,#972,.F.);
#410=ORIENTED_EDGE('',*,*,#845,.F.);
#411=ORIENTED_EDGE('',*,*,#982,.F.);
#412=ORIENTED_EDGE('',*,*,#983,.T.);
#413=ORIENTED_EDGE('',*,*,#984,.T.);
#414=ORIENTED_EDGE('',*,*,#784,.T.);
#415=ORIENTED_EDGE('',*,*,#979,.T.);
#416=ORIENTED_EDGE('',*,*,#981,.T.);
#417=ORIENTED_EDGE('',*,*,#934,.F.);
#418=ORIENTED_EDGE('',*,*,#947,.F.);
#419=ORIENTED_EDGE('',*,*,#809,.F.);
#420=ORIENTED_EDGE('',*,*,#779,.F.);
#421=ORIENTED_EDGE('',*,*,#969,.T.);
#422=ORIENTED_EDGE('',*,*,#966,.T.);
#423=ORIENTED_EDGE('',*,*,#944,.T.);
#424=ORIENTED_EDGE('',*,*,#964,.T.);
#425=ORIENTED_EDGE('',*,*,#962,.F.);
#426=ORIENTED_EDGE('',*,*,#822,.F.);
#427=ORIENTED_EDGE('',*,*,#978,.F.);
#428=ORIENTED_EDGE('',*,*,#976,.F.);
#429=ORIENTED_EDGE('',*,*,#985,.T.);
#430=ORIENTED_EDGE('',*,*,#986,.F.);
#431=ORIENTED_EDGE('',*,*,#875,.F.);
#432=ORIENTED_EDGE('',*,*,#987,.T.);
#433=ORIENTED_EDGE('',*,*,#975,.T.);
#434=ORIENTED_EDGE('',*,*,#982,.T.);
#435=ORIENTED_EDGE('',*,*,#844,.F.);
#436=ORIENTED_EDGE('',*,*,#985,.F.);
#437=ORIENTED_EDGE('',*,*,#826,.F.);
#438=ORIENTED_EDGE('',*,*,#988,.F.);
#439=ORIENTED_EDGE('',*,*,#956,.F.);
#440=ORIENTED_EDGE('',*,*,#989,.F.);
#441=ORIENTED_EDGE('',*,*,#955,.F.);
#442=ORIENTED_EDGE('',*,*,#990,.T.);
#443=ORIENTED_EDGE('',*,*,#827,.T.);
#444=ORIENTED_EDGE('',*,*,#989,.T.);
#445=ORIENTED_EDGE('',*,*,#828,.F.);
#446=ORIENTED_EDGE('',*,*,#990,.F.);
#447=ORIENTED_EDGE('',*,*,#954,.F.);
#448=ORIENTED_EDGE('',*,*,#991,.F.);
#449=ORIENTED_EDGE('',*,*,#960,.T.);
#450=ORIENTED_EDGE('',*,*,#992,.T.);
#451=ORIENTED_EDGE('',*,*,#812,.T.);
#452=ORIENTED_EDGE('',*,*,#993,.T.);
#453=ORIENTED_EDGE('',*,*,#994,.T.);
#454=ORIENTED_EDGE('',*,*,#813,.F.);
#455=ORIENTED_EDGE('',*,*,#992,.F.);
#456=ORIENTED_EDGE('',*,*,#959,.F.);
#457=ORIENTED_EDGE('',*,*,#958,.F.);
#458=ORIENTED_EDGE('',*,*,#995,.T.);
#459=ORIENTED_EDGE('',*,*,#810,.F.);
#460=ORIENTED_EDGE('',*,*,#994,.F.);
#461=ORIENTED_EDGE('',*,*,#829,.T.);
#462=ORIENTED_EDGE('',*,*,#991,.T.);
#463=ORIENTED_EDGE('',*,*,#953,.T.);
#464=ORIENTED_EDGE('',*,*,#950,.F.);
#465=ORIENTED_EDGE('',*,*,#957,.T.);
#466=ORIENTED_EDGE('',*,*,#988,.T.);
#467=ORIENTED_EDGE('',*,*,#825,.T.);
#468=ORIENTED_EDGE('',*,*,#952,.T.);
#469=ORIENTED_EDGE('',*,*,#996,.F.);
#470=ORIENTED_EDGE('',*,*,#897,.T.);
#471=ORIENTED_EDGE('',*,*,#806,.T.);
#472=ORIENTED_EDGE('',*,*,#838,.F.);
#473=ORIENTED_EDGE('',*,*,#885,.F.);
#474=ORIENTED_EDGE('',*,*,#899,.T.);
#475=ORIENTED_EDGE('',*,*,#997,.T.);
#476=ORIENTED_EDGE('',*,*,#836,.F.);
#477=ORIENTED_EDGE('',*,*,#997,.F.);
#478=ORIENTED_EDGE('',*,*,#898,.T.);
#479=ORIENTED_EDGE('',*,*,#996,.T.);
#480=ORIENTED_EDGE('',*,*,#837,.F.);
#481=ORIENTED_EDGE('',*,*,#924,.F.);
#482=ORIENTED_EDGE('',*,*,#879,.T.);
#483=ORIENTED_EDGE('',*,*,#834,.T.);
#484=ORIENTED_EDGE('',*,*,#998,.F.);
#485=ORIENTED_EDGE('',*,*,#925,.F.);
#486=ORIENTED_EDGE('',*,*,#998,.T.);
#487=ORIENTED_EDGE('',*,*,#833,.T.);
#488=ORIENTED_EDGE('',*,*,#999,.F.);
#489=ORIENTED_EDGE('',*,*,#926,.F.);
#490=ORIENTED_EDGE('',*,*,#999,.T.);
#491=ORIENTED_EDGE('',*,*,#832,.T.);
#492=ORIENTED_EDGE('',*,*,#1000,.T.);
#493=ORIENTED_EDGE('',*,*,#1001,.F.);
#494=ORIENTED_EDGE('',*,*,#1001,.T.);
#495=ORIENTED_EDGE('',*,*,#1002,.T.);
#496=ORIENTED_EDGE('',*,*,#970,.F.);
#497=ORIENTED_EDGE('',*,*,#927,.F.);
#498=ORIENTED_EDGE('',*,*,#1003,.F.);
#499=ORIENTED_EDGE('',*,*,#1004,.T.);
#500=ORIENTED_EDGE('',*,*,#1005,.T.);
#501=ORIENTED_EDGE('',*,*,#1006,.T.);
#502=ORIENTED_EDGE('',*,*,#1007,.T.);
#503=ORIENTED_EDGE('',*,*,#1008,.T.);
#504=ORIENTED_EDGE('',*,*,#1009,.T.);
#505=ORIENTED_EDGE('',*,*,#1010,.F.);
#506=ORIENTED_EDGE('',*,*,#1011,.F.);
#507=ORIENTED_EDGE('',*,*,#1012,.T.);
#508=ORIENTED_EDGE('',*,*,#1013,.T.);
#509=ORIENTED_EDGE('',*,*,#1014,.F.);
#510=ORIENTED_EDGE('',*,*,#1015,.F.);
#511=ORIENTED_EDGE('',*,*,#785,.F.);
#512=ORIENTED_EDGE('',*,*,#984,.F.);
#513=ORIENTED_EDGE('',*,*,#874,.F.);
#514=ORIENTED_EDGE('',*,*,#1016,.F.);
#515=ORIENTED_EDGE('',*,*,#1017,.T.);
#516=ORIENTED_EDGE('',*,*,#1018,.T.);
#517=ORIENTED_EDGE('',*,*,#1019,.T.);
#518=ORIENTED_EDGE('',*,*,#1020,.T.);
#519=ORIENTED_EDGE('',*,*,#1021,.T.);
#520=ORIENTED_EDGE('',*,*,#1022,.T.);
#521=ORIENTED_EDGE('',*,*,#1023,.T.);
#522=ORIENTED_EDGE('',*,*,#1024,.T.);
#523=ORIENTED_EDGE('',*,*,#1025,.T.);
#524=ORIENTED_EDGE('',*,*,#1026,.T.);
#525=ORIENTED_EDGE('',*,*,#1027,.F.);
#526=ORIENTED_EDGE('',*,*,#857,.F.);
#527=ORIENTED_EDGE('',*,*,#1028,.T.);
#528=ORIENTED_EDGE('',*,*,#1029,.T.);
#529=ORIENTED_EDGE('',*,*,#1030,.T.);
#530=ORIENTED_EDGE('',*,*,#1031,.T.);
#531=ORIENTED_EDGE('',*,*,#1032,.T.);
#532=ORIENTED_EDGE('',*,*,#1033,.T.);
#533=ORIENTED_EDGE('',*,*,#1034,.T.);
#534=ORIENTED_EDGE('',*,*,#1035,.T.);
#535=ORIENTED_EDGE('',*,*,#1036,.T.);
#536=ORIENTED_EDGE('',*,*,#1037,.T.);
#537=ORIENTED_EDGE('',*,*,#1038,.T.);
#538=ORIENTED_EDGE('',*,*,#1039,.T.);
#539=ORIENTED_EDGE('',*,*,#1040,.T.);
#540=ORIENTED_EDGE('',*,*,#1041,.T.);
#541=ORIENTED_EDGE('',*,*,#1008,.F.);
#542=ORIENTED_EDGE('',*,*,#1042,.T.);
#543=ORIENTED_EDGE('',*,*,#1043,.T.);
#544=ORIENTED_EDGE('',*,*,#1044,.T.);
#545=ORIENTED_EDGE('',*,*,#1040,.F.);
#546=ORIENTED_EDGE('',*,*,#1045,.T.);
#547=ORIENTED_EDGE('',*,*,#1010,.T.);
#548=ORIENTED_EDGE('',*,*,#1046,.T.);
#549=ORIENTED_EDGE('',*,*,#1043,.F.);
#550=ORIENTED_EDGE('',*,*,#1047,.F.);
#551=ORIENTED_EDGE('',*,*,#1048,.T.);
#552=ORIENTED_EDGE('',*,*,#1049,.T.);
#553=ORIENTED_EDGE('',*,*,#1012,.F.);
#554=ORIENTED_EDGE('',*,*,#1050,.T.);
#555=ORIENTED_EDGE('',*,*,#1051,.T.);
#556=ORIENTED_EDGE('',*,*,#1052,.T.);
#557=ORIENTED_EDGE('',*,*,#1048,.F.);
#558=ORIENTED_EDGE('',*,*,#1053,.T.);
#559=ORIENTED_EDGE('',*,*,#1014,.T.);
#560=ORIENTED_EDGE('',*,*,#1054,.T.);
#561=ORIENTED_EDGE('',*,*,#1051,.F.);
#562=ORIENTED_EDGE('',*,*,#1055,.F.);
#563=ORIENTED_EDGE('',*,*,#1056,.F.);
#564=ORIENTED_EDGE('',*,*,#842,.T.);
#565=ORIENTED_EDGE('',*,*,#1057,.T.);
#566=ORIENTED_EDGE('',*,*,#877,.T.);
#567=ORIENTED_EDGE('',*,*,#1057,.F.);
#568=ORIENTED_EDGE('',*,*,#841,.T.);
#569=ORIENTED_EDGE('',*,*,#1058,.T.);
#570=ORIENTED_EDGE('',*,*,#1059,.T.);
#571=ORIENTED_EDGE('',*,*,#878,.T.);
#572=ORIENTED_EDGE('',*,*,#1059,.F.);
#573=ORIENTED_EDGE('',*,*,#1060,.T.);
#574=ORIENTED_EDGE('',*,*,#1061,.T.);
#575=ORIENTED_EDGE('',*,*,#865,.T.);
#576=ORIENTED_EDGE('',*,*,#1062,.T.);
#577=ORIENTED_EDGE('',*,*,#861,.T.);
#578=ORIENTED_EDGE('',*,*,#1061,.F.);
#579=ORIENTED_EDGE('',*,*,#1063,.T.);
#580=ORIENTED_EDGE('',*,*,#839,.T.);
#581=ORIENTED_EDGE('',*,*,#804,.F.);
#582=ORIENTED_EDGE('',*,*,#866,.T.);
#583=ORIENTED_EDGE('',*,*,#869,.T.);
#584=ORIENTED_EDGE('',*,*,#868,.F.);
#585=ORIENTED_EDGE('',*,*,#920,.T.);
#586=ORIENTED_EDGE('',*,*,#787,.T.);
#587=ORIENTED_EDGE('',*,*,#1064,.T.);
#588=ORIENTED_EDGE('',*,*,#872,.T.);
#589=ORIENTED_EDGE('',*,*,#1003,.T.);
#590=ORIENTED_EDGE('',*,*,#786,.F.);
#591=ORIENTED_EDGE('',*,*,#1016,.T.);
#592=ORIENTED_EDGE('',*,*,#873,.F.);
#593=ORIENTED_EDGE('',*,*,#1064,.F.);
#594=ORIENTED_EDGE('',*,*,#1007,.F.);
#595=ORIENTED_EDGE('',*,*,#1047,.T.);
#596=ORIENTED_EDGE('',*,*,#1045,.F.);
#597=ORIENTED_EDGE('',*,*,#1042,.F.);
#598=ORIENTED_EDGE('',*,*,#1011,.T.);
#599=ORIENTED_EDGE('',*,*,#1055,.T.);
#600=ORIENTED_EDGE('',*,*,#1053,.F.);
#601=ORIENTED_EDGE('',*,*,#1050,.F.);
#602=ORIENTED_EDGE('',*,*,#1015,.T.);
#603=ORIENTED_EDGE('',*,*,#1018,.F.);
#604=ORIENTED_EDGE('',*,*,#1020,.F.);
#605=ORIENTED_EDGE('',*,*,#1022,.F.);
#606=ORIENTED_EDGE('',*,*,#1024,.F.);
#607=ORIENTED_EDGE('',*,*,#1026,.F.);
#608=ORIENTED_EDGE('',*,*,#1029,.F.);
#609=ORIENTED_EDGE('',*,*,#1031,.F.);
#610=ORIENTED_EDGE('',*,*,#1033,.F.);
#611=ORIENTED_EDGE('',*,*,#1035,.F.);
#612=ORIENTED_EDGE('',*,*,#1037,.F.);
#613=ORIENTED_EDGE('',*,*,#1039,.F.);
#614=ORIENTED_EDGE('',*,*,#1065,.F.);
#615=ORIENTED_EDGE('',*,*,#864,.F.);
#616=ORIENTED_EDGE('',*,*,#1066,.F.);
#617=ORIENTED_EDGE('',*,*,#1054,.F.);
#618=ORIENTED_EDGE('',*,*,#1066,.T.);
#619=ORIENTED_EDGE('',*,*,#863,.F.);
#620=ORIENTED_EDGE('',*,*,#1067,.F.);
#621=ORIENTED_EDGE('',*,*,#1052,.F.);
#622=ORIENTED_EDGE('',*,*,#1065,.T.);
#623=ORIENTED_EDGE('',*,*,#1013,.F.);
#624=ORIENTED_EDGE('',*,*,#1068,.F.);
#625=ORIENTED_EDGE('',*,*,#1062,.F.);
#626=ORIENTED_EDGE('',*,*,#1067,.T.);
#627=ORIENTED_EDGE('',*,*,#862,.F.);
#628=ORIENTED_EDGE('',*,*,#1068,.T.);
#629=ORIENTED_EDGE('',*,*,#1049,.F.);
#630=ORIENTED_EDGE('',*,*,#1069,.F.);
#631=ORIENTED_EDGE('',*,*,#849,.F.);
#632=ORIENTED_EDGE('',*,*,#1070,.F.);
#633=ORIENTED_EDGE('',*,*,#1046,.F.);
#634=ORIENTED_EDGE('',*,*,#1070,.T.);
#635=ORIENTED_EDGE('',*,*,#848,.F.);
#636=ORIENTED_EDGE('',*,*,#1071,.F.);
#637=ORIENTED_EDGE('',*,*,#1044,.F.);
#638=ORIENTED_EDGE('',*,*,#1069,.T.);
#639=ORIENTED_EDGE('',*,*,#1009,.F.);
#640=ORIENTED_EDGE('',*,*,#1072,.F.);
#641=ORIENTED_EDGE('',*,*,#846,.F.);
#642=ORIENTED_EDGE('',*,*,#1071,.T.);
#643=ORIENTED_EDGE('',*,*,#847,.F.);
#644=ORIENTED_EDGE('',*,*,#1072,.T.);
#645=ORIENTED_EDGE('',*,*,#1041,.F.);
#646=ORIENTED_EDGE('',*,*,#1034,.F.);
#647=ORIENTED_EDGE('',*,*,#1073,.F.);
#648=ORIENTED_EDGE('',*,*,#852,.F.);
#649=ORIENTED_EDGE('',*,*,#1006,.F.);
#650=ORIENTED_EDGE('',*,*,#853,.F.);
#651=ORIENTED_EDGE('',*,*,#1073,.T.);
#652=ORIENTED_EDGE('',*,*,#1036,.F.);
#653=ORIENTED_EDGE('',*,*,#1074,.F.);
#654=ORIENTED_EDGE('',*,*,#850,.F.);
#655=ORIENTED_EDGE('',*,*,#1038,.F.);
#656=ORIENTED_EDGE('',*,*,#851,.F.);
#657=ORIENTED_EDGE('',*,*,#1074,.T.);
#658=ORIENTED_EDGE('',*,*,#1032,.F.);
#659=ORIENTED_EDGE('',*,*,#854,.F.);
#660=ORIENTED_EDGE('',*,*,#1030,.F.);
#661=ORIENTED_EDGE('',*,*,#855,.F.);
#662=ORIENTED_EDGE('',*,*,#1028,.F.);
#663=ORIENTED_EDGE('',*,*,#856,.F.);
#664=ORIENTED_EDGE('',*,*,#1023,.F.);
#665=ORIENTED_EDGE('',*,*,#1075,.F.);
#666=ORIENTED_EDGE('',*,*,#870,.F.);
#667=ORIENTED_EDGE('',*,*,#1005,.F.);
#668=ORIENTED_EDGE('',*,*,#1025,.F.);
#669=ORIENTED_EDGE('',*,*,#871,.F.);
#670=ORIENTED_EDGE('',*,*,#1075,.T.);
#671=ORIENTED_EDGE('',*,*,#1004,.F.);
#672=ORIENTED_EDGE('',*,*,#1021,.F.);
#673=ORIENTED_EDGE('',*,*,#860,.F.);
#674=ORIENTED_EDGE('',*,*,#1019,.F.);
#675=ORIENTED_EDGE('',*,*,#859,.F.);
#676=ORIENTED_EDGE('',*,*,#1017,.F.);
#677=ORIENTED_EDGE('',*,*,#858,.F.);
#678=ORIENTED_EDGE('',*,*,#1076,.T.);
#679=ORIENTED_EDGE('',*,*,#940,.F.);
#680=ORIENTED_EDGE('',*,*,#939,.F.);
#681=ORIENTED_EDGE('',*,*,#1027,.T.);
#682=ORIENTED_EDGE('',*,*,#1076,.F.);
#683=ORIENTED_EDGE('',*,*,#1077,.T.);
#684=ORIENTED_EDGE('',*,*,#1078,.T.);
#685=ORIENTED_EDGE('',*,*,#799,.F.);
#686=ORIENTED_EDGE('',*,*,#802,.F.);
#687=ORIENTED_EDGE('',*,*,#1079,.F.);
#688=ORIENTED_EDGE('',*,*,#896,.F.);
#689=ORIENTED_EDGE('',*,*,#914,.F.);
#690=ORIENTED_EDGE('',*,*,#1080,.T.);
#691=ORIENTED_EDGE('',*,*,#1079,.T.);
#692=ORIENTED_EDGE('',*,*,#801,.T.);
#693=ORIENTED_EDGE('',*,*,#795,.F.);
#694=ORIENTED_EDGE('',*,*,#1081,.T.);
#695=ORIENTED_EDGE('',*,*,#921,.F.);
#696=ORIENTED_EDGE('',*,*,#902,.F.);
#697=ORIENTED_EDGE('',*,*,#938,.F.);
#698=ORIENTED_EDGE('',*,*,#1082,.T.);
#699=ORIENTED_EDGE('',*,*,#1083,.T.);
#700=ORIENTED_EDGE('',*,*,#915,.T.);
#701=ORIENTED_EDGE('',*,*,#1084,.T.);
#702=ORIENTED_EDGE('',*,*,#1085,.T.);
#703=ORIENTED_EDGE('',*,*,#1086,.T.);
#704=ORIENTED_EDGE('',*,*,#1082,.F.);
#705=ORIENTED_EDGE('',*,*,#937,.T.);
#706=ORIENTED_EDGE('',*,*,#913,.F.);
#707=ORIENTED_EDGE('',*,*,#1087,.T.);
#708=ORIENTED_EDGE('',*,*,#1077,.F.);
#709=ORIENTED_EDGE('',*,*,#1080,.F.);
#710=ORIENTED_EDGE('',*,*,#1086,.F.);
#711=ORIENTED_EDGE('',*,*,#1088,.T.);
#712=ORIENTED_EDGE('',*,*,#916,.F.);
#713=ORIENTED_EDGE('',*,*,#1083,.F.);
#714=ORIENTED_EDGE('',*,*,#918,.F.);
#715=ORIENTED_EDGE('',*,*,#1089,.T.);
#716=ORIENTED_EDGE('',*,*,#1084,.F.);
#717=ORIENTED_EDGE('',*,*,#936,.F.);
#718=ORIENTED_EDGE('',*,*,#983,.F.);
#719=ORIENTED_EDGE('',*,*,#1090,.F.);
#720=ORIENTED_EDGE('',*,*,#987,.F.);
#721=ORIENTED_EDGE('',*,*,#1091,.F.);
#722=ORIENTED_EDGE('',*,*,#876,.F.);
#723=ORIENTED_EDGE('',*,*,#986,.T.);
#724=ORIENTED_EDGE('',*,*,#843,.T.);
#725=ORIENTED_EDGE('',*,*,#1056,.T.);
#726=ORIENTED_EDGE('',*,*,#1091,.T.);
#727=ORIENTED_EDGE('',*,*,#1090,.T.);
#728=ORIENTED_EDGE('',*,*,#819,.T.);
#729=ORIENTED_EDGE('',*,*,#949,.T.);
#730=ORIENTED_EDGE('',*,*,#941,.T.);
#731=ORIENTED_EDGE('',*,*,#781,.F.);
#732=ORIENTED_EDGE('',*,*,#946,.F.);
#733=ORIENTED_EDGE('',*,*,#965,.T.);
#734=ORIENTED_EDGE('',*,*,#968,.T.);
#735=ORIENTED_EDGE('',*,*,#777,.F.);
#736=ORIENTED_EDGE('',*,*,#808,.F.);
#737=ORIENTED_EDGE('',*,*,#1058,.F.);
#738=ORIENTED_EDGE('',*,*,#840,.F.);
#739=ORIENTED_EDGE('',*,*,#1063,.F.);
#740=ORIENTED_EDGE('',*,*,#1060,.F.);
#741=ORIENTED_EDGE('',*,*,#1000,.F.);
#742=ORIENTED_EDGE('',*,*,#831,.F.);
#743=ORIENTED_EDGE('',*,*,#971,.F.);
#744=ORIENTED_EDGE('',*,*,#1002,.F.);
#745=ORIENTED_EDGE('',*,*,#993,.F.);
#746=ORIENTED_EDGE('',*,*,#811,.F.);
#747=ORIENTED_EDGE('',*,*,#995,.F.);
#748=ORIENTED_EDGE('',*,*,#961,.T.);
#749=ORIENTED_EDGE('',*,*,#893,.T.);
#750=ORIENTED_EDGE('',*,*,#1085,.F.);
#751=ORIENTED_EDGE('',*,*,#1089,.F.);
#752=ORIENTED_EDGE('',*,*,#1092,.F.);
#753=ORIENTED_EDGE('',*,*,#1088,.F.);
#754=ORIENTED_EDGE('',*,*,#917,.F.);
#755=ORIENTED_EDGE('',*,*,#1092,.T.);
#756=ORIENTED_EDGE('',*,*,#1093,.T.);
#757=ORIENTED_EDGE('',*,*,#793,.F.);
#758=ORIENTED_EDGE('',*,*,#794,.T.);
#759=ORIENTED_EDGE('',*,*,#1093,.F.);
#760=ORIENTED_EDGE('',*,*,#792,.T.);
#761=ORIENTED_EDGE('',*,*,#1078,.F.);
#762=ORIENTED_EDGE('',*,*,#1087,.F.);
#763=ORIENTED_EDGE('',*,*,#1094,.F.);
#764=ORIENTED_EDGE('',*,*,#911,.T.);
#765=ORIENTED_EDGE('',*,*,#1081,.F.);
#766=ORIENTED_EDGE('',*,*,#894,.T.);
#767=ORIENTED_EDGE('',*,*,#1094,.T.);
#768=ORIENTED_EDGE('',*,*,#912,.F.);
#769=EDGE_CURVE('',#1095,#1096,#1321,.T.);
#770=EDGE_CURVE('',#1095,#1097,#1322,.T.);
#771=EDGE_CURVE('',#1097,#1098,#1323,.T.);
#772=EDGE_CURVE('',#1098,#1099,#1324,.T.);
#773=EDGE_CURVE('',#1100,#1099,#1325,.T.);
#774=EDGE_CURVE('',#1100,#1101,#1326,.T.);
#775=EDGE_CURVE('',#1101,#1096,#1327,.T.);
#776=EDGE_CURVE('',#1102,#1103,#1328,.T.);
#777=EDGE_CURVE('',#1103,#1104,#1329,.T.);
#778=EDGE_CURVE('',#1105,#1104,#1330,.T.);
#779=EDGE_CURVE('',#1105,#1102,#1331,.T.);
#780=EDGE_CURVE('',#1106,#1107,#1332,.T.);
#781=EDGE_CURVE('',#1106,#1108,#1333,.T.);
#782=EDGE_CURVE('',#1108,#1109,#1334,.T.);
#783=EDGE_CURVE('',#1109,#1107,#1335,.T.);
#784=EDGE_CURVE('',#1110,#1111,#1336,.T.);
#785=EDGE_CURVE('',#1110,#1112,#1337,.T.);
#786=EDGE_CURVE('',#1112,#1113,#1338,.T.);
#787=EDGE_CURVE('',#1114,#1113,#1339,.T.);
#788=EDGE_CURVE('',#1115,#1114,#1340,.T.);
#789=EDGE_CURVE('',#1115,#1116,#1341,.T.);
#790=EDGE_CURVE('',#1117,#1116,#1342,.T.);
#791=EDGE_CURVE('',#1117,#1111,#1343,.T.);
#792=EDGE_CURVE('',#1118,#1119,#1344,.T.);
#793=EDGE_CURVE('',#1118,#1120,#1345,.T.);
#794=EDGE_CURVE('',#1121,#1120,#1346,.F.);
#795=EDGE_CURVE('',#1121,#1122,#1347,.T.);
#796=EDGE_CURVE('',#1122,#1123,#1348,.T.);
#797=EDGE_CURVE('',#1124,#1123,#1349,.T.);
#798=EDGE_CURVE('',#1125,#1124,#1350,.T.);
#799=EDGE_CURVE('',#1125,#1119,#1351,.T.);
#800=EDGE_CURVE('',#1126,#1127,#1352,.T.);
#801=EDGE_CURVE('',#1128,#1127,#1353,.T.);
#802=EDGE_CURVE('',#1128,#1125,#1354,.T.);
#803=EDGE_CURVE('',#1129,#1124,#1355,.T.);
#804=EDGE_CURVE('',#1129,#1130,#1356,.T.);
#805=EDGE_CURVE('',#1131,#1130,#1357,.T.);
#806=EDGE_CURVE('',#1126,#1131,#1358,.T.);
#807=EDGE_CURVE('',#1132,#1133,#1359,.T.);
#808=EDGE_CURVE('',#1133,#1103,#1360,.T.);
#809=EDGE_CURVE('',#1102,#1132,#1361,.T.);
#810=EDGE_CURVE('',#1134,#1135,#1362,.T.);
#811=EDGE_CURVE('',#1135,#1136,#1363,.T.);
#812=EDGE_CURVE('',#1137,#1136,#1364,.T.);
#813=EDGE_CURVE('',#1137,#1134,#1365,.T.);
#814=EDGE_CURVE('',#1138,#1139,#1366,.T.);
#815=EDGE_CURVE('',#1138,#1140,#1367,.T.);
#816=EDGE_CURVE('',#1140,#1141,#1368,.T.);
#817=EDGE_CURVE('',#1139,#1141,#1369,.T.);
#818=EDGE_CURVE('',#1142,#1143,#1370,.T.);
#819=EDGE_CURVE('',#1106,#1143,#1371,.T.);
#820=EDGE_CURVE('',#1107,#1144,#1372,.T.);
#821=EDGE_CURVE('',#1145,#1144,#1373,.T.);
#822=EDGE_CURVE('',#1145,#1146,#1374,.T.);
#823=EDGE_CURVE('',#1146,#1099,#1375,.T.);
#824=EDGE_CURVE('',#1147,#1098,#1376,.T.);
#825=EDGE_CURVE('',#1148,#1147,#54,.T.);
#826=EDGE_CURVE('',#1148,#1149,#1377,.T.);
#827=EDGE_CURVE('',#1150,#1149,#1378,.T.);
#828=EDGE_CURVE('',#1150,#1151,#1379,.T.);
#829=EDGE_CURVE('',#1142,#1151,#55,.T.);
#830=EDGE_CURVE('',#1152,#1153,#1380,.T.);
#831=EDGE_CURVE('',#1153,#1154,#1381,.T.);
#832=EDGE_CURVE('',#1155,#1154,#1382,.T.);
#833=EDGE_CURVE('',#1156,#1155,#1383,.T.);
#834=EDGE_CURVE('',#1157,#1156,#1384,.T.);
#835=EDGE_CURVE('',#1158,#1157,#1385,.T.);
#836=EDGE_CURVE('',#1158,#1159,#1386,.T.);
#837=EDGE_CURVE('',#1159,#1160,#1387,.T.);
#838=EDGE_CURVE('',#1160,#1131,#1388,.T.);
#839=EDGE_CURVE('',#1161,#1130,#1389,.T.);
#840=EDGE_CURVE('',#1161,#1162,#1390,.T.);
#841=EDGE_CURVE('',#1163,#1162,#1391,.T.);
#842=EDGE_CURVE('',#1164,#1163,#1392,.T.);
#843=EDGE_CURVE('',#1165,#1164,#1393,.T.);
#844=EDGE_CURVE('',#1165,#1166,#1394,.T.);
#845=EDGE_CURVE('',#1166,#1152,#1395,.T.);
#846=EDGE_CURVE('',#1167,#1168,#1396,.T.);
#847=EDGE_CURVE('',#1168,#1169,#1397,.T.);
#848=EDGE_CURVE('',#1169,#1170,#1398,.T.);
#849=EDGE_CURVE('',#1170,#1167,#1399,.T.);
#850=EDGE_CURVE('',#1171,#1172,#56,.T.);
#851=EDGE_CURVE('',#1172,#1171,#57,.T.);
#852=EDGE_CURVE('',#1173,#1174,#58,.T.);
#853=EDGE_CURVE('',#1174,#1173,#59,.T.);
#854=EDGE_CURVE('',#1175,#1175,#60,.T.);
#855=EDGE_CURVE('',#1176,#1176,#61,.T.);
#856=EDGE_CURVE('',#1177,#1177,#62,.T.);
#857=EDGE_CURVE('',#1178,#1178,#63,.T.);
#858=EDGE_CURVE('',#1179,#1179,#64,.T.);
#859=EDGE_CURVE('',#1180,#1180,#65,.T.);
#860=EDGE_CURVE('',#1181,#1181,#66,.T.);
#861=EDGE_CURVE('',#1182,#1183,#1400,.T.);
#862=EDGE_CURVE('',#1182,#1184,#1401,.T.);
#863=EDGE_CURVE('',#1184,#1185,#1402,.T.);
#864=EDGE_CURVE('',#1185,#1186,#1403,.T.);
#865=EDGE_CURVE('',#1187,#1186,#1404,.T.);
#866=EDGE_CURVE('',#1129,#1187,#1405,.T.);
#867=EDGE_CURVE('',#1123,#1188,#1406,.T.);
#868=EDGE_CURVE('',#1188,#1189,#1407,.T.);
#869=EDGE_CURVE('',#1190,#1189,#1408,.T.);
#870=EDGE_CURVE('',#1190,#1191,#67,.T.);
#871=EDGE_CURVE('',#1191,#1192,#68,.T.);
#872=EDGE_CURVE('',#1193,#1192,#1409,.T.);
#873=EDGE_CURVE('',#1193,#1194,#1410,.T.);
#874=EDGE_CURVE('',#1194,#1195,#1411,.T.);
#875=EDGE_CURVE('',#1195,#1196,#1412,.T.);
#876=EDGE_CURVE('',#1196,#1197,#1413,.T.);
#877=EDGE_CURVE('',#1198,#1197,#1414,.T.);
#878=EDGE_CURVE('',#1183,#1198,#1415,.T.);
#879=EDGE_CURVE('',#1199,#1157,#1416,.T.);
#880=EDGE_CURVE('',#1199,#1200,#1417,.T.);
#881=EDGE_CURVE('',#1200,#1201,#1418,.T.);
#882=EDGE_CURVE('',#1202,#1201,#1419,.T.);
#883=EDGE_CURVE('',#1203,#1202,#1420,.T.);
#884=EDGE_CURVE('',#1203,#1204,#1421,.T.);
#885=EDGE_CURVE('',#1204,#1158,#1422,.T.);
#886=EDGE_CURVE('',#1200,#1205,#1423,.T.);
#887=EDGE_CURVE('',#1205,#1206,#1424,.T.);
#888=EDGE_CURVE('',#1201,#1206,#1425,.T.);
#889=EDGE_CURVE('',#1202,#1207,#1426,.T.);
#890=EDGE_CURVE('',#1206,#1207,#1427,.T.);
#891=EDGE_CURVE('',#1208,#1207,#1428,.T.);
#892=EDGE_CURVE('',#1203,#1208,#1429,.T.);
#893=EDGE_CURVE('',#1209,#1209,#69,.T.);
#894=EDGE_CURVE('',#1210,#1210,#70,.T.);
#895=EDGE_CURVE('',#1211,#1212,#1430,.T.);
#896=EDGE_CURVE('',#1211,#1127,#71,.T.);
#897=EDGE_CURVE('',#1213,#1126,#1431,.T.);
#898=EDGE_CURVE('',#1214,#1213,#1432,.T.);
#899=EDGE_CURVE('',#1204,#1214,#1433,.T.);
#900=EDGE_CURVE('',#1215,#1208,#1434,.T.);
#901=EDGE_CURVE('',#1216,#1215,#1435,.T.);
#902=EDGE_CURVE('',#1216,#1212,#72,.T.);
#903=EDGE_CURVE('',#1139,#1217,#1436,.T.);
#904=EDGE_CURVE('',#1218,#1141,#1437,.T.);
#905=EDGE_CURVE('',#1217,#1218,#1438,.T.);
#906=EDGE_CURVE('',#1218,#1140,#1439,.T.);
#907=EDGE_CURVE('',#1217,#1138,#1440,.T.);
#908=EDGE_CURVE('',#1219,#1116,#1441,.T.);
#909=EDGE_CURVE('',#1220,#1219,#1442,.T.);
#910=EDGE_CURVE('',#1117,#1220,#1443,.T.);
#911=EDGE_CURVE('',#1221,#1222,#1444,.T.);
#912=EDGE_CURVE('',#1221,#1223,#1445,.T.);
#913=EDGE_CURVE('',#1223,#1224,#1446,.T.);
#914=EDGE_CURVE('',#1224,#1211,#1447,.T.);
#915=EDGE_CURVE('',#1225,#1212,#1448,.T.);
#916=EDGE_CURVE('',#1225,#1226,#1449,.T.);
#917=EDGE_CURVE('',#1226,#1227,#1450,.T.);
#918=EDGE_CURVE('',#1227,#1228,#1451,.T.);
#919=EDGE_CURVE('',#1228,#1115,#1452,.T.);
#920=EDGE_CURVE('',#1188,#1114,#1453,.T.);
#921=EDGE_CURVE('',#1122,#1222,#1454,.T.);
#922=EDGE_CURVE('',#1229,#1230,#1455,.T.);
#923=EDGE_CURVE('',#1205,#1230,#1456,.T.);
#924=EDGE_CURVE('',#1199,#1231,#1457,.T.);
#925=EDGE_CURVE('',#1231,#1232,#1458,.T.);
#926=EDGE_CURVE('',#1232,#1233,#1459,.T.);
#927=EDGE_CURVE('',#1233,#1229,#1460,.T.);
#928=EDGE_CURVE('',#1230,#1234,#1461,.T.);
#929=EDGE_CURVE('',#1235,#1234,#1462,.T.);
#930=EDGE_CURVE('',#1144,#1235,#1463,.T.);
#931=EDGE_CURVE('',#1236,#1109,#1464,.T.);
#932=EDGE_CURVE('',#1236,#1215,#1465,.T.);
#933=EDGE_CURVE('',#1237,#1236,#1466,.T.);
#934=EDGE_CURVE('',#1237,#1238,#1467,.T.);
#935=EDGE_CURVE('',#1219,#1238,#1468,.T.);
#936=EDGE_CURVE('',#1228,#1239,#1469,.T.);
#937=EDGE_CURVE('',#1240,#1239,#1470,.T.);
#938=EDGE_CURVE('',#1240,#1216,#1471,.T.);
#939=EDGE_CURVE('',#1241,#1242,#73,.T.);
#940=EDGE_CURVE('',#1242,#1241,#74,.T.);
#941=EDGE_CURVE('',#1243,#1108,#1472,.T.);
#942=EDGE_CURVE('',#1243,#1096,#1473,.T.);
#943=EDGE_CURVE('',#1244,#1101,#1474,.T.);
#944=EDGE_CURVE('',#1245,#1244,#1475,.T.);
#945=EDGE_CURVE('',#1245,#1246,#1476,.T.);
#946=EDGE_CURVE('',#1246,#1133,#1477,.T.);
#947=EDGE_CURVE('',#1132,#1237,#1478,.T.);
#948=EDGE_CURVE('',#1247,#1095,#1479,.T.);
#949=EDGE_CURVE('',#1143,#1243,#1480,.T.);
#950=EDGE_CURVE('',#1142,#1247,#1481,.T.);
#951=EDGE_CURVE('',#1248,#1097,#1482,.T.);
#952=EDGE_CURVE('',#1147,#1248,#1483,.T.);
#953=EDGE_CURVE('',#1249,#1247,#75,.F.);
#954=EDGE_CURVE('',#1249,#1250,#1484,.T.);
#955=EDGE_CURVE('',#1250,#1251,#1485,.T.);
#956=EDGE_CURVE('',#1251,#1252,#1486,.T.);
#957=EDGE_CURVE('',#1248,#1252,#76,.F.);
#958=EDGE_CURVE('',#1253,#1254,#1487,.T.);
#959=EDGE_CURVE('',#1254,#1255,#1488,.T.);
#960=EDGE_CURVE('',#1256,#1255,#1489,.T.);
#961=EDGE_CURVE('',#1253,#1256,#1490,.T.);
#962=EDGE_CURVE('',#1146,#1257,#1491,.T.);
#963=EDGE_CURVE('',#1257,#1100,#1492,.T.);
#964=EDGE_CURVE('',#1244,#1257,#1493,.T.);
#965=EDGE_CURVE('',#1246,#1258,#1494,.T.);
#966=EDGE_CURVE('',#1259,#1245,#1495,.T.);
#967=EDGE_CURVE('',#1259,#1258,#1496,.T.);
#968=EDGE_CURVE('',#1258,#1104,#1497,.T.);
#969=EDGE_CURVE('',#1105,#1259,#1498,.T.);
#970=EDGE_CURVE('',#1229,#1260,#1499,.T.);
#971=EDGE_CURVE('',#1260,#1153,#1500,.T.);
#972=EDGE_CURVE('',#1152,#1261,#1501,.T.);
#973=EDGE_CURVE('',#1261,#1234,#1502,.T.);
#974=EDGE_CURVE('',#1262,#1261,#1503,.T.);
#975=EDGE_CURVE('',#1263,#1262,#1504,.T.);
#976=EDGE_CURVE('',#1263,#1264,#1505,.T.);
#977=EDGE_CURVE('',#1264,#1235,#1506,.T.);
#978=EDGE_CURVE('',#1264,#1145,#1507,.T.);
#979=EDGE_CURVE('',#1111,#1265,#1508,.T.);
#980=EDGE_CURVE('',#1220,#1265,#1509,.T.);
#981=EDGE_CURVE('',#1265,#1238,#1510,.T.);
#982=EDGE_CURVE('',#1262,#1166,#1511,.T.);
#983=EDGE_CURVE('',#1266,#1266,#77,.T.);
#984=EDGE_CURVE('',#1195,#1110,#1512,.T.);
#985=EDGE_CURVE('',#1263,#1165,#1513,.T.);
#986=EDGE_CURVE('',#1196,#1165,#1514,.T.);
#987=EDGE_CURVE('',#1267,#1267,#78,.T.);
#988=EDGE_CURVE('',#1252,#1148,#1515,.F.);
#989=EDGE_CURVE('',#1149,#1251,#1516,.T.);
#990=EDGE_CURVE('',#1250,#1150,#1517,.T.);
#991=EDGE_CURVE('',#1151,#1249,#1518,.T.);
#992=EDGE_CURVE('',#1255,#1137,#1519,.T.);
#993=EDGE_CURVE('',#1136,#1256,#1520,.F.);
#994=EDGE_CURVE('',#1254,#1134,#1521,.T.);
#995=EDGE_CURVE('',#1253,#1135,#1522,.F.);
#996=EDGE_CURVE('',#1213,#1160,#1523,.T.);
#997=EDGE_CURVE('',#1214,#1159,#1524,.T.);
#998=EDGE_CURVE('',#1231,#1156,#1525,.T.);
#999=EDGE_CURVE('',#1232,#1155,#1526,.T.);
#1000=EDGE_CURVE('',#1154,#1268,#1527,.T.);
#1001=EDGE_CURVE('',#1233,#1268,#1528,.T.);
#1002=EDGE_CURVE('',#1268,#1260,#1529,.T.);
#1003=EDGE_CURVE('',#1192,#1190,#1530,.T.);
#1004=EDGE_CURVE('',#1192,#1269,#79,.T.);
#1005=EDGE_CURVE('',#1269,#1190,#80,.T.);
#1006=EDGE_CURVE('',#1270,#1270,#81,.F.);
#1007=EDGE_CURVE('',#1271,#1271,#82,.F.);
#1008=EDGE_CURVE('',#1272,#1273,#1531,.T.);
#1009=EDGE_CURVE('',#1273,#1274,#1532,.T.);
#1010=EDGE_CURVE('',#1275,#1274,#1533,.T.);
#1011=EDGE_CURVE('',#1272,#1275,#1534,.T.);
#1012=EDGE_CURVE('',#1276,#1277,#1535,.T.);
#1013=EDGE_CURVE('',#1277,#1278,#1536,.T.);
#1014=EDGE_CURVE('',#1279,#1278,#1537,.T.);
#1015=EDGE_CURVE('',#1276,#1279,#1538,.T.);
#1016=EDGE_CURVE('',#1112,#1194,#1539,.T.);
#1017=EDGE_CURVE('',#1280,#1280,#83,.F.);
#1018=EDGE_CURVE('',#1281,#1281,#84,.F.);
#1019=EDGE_CURVE('',#1282,#1282,#85,.F.);
#1020=EDGE_CURVE('',#1283,#1283,#86,.F.);
#1021=EDGE_CURVE('',#1284,#1284,#87,.F.);
#1022=EDGE_CURVE('',#1285,#1285,#88,.F.);
#1023=EDGE_CURVE('',#1286,#1286,#89,.F.);
#1024=EDGE_CURVE('',#1287,#1287,#90,.F.);
#1025=EDGE_CURVE('',#1288,#1288,#91,.F.);
#1026=EDGE_CURVE('',#1289,#1289,#92,.F.);
#1027=EDGE_CURVE('',#1290,#1290,#93,.T.);
#1028=EDGE_CURVE('',#1291,#1291,#94,.F.);
#1029=EDGE_CURVE('',#1292,#1292,#95,.F.);
#1030=EDGE_CURVE('',#1293,#1293,#96,.F.);
#1031=EDGE_CURVE('',#1294,#1294,#97,.F.);
#1032=EDGE_CURVE('',#1295,#1295,#98,.F.);
#1033=EDGE_CURVE('',#1296,#1296,#99,.F.);
#1034=EDGE_CURVE('',#1297,#1297,#100,.F.);
#1035=EDGE_CURVE('',#1298,#1298,#101,.F.);
#1036=EDGE_CURVE('',#1299,#1299,#102,.F.);
#1037=EDGE_CURVE('',#1300,#1300,#103,.F.);
#1038=EDGE_CURVE('',#1301,#1301,#104,.F.);
#1039=EDGE_CURVE('',#1302,#1302,#105,.F.);
#1040=EDGE_CURVE('',#1303,#1304,#1540,.T.);
#1041=EDGE_CURVE('',#1304,#1273,#1541,.T.);
#1042=EDGE_CURVE('',#1272,#1303,#1542,.T.);
#1043=EDGE_CURVE('',#1305,#1306,#1543,.T.);
#1044=EDGE_CURVE('',#1306,#1304,#1544,.T.);
#1045=EDGE_CURVE('',#1303,#1305,#1545,.T.);
#1046=EDGE_CURVE('',#1274,#1306,#1546,.T.);
#1047=EDGE_CURVE('',#1275,#1305,#1547,.T.);
#1048=EDGE_CURVE('',#1307,#1308,#1548,.T.);
#1049=EDGE_CURVE('',#1308,#1277,#1549,.T.);
#1050=EDGE_CURVE('',#1276,#1307,#1550,.T.);
#1051=EDGE_CURVE('',#1309,#1310,#1551,.T.);
#1052=EDGE_CURVE('',#1310,#1308,#1552,.T.);
#1053=EDGE_CURVE('',#1307,#1309,#1553,.T.);
#1054=EDGE_CURVE('',#1278,#1310,#1554,.T.);
#1055=EDGE_CURVE('',#1279,#1309,#1555,.T.);
#1056=EDGE_CURVE('',#1164,#1197,#1556,.T.);
#1057=EDGE_CURVE('',#1163,#1198,#1557,.T.);
#1058=EDGE_CURVE('',#1162,#1311,#1558,.T.);
#1059=EDGE_CURVE('',#1311,#1183,#1559,.T.);
#1060=EDGE_CURVE('',#1311,#1312,#1560,.T.);
#1061=EDGE_CURVE('',#1312,#1187,#1561,.T.);
#1062=EDGE_CURVE('',#1186,#1182,#1562,.T.);
#1063=EDGE_CURVE('',#1312,#1161,#1563,.T.);
#1064=EDGE_CURVE('',#1113,#1193,#1564,.T.);
#1065=EDGE_CURVE('',#1186,#1278,#1565,.T.);
#1066=EDGE_CURVE('',#1310,#1185,#1566,.T.);
#1067=EDGE_CURVE('',#1308,#1184,#1567,.F.);
#1068=EDGE_CURVE('',#1182,#1277,#1568,.T.);
#1069=EDGE_CURVE('',#1167,#1274,#1569,.T.);
#1070=EDGE_CURVE('',#1306,#1170,#1570,.T.);
#1071=EDGE_CURVE('',#1304,#1169,#1571,.F.);
#1072=EDGE_CURVE('',#1168,#1273,#1572,.T.);
#1073=EDGE_CURVE('',#1174,#1173,#17,.T.);
#1074=EDGE_CURVE('',#1172,#1171,#18,.T.);
#1075=EDGE_CURVE('',#1191,#1269,#19,.T.);
#1076=EDGE_CURVE('',#1313,#1313,#106,.T.);
#1077=EDGE_CURVE('',#1314,#1315,#1573,.T.);
#1078=EDGE_CURVE('',#1315,#1119,#107,.T.);
#1079=EDGE_CURVE('',#1314,#1128,#108,.T.);
#1080=EDGE_CURVE('',#1224,#1314,#12,.T.);
#1081=EDGE_CURVE('',#1121,#1222,#109,.T.);
#1082=EDGE_CURVE('',#1240,#1316,#110,.T.);
#1083=EDGE_CURVE('',#1316,#1225,#13,.T.);
#1084=EDGE_CURVE('',#1239,#1317,#1574,.T.);
#1085=EDGE_CURVE('',#1317,#1318,#111,.T.);
#1086=EDGE_CURVE('',#1318,#1316,#1575,.T.);
#1087=EDGE_CURVE('',#1223,#1315,#14,.T.);
#1088=EDGE_CURVE('',#1318,#1226,#15,.T.);
#1089=EDGE_CURVE('',#1227,#1317,#16,.T.);
#1090=EDGE_CURVE('',#1319,#1319,#112,.T.);
#1091=EDGE_CURVE('',#1320,#1320,#113,.T.);
#1092=EDGE_CURVE('',#1226,#1227,#114,.T.);
#1093=EDGE_CURVE('',#1118,#1120,#115,.T.);
#1094=EDGE_CURVE('',#1221,#1223,#116,.T.);
#1095=VERTEX_POINT('',#3373);
#1096=VERTEX_POINT('',#3374);
#1097=VERTEX_POINT('',#3376);
#1098=VERTEX_POINT('',#3378);
#1099=VERTEX_POINT('',#3380);
#1100=VERTEX_POINT('',#3382);
#1101=VERTEX_POINT('',#3384);
#1102=VERTEX_POINT('',#3388);
#1103=VERTEX_POINT('',#3389);
#1104=VERTEX_POINT('',#3391);
#1105=VERTEX_POINT('',#3393);
#1106=VERTEX_POINT('',#3397);
#1107=VERTEX_POINT('',#3398);
#1108=VERTEX_POINT('',#3400);
#1109=VERTEX_POINT('',#3402);
#1110=VERTEX_POINT('',#3406);
#1111=VERTEX_POINT('',#3407);
#1112=VERTEX_POINT('',#3409);
#1113=VERTEX_POINT('',#3411);
#1114=VERTEX_POINT('',#3413);
#1115=VERTEX_POINT('',#3415);
#1116=VERTEX_POINT('',#3417);
#1117=VERTEX_POINT('',#3419);
#1118=VERTEX_POINT('',#3423);
#1119=VERTEX_POINT('',#3424);
#1120=VERTEX_POINT('',#3426);
#1121=VERTEX_POINT('',#3428);
#1122=VERTEX_POINT('',#3430);
#1123=VERTEX_POINT('',#3432);
#1124=VERTEX_POINT('',#3434);
#1125=VERTEX_POINT('',#3436);
#1126=VERTEX_POINT('',#3440);
#1127=VERTEX_POINT('',#3441);
#1128=VERTEX_POINT('',#3443);
#1129=VERTEX_POINT('',#3446);
#1130=VERTEX_POINT('',#3448);
#1131=VERTEX_POINT('',#3450);
#1132=VERTEX_POINT('',#3454);
#1133=VERTEX_POINT('',#3455);
#1134=VERTEX_POINT('',#3460);
#1135=VERTEX_POINT('',#3461);
#1136=VERTEX_POINT('',#3463);
#1137=VERTEX_POINT('',#3465);
#1138=VERTEX_POINT('',#3468);
#1139=VERTEX_POINT('',#3469);
#1140=VERTEX_POINT('',#3471);
#1141=VERTEX_POINT('',#3473);
#1142=VERTEX_POINT('',#3476);
#1143=VERTEX_POINT('',#3477);
#1144=VERTEX_POINT('',#3480);
#1145=VERTEX_POINT('',#3482);
#1146=VERTEX_POINT('',#3484);
#1147=VERTEX_POINT('',#3487);
#1148=VERTEX_POINT('',#3489);
#1149=VERTEX_POINT('',#3491);
#1150=VERTEX_POINT('',#3493);
#1151=VERTEX_POINT('',#3495);
#1152=VERTEX_POINT('',#3499);
#1153=VERTEX_POINT('',#3500);
#1154=VERTEX_POINT('',#3502);
#1155=VERTEX_POINT('',#3504);
#1156=VERTEX_POINT('',#3506);
#1157=VERTEX_POINT('',#3508);
#1158=VERTEX_POINT('',#3510);
#1159=VERTEX_POINT('',#3512);
#1160=VERTEX_POINT('',#3514);
#1161=VERTEX_POINT('',#3517);
#1162=VERTEX_POINT('',#3519);
#1163=VERTEX_POINT('',#3521);
#1164=VERTEX_POINT('',#3523);
#1165=VERTEX_POINT('',#3525);
#1166=VERTEX_POINT('',#3527);
#1167=VERTEX_POINT('',#3531);
#1168=VERTEX_POINT('',#3532);
#1169=VERTEX_POINT('',#3534);
#1170=VERTEX_POINT('',#3536);
#1171=VERTEX_POINT('',#3539);
#1172=VERTEX_POINT('',#3540);
#1173=VERTEX_POINT('',#3543);
#1174=VERTEX_POINT('',#3544);
#1175=VERTEX_POINT('',#3547);
#1176=VERTEX_POINT('',#3549);
#1177=VERTEX_POINT('',#3551);
#1178=VERTEX_POINT('',#3553);
#1179=VERTEX_POINT('',#3555);
#1180=VERTEX_POINT('',#3557);
#1181=VERTEX_POINT('',#3559);
#1182=VERTEX_POINT('',#3561);
#1183=VERTEX_POINT('',#3562);
#1184=VERTEX_POINT('',#3564);
#1185=VERTEX_POINT('',#3566);
#1186=VERTEX_POINT('',#3568);
#1187=VERTEX_POINT('',#3570);
#1188=VERTEX_POINT('',#3573);
#1189=VERTEX_POINT('',#3575);
#1190=VERTEX_POINT('',#3577);
#1191=VERTEX_POINT('',#3579);
#1192=VERTEX_POINT('',#3581);
#1193=VERTEX_POINT('',#3583);
#1194=VERTEX_POINT('',#3585);
#1195=VERTEX_POINT('',#3587);
#1196=VERTEX_POINT('',#3589);
#1197=VERTEX_POINT('',#3591);
#1198=VERTEX_POINT('',#3593);
#1199=VERTEX_POINT('',#3597);
#1200=VERTEX_POINT('',#3599);
#1201=VERTEX_POINT('',#3601);
#1202=VERTEX_POINT('',#3603);
#1203=VERTEX_POINT('',#3605);
#1204=VERTEX_POINT('',#3607);
#1205=VERTEX_POINT('',#3611);
#1206=VERTEX_POINT('',#3613);
#1207=VERTEX_POINT('',#3617);
#1208=VERTEX_POINT('',#3621);
#1209=VERTEX_POINT('',#3625);
#1210=VERTEX_POINT('',#3627);
#1211=VERTEX_POINT('',#3629);
#1212=VERTEX_POINT('',#3630);
#1213=VERTEX_POINT('',#3633);
#1214=VERTEX_POINT('',#3635);
#1215=VERTEX_POINT('',#3638);
#1216=VERTEX_POINT('',#3640);
#1217=VERTEX_POINT('',#3644);
#1218=VERTEX_POINT('',#3646);
#1219=VERTEX_POINT('',#3655);
#1220=VERTEX_POINT('',#3657);
#1221=VERTEX_POINT('',#3661);
#1222=VERTEX_POINT('',#3662);
#1223=VERTEX_POINT('',#3664);
#1224=VERTEX_POINT('',#3666);
#1225=VERTEX_POINT('',#3669);
#1226=VERTEX_POINT('',#3671);
#1227=VERTEX_POINT('',#3673);
#1228=VERTEX_POINT('',#3675);
#1229=VERTEX_POINT('',#3681);
#1230=VERTEX_POINT('',#3682);
#1231=VERTEX_POINT('',#3685);
#1232=VERTEX_POINT('',#3687);
#1233=VERTEX_POINT('',#3689);
#1234=VERTEX_POINT('',#3693);
#1235=VERTEX_POINT('',#3695);
#1236=VERTEX_POINT('',#3698);
#1237=VERTEX_POINT('',#3702);
#1238=VERTEX_POINT('',#3704);
#1239=VERTEX_POINT('',#3707);
#1240=VERTEX_POINT('',#3709);
#1241=VERTEX_POINT('',#3713);
#1242=VERTEX_POINT('',#3714);
#1243=VERTEX_POINT('',#3717);
#1244=VERTEX_POINT('',#3720);
#1245=VERTEX_POINT('',#3722);
#1246=VERTEX_POINT('',#3724);
#1247=VERTEX_POINT('',#3729);
#1248=VERTEX_POINT('',#3734);
#1249=VERTEX_POINT('',#3738);
#1250=VERTEX_POINT('',#3740);
#1251=VERTEX_POINT('',#3742);
#1252=VERTEX_POINT('',#3744);
#1253=VERTEX_POINT('',#3747);
#1254=VERTEX_POINT('',#3748);
#1255=VERTEX_POINT('',#3750);
#1256=VERTEX_POINT('',#3752);
#1257=VERTEX_POINT('',#3756);
#1258=VERTEX_POINT('',#3762);
#1259=VERTEX_POINT('',#3764);
#1260=VERTEX_POINT('',#3771);
#1261=VERTEX_POINT('',#3774);
#1262=VERTEX_POINT('',#3778);
#1263=VERTEX_POINT('',#3780);
#1264=VERTEX_POINT('',#3782);
#1265=VERTEX_POINT('',#3788);
#1266=VERTEX_POINT('',#3796);
#1267=VERTEX_POINT('',#3801);
#1268=VERTEX_POINT('',#3830);
#1269=VERTEX_POINT('',#3837);
#1270=VERTEX_POINT('',#3841);
#1271=VERTEX_POINT('',#3843);
#1272=VERTEX_POINT('',#3846);
#1273=VERTEX_POINT('',#3847);
#1274=VERTEX_POINT('',#3849);
#1275=VERTEX_POINT('',#3851);
#1276=VERTEX_POINT('',#3855);
#1277=VERTEX_POINT('',#3856);
#1278=VERTEX_POINT('',#3858);
#1279=VERTEX_POINT('',#3860);
#1280=VERTEX_POINT('',#3866);
#1281=VERTEX_POINT('',#3868);
#1282=VERTEX_POINT('',#3871);
#1283=VERTEX_POINT('',#3873);
#1284=VERTEX_POINT('',#3876);
#1285=VERTEX_POINT('',#3878);
#1286=VERTEX_POINT('',#3881);
#1287=VERTEX_POINT('',#3883);
#1288=VERTEX_POINT('',#3886);
#1289=VERTEX_POINT('',#3888);
#1290=VERTEX_POINT('',#3891);
#1291=VERTEX_POINT('',#3894);
#1292=VERTEX_POINT('',#3896);
#1293=VERTEX_POINT('',#3899);
#1294=VERTEX_POINT('',#3901);
#1295=VERTEX_POINT('',#3904);
#1296=VERTEX_POINT('',#3906);
#1297=VERTEX_POINT('',#3909);
#1298=VERTEX_POINT('',#3911);
#1299=VERTEX_POINT('',#3914);
#1300=VERTEX_POINT('',#3916);
#1301=VERTEX_POINT('',#3919);
#1302=VERTEX_POINT('',#3921);
#1303=VERTEX_POINT('',#3924);
#1304=VERTEX_POINT('',#3925);
#1305=VERTEX_POINT('',#3930);
#1306=VERTEX_POINT('',#3931);
#1307=VERTEX_POINT('',#3939);
#1308=VERTEX_POINT('',#3940);
#1309=VERTEX_POINT('',#3945);
#1310=VERTEX_POINT('',#3946);
#1311=VERTEX_POINT('',#3957);
#1312=VERTEX_POINT('',#3961);
#1313=VERTEX_POINT('',#4038);
#1314=VERTEX_POINT('',#4042);
#1315=VERTEX_POINT('',#4043);
#1316=VERTEX_POINT('',#4052);
#1317=VERTEX_POINT('',#4056);
#1318=VERTEX_POINT('',#4058);
#1319=VERTEX_POINT('',#4068);
#1320=VERTEX_POINT('',#4071);
#1321=LINE('',#3372,#1576);
#1322=LINE('',#3375,#1577);
#1323=LINE('',#3377,#1578);
#1324=LINE('',#3379,#1579);
#1325=LINE('',#3381,#1580);
#1326=LINE('',#3383,#1581);
#1327=LINE('',#3385,#1582);
#1328=LINE('',#3387,#1583);
#1329=LINE('',#3390,#1584);
#1330=LINE('',#3392,#1585);
#1331=LINE('',#3394,#1586);
#1332=LINE('',#3396,#1587);
#1333=LINE('',#3399,#1588);
#1334=LINE('',#3401,#1589);
#1335=LINE('',#3403,#1590);
#1336=LINE('',#3405,#1591);
#1337=LINE('',#3408,#1592);
#1338=LINE('',#3410,#1593);
#1339=LINE('',#3412,#1594);
#1340=LINE('',#3414,#1595);
#1341=LINE('',#3416,#1596);
#1342=LINE('',#3418,#1597);
#1343=LINE('',#3420,#1598);
#1344=LINE('',#3422,#1599);
#1345=LINE('',#3425,#1600);
#1346=LINE('',#3427,#1601);
#1347=LINE('',#3429,#1602);
#1348=LINE('',#3431,#1603);
#1349=LINE('',#3433,#1604);
#1350=LINE('',#3435,#1605);
#1351=LINE('',#3437,#1606);
#1352=LINE('',#3439,#1607);
#1353=LINE('',#3442,#1608);
#1354=LINE('',#3444,#1609);
#1355=LINE('',#3445,#1610);
#1356=LINE('',#3447,#1611);
#1357=LINE('',#3449,#1612);
#1358=LINE('',#3451,#1613);
#1359=LINE('',#3453,#1614);
#1360=LINE('',#3456,#1615);
#1361=LINE('',#3457,#1616);
#1362=LINE('',#3459,#1617);
#1363=LINE('',#3462,#1618);
#1364=LINE('',#3464,#1619);
#1365=LINE('',#3466,#1620);
#1366=LINE('',#3467,#1621);
#1367=LINE('',#3470,#1622);
#1368=LINE('',#3472,#1623);
#1369=LINE('',#3474,#1624);
#1370=LINE('',#3475,#1625);
#1371=LINE('',#3478,#1626);
#1372=LINE('',#3479,#1627);
#1373=LINE('',#3481,#1628);
#1374=LINE('',#3483,#1629);
#1375=LINE('',#3485,#1630);
#1376=LINE('',#3486,#1631);
#1377=LINE('',#3490,#1632);
#1378=LINE('',#3492,#1633);
#1379=LINE('',#3494,#1634);
#1380=LINE('',#3498,#1635);
#1381=LINE('',#3501,#1636);
#1382=LINE('',#3503,#1637);
#1383=LINE('',#3505,#1638);
#1384=LINE('',#3507,#1639);
#1385=LINE('',#3509,#1640);
#1386=LINE('',#3511,#1641);
#1387=LINE('',#3513,#1642);
#1388=LINE('',#3515,#1643);
#1389=LINE('',#3516,#1644);
#1390=LINE('',#3518,#1645);
#1391=LINE('',#3520,#1646);
#1392=LINE('',#3522,#1647);
#1393=LINE('',#3524,#1648);
#1394=LINE('',#3526,#1649);
#1395=LINE('',#3528,#1650);
#1396=LINE('',#3530,#1651);
#1397=LINE('',#3533,#1652);
#1398=LINE('',#3535,#1653);
#1399=LINE('',#3537,#1654);
#1400=LINE('',#3560,#1655);
#1401=LINE('',#3563,#1656);
#1402=LINE('',#3565,#1657);
#1403=LINE('',#3567,#1658);
#1404=LINE('',#3569,#1659);
#1405=LINE('',#3571,#1660);
#1406=LINE('',#3572,#1661);
#1407=LINE('',#3574,#1662);
#1408=LINE('',#3576,#1663);
#1409=LINE('',#3582,#1664);
#1410=LINE('',#3584,#1665);
#1411=LINE('',#3586,#1666);
#1412=LINE('',#3588,#1667);
#1413=LINE('',#3590,#1668);
#1414=LINE('',#3592,#1669);
#1415=LINE('',#3594,#1670);
#1416=LINE('',#3596,#1671);
#1417=LINE('',#3598,#1672);
#1418=LINE('',#3600,#1673);
#1419=LINE('',#3602,#1674);
#1420=LINE('',#3604,#1675);
#1421=LINE('',#3606,#1676);
#1422=LINE('',#3608,#1677);
#1423=LINE('',#3610,#1678);
#1424=LINE('',#3612,#1679);
#1425=LINE('',#3614,#1680);
#1426=LINE('',#3616,#1681);
#1427=LINE('',#3618,#1682);
#1428=LINE('',#3620,#1683);
#1429=LINE('',#3622,#1684);
#1430=LINE('',#3628,#1685);
#1431=LINE('',#3632,#1686);
#1432=LINE('',#3634,#1687);
#1433=LINE('',#3636,#1688);
#1434=LINE('',#3637,#1689);
#1435=LINE('',#3639,#1690);
#1436=LINE('',#3643,#1691);
#1437=LINE('',#3645,#1692);
#1438=LINE('',#3647,#1693);
#1439=LINE('',#3649,#1694);
#1440=LINE('',#3651,#1695);
#1441=LINE('',#3654,#1696);
#1442=LINE('',#3656,#1697);
#1443=LINE('',#3658,#1698);
#1444=LINE('',#3660,#1699);
#1445=LINE('',#3663,#1700);
#1446=LINE('',#3665,#1701);
#1447=LINE('',#3667,#1702);
#1448=LINE('',#3668,#1703);
#1449=LINE('',#3670,#1704);
#1450=LINE('',#3672,#1705);
#1451=LINE('',#3674,#1706);
#1452=LINE('',#3676,#1707);
#1453=LINE('',#3677,#1708);
#1454=LINE('',#3678,#1709);
#1455=LINE('',#3680,#1710);
#1456=LINE('',#3683,#1711);
#1457=LINE('',#3684,#1712);
#1458=LINE('',#3686,#1713);
#1459=LINE('',#3688,#1714);
#1460=LINE('',#3690,#1715);
#1461=LINE('',#3692,#1716);
#1462=LINE('',#3694,#1717);
#1463=LINE('',#3696,#1718);
#1464=LINE('',#3697,#1719);
#1465=LINE('',#3699,#1720);
#1466=LINE('',#3701,#1721);
#1467=LINE('',#3703,#1722);
#1468=LINE('',#3705,#1723);
#1469=LINE('',#3706,#1724);
#1470=LINE('',#3708,#1725);
#1471=LINE('',#3710,#1726);
#1472=LINE('',#3716,#1727);
#1473=LINE('',#3718,#1728);
#1474=LINE('',#3719,#1729);
#1475=LINE('',#3721,#1730);
#1476=LINE('',#3723,#1731);
#1477=LINE('',#3725,#1732);
#1478=LINE('',#3726,#1733);
#1479=LINE('',#3728,#1734);
#1480=LINE('',#3730,#1735);
#1481=LINE('',#3731,#1736);
#1482=LINE('',#3733,#1737);
#1483=LINE('',#3735,#1738);
#1484=LINE('',#3739,#1739);
#1485=LINE('',#3741,#1740);
#1486=LINE('',#3743,#1741);
#1487=LINE('',#3746,#1742);
#1488=LINE('',#3749,#1743);
#1489=LINE('',#3751,#1744);
#1490=LINE('',#3753,#1745);
#1491=LINE('',#3755,#1746);
#1492=LINE('',#3757,#1747);
#1493=LINE('',#3759,#1748);
#1494=LINE('',#3761,#1749);
#1495=LINE('',#3763,#1750);
#1496=LINE('',#3765,#1751);
#1497=LINE('',#3767,#1752);
#1498=LINE('',#3768,#1753);
#1499=LINE('',#3770,#1754);
#1500=LINE('',#3772,#1755);
#1501=LINE('',#3773,#1756);
#1502=LINE('',#3775,#1757);
#1503=LINE('',#3777,#1758);
#1504=LINE('',#3779,#1759);
#1505=LINE('',#3781,#1760);
#1506=LINE('',#3783,#1761);
#1507=LINE('',#3785,#1762);
#1508=LINE('',#3787,#1763);
#1509=LINE('',#3789,#1764);
#1510=LINE('',#3791,#1765);
#1511=LINE('',#3793,#1766);
#1512=LINE('',#3797,#1767);
#1513=LINE('',#3798,#1768);
#1514=LINE('',#3799,#1769);
#1515=LINE('',#3804,#1770);
#1516=LINE('',#3805,#1771);
#1517=LINE('',#3807,#1772);
#1518=LINE('',#3809,#1773);
#1519=LINE('',#3811,#1774);
#1520=LINE('',#3812,#1775);
#1521=LINE('',#3814,#1776);
#1522=LINE('',#3816,#1777);
#1523=LINE('',#3820,#1778);
#1524=LINE('',#3822,#1779);
#1525=LINE('',#3825,#1780);
#1526=LINE('',#3827,#1781);
#1527=LINE('',#3829,#1782);
#1528=LINE('',#3831,#1783);
#1529=LINE('',#3833,#1784);
#1530=LINE('',#3835,#1785);
#1531=LINE('',#3845,#1786);
#1532=LINE('',#3848,#1787);
#1533=LINE('',#3850,#1788);
#1534=LINE('',#3852,#1789);
#1535=LINE('',#3854,#1790);
#1536=LINE('',#3857,#1791);
#1537=LINE('',#3859,#1792);
#1538=LINE('',#3861,#1793);
#1539=LINE('',#3863,#1794);
#1540=LINE('',#3923,#1795);
#1541=LINE('',#3926,#1796);
#1542=LINE('',#3927,#1797);
#1543=LINE('',#3929,#1798);
#1544=LINE('',#3932,#1799);
#1545=LINE('',#3933,#1800);
#1546=LINE('',#3935,#1801);
#1547=LINE('',#3936,#1802);
#1548=LINE('',#3938,#1803);
#1549=LINE('',#3941,#1804);
#1550=LINE('',#3942,#1805);
#1551=LINE('',#3944,#1806);
#1552=LINE('',#3947,#1807);
#1553=LINE('',#3948,#1808);
#1554=LINE('',#3950,#1809);
#1555=LINE('',#3951,#1810);
#1556=LINE('',#3953,#1811);
#1557=LINE('',#3954,#1812);
#1558=LINE('',#3956,#1813);
#1559=LINE('',#3958,#1814);
#1560=LINE('',#3960,#1815);
#1561=LINE('',#3962,#1816);
#1562=LINE('',#3963,#1817);
#1563=LINE('',#3965,#1818);
#1564=LINE('',#3967,#1819);
#1565=LINE('',#3984,#1820);
#1566=LINE('',#3985,#1821);
#1567=LINE('',#3987,#1822);
#1568=LINE('',#3989,#1823);
#1569=LINE('',#3992,#1824);
#1570=LINE('',#3993,#1825);
#1571=LINE('',#3995,#1826);
#1572=LINE('',#3997,#1827);
#1573=LINE('',#4041,#1828);
#1574=LINE('',#4055,#1829);
#1575=LINE('',#4059,#1830);
#1576=VECTOR('',#2695,1.);
#1577=VECTOR('',#2696,1.);
#1578=VECTOR('',#2697,1.);
#1579=VECTOR('',#2698,1.);
#1580=VECTOR('',#2699,1.);
#1581=VECTOR('',#2700,1.);
#1582=VECTOR('',#2701,1.);
#1583=VECTOR('',#2704,1.);
#1584=VECTOR('',#2705,1.);
#1585=VECTOR('',#2706,1.);
#1586=VECTOR('',#2707,1.);
#1587=VECTOR('',#2710,1.);
#1588=VECTOR('',#2711,1.);
#1589=VECTOR('',#2712,1.);
#1590=VECTOR('',#2713,1.);
#1591=VECTOR('',#2716,1.);
#1592=VECTOR('',#2717,1.);
#1593=VECTOR('',#2718,1.);
#1594=VECTOR('',#2719,1.);
#1595=VECTOR('',#2720,1.);
#1596=VECTOR('',#2721,1.);
#1597=VECTOR('',#2722,1.);
#1598=VECTOR('',#2723,1.);
#1599=VECTOR('',#2726,1.);
#1600=VECTOR('',#2727,1.);
#1601=VECTOR('',#2728,1.);
#1602=VECTOR('',#2729,1.);
#1603=VECTOR('',#2730,1.);
#1604=VECTOR('',#2731,1.);
#1605=VECTOR('',#2732,1.);
#1606=VECTOR('',#2733,1.);
#1607=VECTOR('',#2736,1.);
#1608=VECTOR('',#2737,1.);
#1609=VECTOR('',#2738,1.);
#1610=VECTOR('',#2739,1.);
#1611=VECTOR('',#2740,1.);
#1612=VECTOR('',#2741,1.);
#1613=VECTOR('',#2742,1.);
#1614=VECTOR('',#2745,1.);
#1615=VECTOR('',#2746,1.);
#1616=VECTOR('',#2747,1.);
#1617=VECTOR('',#2750,1.);
#1618=VECTOR('',#2751,1.);
#1619=VECTOR('',#2752,1.);
#1620=VECTOR('',#2753,1.);
#1621=VECTOR('',#2754,1.);
#1622=VECTOR('',#2755,1.);
#1623=VECTOR('',#2756,1.);
#1624=VECTOR('',#2757,1.);
#1625=VECTOR('',#2758,1.);
#1626=VECTOR('',#2759,1.);
#1627=VECTOR('',#2760,1.);
#1628=VECTOR('',#2761,1.);
#1629=VECTOR('',#2762,1.);
#1630=VECTOR('',#2763,1.);
#1631=VECTOR('',#2764,1.);
#1632=VECTOR('',#2767,1.);
#1633=VECTOR('',#2768,1.);
#1634=VECTOR('',#2769,1.);
#1635=VECTOR('',#2774,1.);
#1636=VECTOR('',#2775,1.);
#1637=VECTOR('',#2776,1.);
#1638=VECTOR('',#2777,1.);
#1639=VECTOR('',#2778,1.);
#1640=VECTOR('',#2779,1.);
#1641=VECTOR('',#2780,1.);
#1642=VECTOR('',#2781,1.);
#1643=VECTOR('',#2782,1.);
#1644=VECTOR('',#2783,1.);
#1645=VECTOR('',#2784,1.);
#1646=VECTOR('',#2785,1.);
#1647=VECTOR('',#2786,1.);
#1648=VECTOR('',#2787,1.);
#1649=VECTOR('',#2788,1.);
#1650=VECTOR('',#2789,1.);
#1651=VECTOR('',#2792,1.);
#1652=VECTOR('',#2793,1.);
#1653=VECTOR('',#2794,1.);
#1654=VECTOR('',#2795,1.);
#1655=VECTOR('',#2818,1.);
#1656=VECTOR('',#2819,1.);
#1657=VECTOR('',#2820,1.);
#1658=VECTOR('',#2821,1.);
#1659=VECTOR('',#2822,1.);
#1660=VECTOR('',#2823,1.);
#1661=VECTOR('',#2824,1.);
#1662=VECTOR('',#2825,1.);
#1663=VECTOR('',#2826,1.);
#1664=VECTOR('',#2831,1.);
#1665=VECTOR('',#2832,1.);
#1666=VECTOR('',#2833,1.);
#1667=VECTOR('',#2834,1.);
#1668=VECTOR('',#2835,1.);
#1669=VECTOR('',#2836,1.);
#1670=VECTOR('',#2837,1.);
#1671=VECTOR('',#2840,1.);
#1672=VECTOR('',#2841,1.);
#1673=VECTOR('',#2842,1.);
#1674=VECTOR('',#2843,1.);
#1675=VECTOR('',#2844,1.);
#1676=VECTOR('',#2845,1.);
#1677=VECTOR('',#2846,1.);
#1678=VECTOR('',#2849,1.);
#1679=VECTOR('',#2850,1.);
#1680=VECTOR('',#2851,1.);
#1681=VECTOR('',#2854,1.);
#1682=VECTOR('',#2855,1.);
#1683=VECTOR('',#2858,1.);
#1684=VECTOR('',#2859,1.);
#1685=VECTOR('',#2866,1.);
#1686=VECTOR('',#2869,1.);
#1687=VECTOR('',#2870,1.);
#1688=VECTOR('',#2871,1.);
#1689=VECTOR('',#2872,1.);
#1690=VECTOR('',#2873,1.);
#1691=VECTOR('',#2878,1.);
#1692=VECTOR('',#2879,1.);
#1693=VECTOR('',#2880,1.);
#1694=VECTOR('',#2883,1.);
#1695=VECTOR('',#2886,1.);
#1696=VECTOR('',#2891,1.);
#1697=VECTOR('',#2892,1.);
#1698=VECTOR('',#2893,1.);
#1699=VECTOR('',#2896,1.);
#1700=VECTOR('',#2897,1.);
#1701=VECTOR('',#2898,1.);
#1702=VECTOR('',#2899,1.);
#1703=VECTOR('',#2900,1.);
#1704=VECTOR('',#2901,1.);
#1705=VECTOR('',#2902,1.);
#1706=VECTOR('',#2903,1.);
#1707=VECTOR('',#2904,1.);
#1708=VECTOR('',#2905,1.);
#1709=VECTOR('',#2906,1.);
#1710=VECTOR('',#2909,1.);
#1711=VECTOR('',#2910,1.);
#1712=VECTOR('',#2911,1.);
#1713=VECTOR('',#2912,1.);
#1714=VECTOR('',#2913,1.);
#1715=VECTOR('',#2914,1.);
#1716=VECTOR('',#2917,1.);
#1717=VECTOR('',#2918,1.);
#1718=VECTOR('',#2919,1.);
#1719=VECTOR('',#2920,1.);
#1720=VECTOR('',#2921,1.);
#1721=VECTOR('',#2924,1.);
#1722=VECTOR('',#2925,1.);
#1723=VECTOR('',#2926,1.);
#1724=VECTOR('',#2927,1.);
#1725=VECTOR('',#2928,1.);
#1726=VECTOR('',#2929,1.);
#1727=VECTOR('',#2936,1.);
#1728=VECTOR('',#2937,1.);
#1729=VECTOR('',#2938,1.);
#1730=VECTOR('',#2939,1.);
#1731=VECTOR('',#2940,1.);
#1732=VECTOR('',#2941,1.);
#1733=VECTOR('',#2942,1.);
#1734=VECTOR('',#2945,1.);
#1735=VECTOR('',#2946,1.);
#1736=VECTOR('',#2947,1.);
#1737=VECTOR('',#2950,1.);
#1738=VECTOR('',#2951,1.);
#1739=VECTOR('',#2956,1.);
#1740=VECTOR('',#2957,1.);
#1741=VECTOR('',#2958,1.);
#1742=VECTOR('',#2961,1.);
#1743=VECTOR('',#2962,1.);
#1744=VECTOR('',#2963,1.);
#1745=VECTOR('',#2964,1.);
#1746=VECTOR('',#2967,1.);
#1747=VECTOR('',#2968,1.);
#1748=VECTOR('',#2971,1.);
#1749=VECTOR('',#2974,1.);
#1750=VECTOR('',#2975,1.);
#1751=VECTOR('',#2976,1.);
#1752=VECTOR('',#2979,1.);
#1753=VECTOR('',#2980,1.);
#1754=VECTOR('',#2983,1.);
#1755=VECTOR('',#2984,1.);
#1756=VECTOR('',#2985,1.);
#1757=VECTOR('',#2986,1.);
#1758=VECTOR('',#2989,1.);
#1759=VECTOR('',#2990,1.);
#1760=VECTOR('',#2991,1.);
#1761=VECTOR('',#2992,1.);
#1762=VECTOR('',#2995,1.);
#1763=VECTOR('',#2998,1.);
#1764=VECTOR('',#2999,1.);
#1765=VECTOR('',#3002,1.);
#1766=VECTOR('',#3005,1.);
#1767=VECTOR('',#3010,1.);
#1768=VECTOR('',#3011,1.);
#1769=VECTOR('',#3012,1.);
#1770=VECTOR('',#3019,1.);
#1771=VECTOR('',#3020,1.);
#1772=VECTOR('',#3023,1.);
#1773=VECTOR('',#3026,1.);
#1774=VECTOR('',#3029,1.);
#1775=VECTOR('',#3030,1.);
#1776=VECTOR('',#3033,1.);
#1777=VECTOR('',#3036,1.);
#1778=VECTOR('',#3043,1.);
#1779=VECTOR('',#3046,1.);
#1780=VECTOR('',#3051,1.);
#1781=VECTOR('',#3054,1.);
#1782=VECTOR('',#3057,1.);
#1783=VECTOR('',#3058,1.);
#1784=VECTOR('',#3061,1.);
#1785=VECTOR('',#3064,1.);
#1786=VECTOR('',#3077,1.);
#1787=VECTOR('',#3078,1.);
#1788=VECTOR('',#3079,1.);
#1789=VECTOR('',#3080,1.);
#1790=VECTOR('',#3083,1.);
#1791=VECTOR('',#3084,1.);
#1792=VECTOR('',#3085,1.);
#1793=VECTOR('',#3086,1.);
#1794=VECTOR('',#3089,1.);
#1795=VECTOR('',#3162,1.);
#1796=VECTOR('',#3163,1.);
#1797=VECTOR('',#3164,1.);
#1798=VECTOR('',#3167,1.);
#1799=VECTOR('',#3168,1.);
#1800=VECTOR('',#3169,1.);
#1801=VECTOR('',#3172,1.);
#1802=VECTOR('',#3173,1.);
#1803=VECTOR('',#3176,1.);
#1804=VECTOR('',#3177,1.);
#1805=VECTOR('',#3178,1.);
#1806=VECTOR('',#3181,1.);
#1807=VECTOR('',#3182,1.);
#1808=VECTOR('',#3183,1.);
#1809=VECTOR('',#3186,1.);
#1810=VECTOR('',#3187,1.);
#1811=VECTOR('',#3190,1.);
#1812=VECTOR('',#3191,1.);
#1813=VECTOR('',#3194,1.);
#1814=VECTOR('',#3195,1.);
#1815=VECTOR('',#3198,1.);
#1816=VECTOR('',#3199,1.);
#1817=VECTOR('',#3200,1.);
#1818=VECTOR('',#3203,1.);
#1819=VECTOR('',#3206,1.);
#1820=VECTOR('',#3239,1.);
#1821=VECTOR('',#3240,1.);
#1822=VECTOR('',#3243,1.);
#1823=VECTOR('',#3246,1.);
#1824=VECTOR('',#3251,1.);
#1825=VECTOR('',#3252,1.);
#1826=VECTOR('',#3255,1.);
#1827=VECTOR('',#3258,1.);
#1828=VECTOR('',#3293,1.);
#1829=VECTOR('',#3314,1.);
#1830=VECTOR('',#3317,1.);
#1831=EDGE_LOOP('',(#117,#118,#119,#120,#121,#122,#123));
#1832=EDGE_LOOP('',(#124,#125,#126,#127));
#1833=EDGE_LOOP('',(#128,#129,#130,#131));
#1834=EDGE_LOOP('',(#132,#133,#134,#135,#136,#137,#138,#139));
#1835=EDGE_LOOP('',(#140,#141,#142,#143,#144,#145,#146,#147));
#1836=EDGE_LOOP('',(#148,#149,#150,#151,#152,#153,#154,#155));
#1837=EDGE_LOOP('',(#156,#157,#158,#159));
#1838=EDGE_LOOP('',(#160,#161,#162,#163));
#1839=EDGE_LOOP('',(#164,#165,#166,#167));
#1840=EDGE_LOOP('',(#168,#169,#170,#171,#172,#173,#174,#175,#176,#177,#178,
#179,#180,#181));
#1841=EDGE_LOOP('',(#182,#183,#184,#185,#186,#187,#188,#189,#190,#191,#192,
#193,#194,#195,#196,#197,#198));
#1842=EDGE_LOOP('',(#199,#200,#201,#202));
#1843=EDGE_LOOP('',(#203,#204));
#1844=EDGE_LOOP('',(#205,#206));
#1845=EDGE_LOOP('',(#207));
#1846=EDGE_LOOP('',(#208));
#1847=EDGE_LOOP('',(#209));
#1848=EDGE_LOOP('',(#210));
#1849=EDGE_LOOP('',(#211));
#1850=EDGE_LOOP('',(#212));
#1851=EDGE_LOOP('',(#213));
#1852=EDGE_LOOP('',(#214,#215,#216,#217,#218,#219,#220,#221,#222,#223,#224,
#225,#226,#227,#228,#229,#230,#231,#232,#233));
#1853=EDGE_LOOP('',(#234,#235,#236,#237,#238,#239,#240,#241));
#1854=EDGE_LOOP('',(#242,#243,#244,#245));
#1855=EDGE_LOOP('',(#246,#247,#248,#249));
#1856=EDGE_LOOP('',(#250,#251,#252,#253));
#1857=EDGE_LOOP('',(#254));
#1858=EDGE_LOOP('',(#255));
#1859=EDGE_LOOP('',(#256,#257,#258,#259,#260,#261,#262,#263,#264,#265,#266));
#1860=EDGE_LOOP('',(#267,#268,#269,#270));
#1861=EDGE_LOOP('',(#271,#272,#273));
#1862=EDGE_LOOP('',(#274,#275,#276,#277));
#1863=EDGE_LOOP('',(#278,#279,#280));
#1864=EDGE_LOOP('',(#281,#282,#283,#284));
#1865=EDGE_LOOP('',(#285,#286,#287,#288,#289,#290,#291,#292,#293,#294,#295,
#296,#297,#298,#299));
#1866=EDGE_LOOP('',(#300,#301,#302,#303,#304,#305,#306,#307));
#1867=EDGE_LOOP('',(#308,#309,#310,#311,#312,#313,#314,#315,#316,#317,#318,
#319));
#1868=EDGE_LOOP('',(#320,#321,#322,#323,#324,#325,#326,#327,#328,#329,#330));
#1869=EDGE_LOOP('',(#331,#332));
#1870=EDGE_LOOP('',(#333,#334,#335,#336,#337,#338,#339,#340,#341,#342,#343,
#344));
#1871=EDGE_LOOP('',(#345,#346,#347,#348,#349,#350));
#1872=EDGE_LOOP('',(#351,#352,#353,#354));
#1873=EDGE_LOOP('',(#355,#356,#357,#358,#359,#360,#361,#362));
#1874=EDGE_LOOP('',(#363,#364,#365,#366));
#1875=EDGE_LOOP('',(#367,#368,#369,#370));
#1876=EDGE_LOOP('',(#371,#372,#373,#374));
#1877=EDGE_LOOP('',(#375,#376,#377,#378));
#1878=EDGE_LOOP('',(#379,#380,#381,#382));
#1879=EDGE_LOOP('',(#383,#384,#385,#386,#387,#388,#389));
#1880=EDGE_LOOP('',(#390,#391,#392,#393,#394,#395));
#1881=EDGE_LOOP('',(#396,#397,#398,#399));
#1882=EDGE_LOOP('',(#400,#401,#402,#403));
#1883=EDGE_LOOP('',(#404,#405,#406,#407));
#1884=EDGE_LOOP('',(#408,#409,#410,#411));
#1885=EDGE_LOOP('',(#412));
#1886=EDGE_LOOP('',(#413,#414,#415,#416,#417,#418,#419,#420,#421,#422,#423,
#424,#425,#426,#427,#428,#429,#430,#431));
#1887=EDGE_LOOP('',(#432));
#1888=EDGE_LOOP('',(#433,#434,#435,#436));
#1889=EDGE_LOOP('',(#437,#438,#439,#440));
#1890=EDGE_LOOP('',(#441,#442,#443,#444));
#1891=EDGE_LOOP('',(#445,#446,#447,#448));
#1892=EDGE_LOOP('',(#449,#450,#451,#452));
#1893=EDGE_LOOP('',(#453,#454,#455,#456));
#1894=EDGE_LOOP('',(#457,#458,#459,#460));
#1895=EDGE_LOOP('',(#461,#462,#463,#464));
#1896=EDGE_LOOP('',(#465,#466,#467,#468));
#1897=EDGE_LOOP('',(#469,#470,#471,#472));
#1898=EDGE_LOOP('',(#473,#474,#475,#476));
#1899=EDGE_LOOP('',(#477,#478,#479,#480));
#1900=EDGE_LOOP('',(#481,#482,#483,#484));
#1901=EDGE_LOOP('',(#485,#486,#487,#488));
#1902=EDGE_LOOP('',(#489,#490,#491,#492,#493));
#1903=EDGE_LOOP('',(#494,#495,#496,#497));
#1904=EDGE_LOOP('',(#498,#499,#500));
#1905=EDGE_LOOP('',(#501));
#1906=EDGE_LOOP('',(#502));
#1907=EDGE_LOOP('',(#503,#504,#505,#506));
#1908=EDGE_LOOP('',(#507,#508,#509,#510));
#1909=EDGE_LOOP('',(#511,#512,#513,#514));
#1910=EDGE_LOOP('',(#515));
#1911=EDGE_LOOP('',(#516));
#1912=EDGE_LOOP('',(#517));
#1913=EDGE_LOOP('',(#518));
#1914=EDGE_LOOP('',(#519));
#1915=EDGE_LOOP('',(#520));
#1916=EDGE_LOOP('',(#521));
#1917=EDGE_LOOP('',(#522));
#1918=EDGE_LOOP('',(#523));
#1919=EDGE_LOOP('',(#524));
#1920=EDGE_LOOP('',(#525));
#1921=EDGE_LOOP('',(#526));
#1922=EDGE_LOOP('',(#527));
#1923=EDGE_LOOP('',(#528));
#1924=EDGE_LOOP('',(#529));
#1925=EDGE_LOOP('',(#530));
#1926=EDGE_LOOP('',(#531));
#1927=EDGE_LOOP('',(#532));
#1928=EDGE_LOOP('',(#533));
#1929=EDGE_LOOP('',(#534));
#1930=EDGE_LOOP('',(#535));
#1931=EDGE_LOOP('',(#536));
#1932=EDGE_LOOP('',(#537));
#1933=EDGE_LOOP('',(#538));
#1934=EDGE_LOOP('',(#539,#540,#541,#542));
#1935=EDGE_LOOP('',(#543,#544,#545,#546));
#1936=EDGE_LOOP('',(#547,#548,#549,#550));
#1937=EDGE_LOOP('',(#551,#552,#553,#554));
#1938=EDGE_LOOP('',(#555,#556,#557,#558));
#1939=EDGE_LOOP('',(#559,#560,#561,#562));
#1940=EDGE_LOOP('',(#563,#564,#565,#566));
#1941=EDGE_LOOP('',(#567,#568,#569,#570,#571));
#1942=EDGE_LOOP('',(#572,#573,#574,#575,#576,#577));
#1943=EDGE_LOOP('',(#578,#579,#580,#581,#582));
#1944=EDGE_LOOP('',(#583,#584,#585,#586,#587,#588,#589));
#1945=EDGE_LOOP('',(#590,#591,#592,#593));
#1946=EDGE_LOOP('',(#594));
#1947=EDGE_LOOP('',(#595,#596,#597,#598));
#1948=EDGE_LOOP('',(#599,#600,#601,#602));
#1949=EDGE_LOOP('',(#603));
#1950=EDGE_LOOP('',(#604));
#1951=EDGE_LOOP('',(#605));
#1952=EDGE_LOOP('',(#606));
#1953=EDGE_LOOP('',(#607));
#1954=EDGE_LOOP('',(#608));
#1955=EDGE_LOOP('',(#609));
#1956=EDGE_LOOP('',(#610));
#1957=EDGE_LOOP('',(#611));
#1958=EDGE_LOOP('',(#612));
#1959=EDGE_LOOP('',(#613));
#1960=EDGE_LOOP('',(#614,#615,#616,#617));
#1961=EDGE_LOOP('',(#618,#619,#620,#621));
#1962=EDGE_LOOP('',(#622,#623,#624,#625));
#1963=EDGE_LOOP('',(#626,#627,#628,#629));
#1964=EDGE_LOOP('',(#630,#631,#632,#633));
#1965=EDGE_LOOP('',(#634,#635,#636,#637));
#1966=EDGE_LOOP('',(#638,#639,#640,#641));
#1967=EDGE_LOOP('',(#642,#643,#644,#645));
#1968=EDGE_LOOP('',(#646));
#1969=EDGE_LOOP('',(#647,#648));
#1970=EDGE_LOOP('',(#649));
#1971=EDGE_LOOP('',(#650,#651));
#1972=EDGE_LOOP('',(#652));
#1973=EDGE_LOOP('',(#653,#654));
#1974=EDGE_LOOP('',(#655));
#1975=EDGE_LOOP('',(#656,#657));
#1976=EDGE_LOOP('',(#658));
#1977=EDGE_LOOP('',(#659));
#1978=EDGE_LOOP('',(#660));
#1979=EDGE_LOOP('',(#661));
#1980=EDGE_LOOP('',(#662));
#1981=EDGE_LOOP('',(#663));
#1982=EDGE_LOOP('',(#664));
#1983=EDGE_LOOP('',(#665,#666,#667));
#1984=EDGE_LOOP('',(#668));
#1985=EDGE_LOOP('',(#669,#670,#671));
#1986=EDGE_LOOP('',(#672));
#1987=EDGE_LOOP('',(#673));
#1988=EDGE_LOOP('',(#674));
#1989=EDGE_LOOP('',(#675));
#1990=EDGE_LOOP('',(#676));
#1991=EDGE_LOOP('',(#677));
#1992=EDGE_LOOP('',(#678));
#1993=EDGE_LOOP('',(#679,#680));
#1994=EDGE_LOOP('',(#681));
#1995=EDGE_LOOP('',(#682));
#1996=EDGE_LOOP('',(#683,#684,#685,#686,#687));
#1997=EDGE_LOOP('',(#688,#689,#690,#691,#692));
#1998=EDGE_LOOP('',(#693,#694,#695));
#1999=EDGE_LOOP('',(#696,#697,#698,#699,#700));
#2000=EDGE_LOOP('',(#701,#702,#703,#704,#705));
#2001=EDGE_LOOP('',(#706,#707,#708,#709));
#2002=EDGE_LOOP('',(#710,#711,#712,#713));
#2003=EDGE_LOOP('',(#714,#715,#716,#717));
#2004=EDGE_LOOP('',(#718));
#2005=EDGE_LOOP('',(#719));
#2006=EDGE_LOOP('',(#720));
#2007=EDGE_LOOP('',(#721));
#2008=EDGE_LOOP('',(#722,#723,#724,#725));
#2009=EDGE_LOOP('',(#726));
#2010=EDGE_LOOP('',(#727));
#2011=EDGE_LOOP('',(#728,#729,#730,#731));
#2012=EDGE_LOOP('',(#732,#733,#734,#735,#736));
#2013=EDGE_LOOP('',(#737,#738,#739,#740));
#2014=EDGE_LOOP('',(#741,#742,#743,#744));
#2015=EDGE_LOOP('',(#745,#746,#747,#748));
#2016=EDGE_LOOP('',(#749));
#2017=EDGE_LOOP('',(#750,#751,#752,#753));
#2018=EDGE_LOOP('',(#754,#755));
#2019=EDGE_LOOP('',(#756,#757));
#2020=EDGE_LOOP('',(#758,#759,#760,#761,#762,#763,#764,#765));
#2021=EDGE_LOOP('',(#766));
#2022=EDGE_LOOP('',(#767,#768));
#2023=FACE_BOUND('',#1831,.T.);
#2024=FACE_BOUND('',#1832,.T.);
#2025=FACE_BOUND('',#1833,.T.);
#2026=FACE_BOUND('',#1834,.T.);
#2027=FACE_BOUND('',#1835,.T.);
#2028=FACE_BOUND('',#1836,.T.);
#2029=FACE_BOUND('',#1837,.T.);
#2030=FACE_BOUND('',#1838,.T.);
#2031=FACE_BOUND('',#1839,.T.);
#2032=FACE_BOUND('',#1840,.T.);
#2033=FACE_BOUND('',#1841,.T.);
#2034=FACE_BOUND('',#1842,.T.);
#2035=FACE_BOUND('',#1843,.T.);
#2036=FACE_BOUND('',#1844,.T.);
#2037=FACE_BOUND('',#1845,.T.);
#2038=FACE_BOUND('',#1846,.T.);
#2039=FACE_BOUND('',#1847,.T.);
#2040=FACE_BOUND('',#1848,.T.);
#2041=FACE_BOUND('',#1849,.T.);
#2042=FACE_BOUND('',#1850,.T.);
#2043=FACE_BOUND('',#1851,.T.);
#2044=FACE_BOUND('',#1852,.T.);
#2045=FACE_BOUND('',#1853,.T.);
#2046=FACE_BOUND('',#1854,.T.);
#2047=FACE_BOUND('',#1855,.T.);
#2048=FACE_BOUND('',#1856,.T.);
#2049=FACE_BOUND('',#1857,.T.);
#2050=FACE_BOUND('',#1858,.T.);
#2051=FACE_BOUND('',#1859,.T.);
#2052=FACE_BOUND('',#1860,.T.);
#2053=FACE_BOUND('',#1861,.T.);
#2054=FACE_BOUND('',#1862,.T.);
#2055=FACE_BOUND('',#1863,.T.);
#2056=FACE_BOUND('',#1864,.T.);
#2057=FACE_BOUND('',#1865,.T.);
#2058=FACE_BOUND('',#1866,.T.);
#2059=FACE_BOUND('',#1867,.T.);
#2060=FACE_BOUND('',#1868,.T.);
#2061=FACE_BOUND('',#1869,.T.);
#2062=FACE_BOUND('',#1870,.T.);
#2063=FACE_BOUND('',#1871,.T.);
#2064=FACE_BOUND('',#1872,.T.);
#2065=FACE_BOUND('',#1873,.T.);
#2066=FACE_BOUND('',#1874,.T.);
#2067=FACE_BOUND('',#1875,.T.);
#2068=FACE_BOUND('',#1876,.T.);
#2069=FACE_BOUND('',#1877,.T.);
#2070=FACE_BOUND('',#1878,.T.);
#2071=FACE_BOUND('',#1879,.T.);
#2072=FACE_BOUND('',#1880,.T.);
#2073=FACE_BOUND('',#1881,.T.);
#2074=FACE_BOUND('',#1882,.T.);
#2075=FACE_BOUND('',#1883,.T.);
#2076=FACE_BOUND('',#1884,.T.);
#2077=FACE_BOUND('',#1885,.T.);
#2078=FACE_BOUND('',#1886,.T.);
#2079=FACE_BOUND('',#1887,.T.);
#2080=FACE_BOUND('',#1888,.T.);
#2081=FACE_BOUND('',#1889,.T.);
#2082=FACE_BOUND('',#1890,.T.);
#2083=FACE_BOUND('',#1891,.T.);
#2084=FACE_BOUND('',#1892,.T.);
#2085=FACE_BOUND('',#1893,.T.);
#2086=FACE_BOUND('',#1894,.T.);
#2087=FACE_BOUND('',#1895,.T.);
#2088=FACE_BOUND('',#1896,.T.);
#2089=FACE_BOUND('',#1897,.T.);
#2090=FACE_BOUND('',#1898,.T.);
#2091=FACE_BOUND('',#1899,.T.);
#2092=FACE_BOUND('',#1900,.T.);
#2093=FACE_BOUND('',#1901,.T.);
#2094=FACE_BOUND('',#1902,.T.);
#2095=FACE_BOUND('',#1903,.T.);
#2096=FACE_BOUND('',#1904,.T.);
#2097=FACE_BOUND('',#1905,.T.);
#2098=FACE_BOUND('',#1906,.T.);
#2099=FACE_BOUND('',#1907,.T.);
#2100=FACE_BOUND('',#1908,.T.);
#2101=FACE_BOUND('',#1909,.T.);
#2102=FACE_BOUND('',#1910,.T.);
#2103=FACE_BOUND('',#1911,.T.);
#2104=FACE_BOUND('',#1912,.T.);
#2105=FACE_BOUND('',#1913,.T.);
#2106=FACE_BOUND('',#1914,.T.);
#2107=FACE_BOUND('',#1915,.T.);
#2108=FACE_BOUND('',#1916,.T.);
#2109=FACE_BOUND('',#1917,.T.);
#2110=FACE_BOUND('',#1918,.T.);
#2111=FACE_BOUND('',#1919,.T.);
#2112=FACE_BOUND('',#1920,.T.);
#2113=FACE_BOUND('',#1921,.T.);
#2114=FACE_BOUND('',#1922,.T.);
#2115=FACE_BOUND('',#1923,.T.);
#2116=FACE_BOUND('',#1924,.T.);
#2117=FACE_BOUND('',#1925,.T.);
#2118=FACE_BOUND('',#1926,.T.);
#2119=FACE_BOUND('',#1927,.T.);
#2120=FACE_BOUND('',#1928,.T.);
#2121=FACE_BOUND('',#1929,.T.);
#2122=FACE_BOUND('',#1930,.T.);
#2123=FACE_BOUND('',#1931,.T.);
#2124=FACE_BOUND('',#1932,.T.);
#2125=FACE_BOUND('',#1933,.T.);
#2126=FACE_BOUND('',#1934,.T.);
#2127=FACE_BOUND('',#1935,.T.);
#2128=FACE_BOUND('',#1936,.T.);
#2129=FACE_BOUND('',#1937,.T.);
#2130=FACE_BOUND('',#1938,.T.);
#2131=FACE_BOUND('',#1939,.T.);
#2132=FACE_BOUND('',#1940,.T.);
#2133=FACE_BOUND('',#1941,.T.);
#2134=FACE_BOUND('',#1942,.T.);
#2135=FACE_BOUND('',#1943,.T.);
#2136=FACE_BOUND('',#1944,.T.);
#2137=FACE_BOUND('',#1945,.T.);
#2138=FACE_BOUND('',#1946,.T.);
#2139=FACE_BOUND('',#1947,.T.);
#2140=FACE_BOUND('',#1948,.T.);
#2141=FACE_BOUND('',#1949,.T.);
#2142=FACE_BOUND('',#1950,.T.);
#2143=FACE_BOUND('',#1951,.T.);
#2144=FACE_BOUND('',#1952,.T.);
#2145=FACE_BOUND('',#1953,.T.);
#2146=FACE_BOUND('',#1954,.T.);
#2147=FACE_BOUND('',#1955,.T.);
#2148=FACE_BOUND('',#1956,.T.);
#2149=FACE_BOUND('',#1957,.T.);
#2150=FACE_BOUND('',#1958,.T.);
#2151=FACE_BOUND('',#1959,.T.);
#2152=FACE_BOUND('',#1960,.T.);
#2153=FACE_BOUND('',#1961,.T.);
#2154=FACE_BOUND('',#1962,.T.);
#2155=FACE_BOUND('',#1963,.T.);
#2156=FACE_BOUND('',#1964,.T.);
#2157=FACE_BOUND('',#1965,.T.);
#2158=FACE_BOUND('',#1966,.T.);
#2159=FACE_BOUND('',#1967,.T.);
#2160=FACE_BOUND('',#1968,.T.);
#2161=FACE_BOUND('',#1969,.T.);
#2162=FACE_BOUND('',#1970,.T.);
#2163=FACE_BOUND('',#1971,.T.);
#2164=FACE_BOUND('',#1972,.T.);
#2165=FACE_BOUND('',#1973,.T.);
#2166=FACE_BOUND('',#1974,.T.);
#2167=FACE_BOUND('',#1975,.T.);
#2168=FACE_BOUND('',#1976,.T.);
#2169=FACE_BOUND('',#1977,.T.);
#2170=FACE_BOUND('',#1978,.T.);
#2171=FACE_BOUND('',#1979,.T.);
#2172=FACE_BOUND('',#1980,.T.);
#2173=FACE_BOUND('',#1981,.T.);
#2174=FACE_BOUND('',#1982,.T.);
#2175=FACE_BOUND('',#1983,.T.);
#2176=FACE_BOUND('',#1984,.T.);
#2177=FACE_BOUND('',#1985,.T.);
#2178=FACE_BOUND('',#1986,.T.);
#2179=FACE_BOUND('',#1987,.T.);
#2180=FACE_BOUND('',#1988,.T.);
#2181=FACE_BOUND('',#1989,.T.);
#2182=FACE_BOUND('',#1990,.T.);
#2183=FACE_BOUND('',#1991,.T.);
#2184=FACE_BOUND('',#1992,.T.);
#2185=FACE_BOUND('',#1993,.T.);
#2186=FACE_BOUND('',#1994,.T.);
#2187=FACE_BOUND('',#1995,.T.);
#2188=FACE_BOUND('',#1996,.T.);
#2189=FACE_BOUND('',#1997,.T.);
#2190=FACE_BOUND('',#1998,.T.);
#2191=FACE_BOUND('',#1999,.T.);
#2192=FACE_BOUND('',#2000,.T.);
#2193=FACE_BOUND('',#2001,.T.);
#2194=FACE_BOUND('',#2002,.T.);
#2195=FACE_BOUND('',#2003,.T.);
#2196=FACE_BOUND('',#2004,.T.);
#2197=FACE_BOUND('',#2005,.T.);
#2198=FACE_BOUND('',#2006,.T.);
#2199=FACE_BOUND('',#2007,.T.);
#2200=FACE_BOUND('',#2008,.T.);
#2201=FACE_BOUND('',#2009,.T.);
#2202=FACE_BOUND('',#2010,.T.);
#2203=FACE_BOUND('',#2011,.T.);
#2204=FACE_BOUND('',#2012,.T.);
#2205=FACE_BOUND('',#2013,.T.);
#2206=FACE_BOUND('',#2014,.T.);
#2207=FACE_BOUND('',#2015,.T.);
#2208=FACE_BOUND('',#2016,.T.);
#2209=FACE_BOUND('',#2017,.T.);
#2210=FACE_BOUND('',#2018,.T.);
#2211=FACE_BOUND('',#2019,.T.);
#2212=FACE_BOUND('',#2020,.T.);
#2213=FACE_BOUND('',#2021,.T.);
#2214=FACE_BOUND('',#2022,.T.);
#2215=PLANE('',#2480);
#2216=PLANE('',#2481);
#2217=PLANE('',#2482);
#2218=PLANE('',#2483);
#2219=PLANE('',#2484);
#2220=PLANE('',#2485);
#2221=PLANE('',#2486);
#2222=PLANE('',#2487);
#2223=PLANE('',#2490);
#2224=PLANE('',#2491);
#2225=PLANE('',#2505);
#2226=PLANE('',#2506);
#2227=PLANE('',#2507);
#2228=PLANE('',#2508);
#2229=PLANE('',#2509);
#2230=PLANE('',#2514);
#2231=PLANE('',#2515);
#2232=PLANE('',#2516);
#2233=PLANE('',#2517);
#2234=PLANE('',#2518);
#2235=PLANE('',#2519);
#2236=PLANE('',#2520);
#2237=PLANE('',#2521);
#2238=PLANE('',#2522);
#2239=PLANE('',#2523);
#2240=PLANE('',#2526);
#2241=PLANE('',#2527);
#2242=PLANE('',#2528);
#2243=PLANE('',#2531);
#2244=PLANE('',#2532);
#2245=PLANE('',#2533);
#2246=PLANE('',#2534);
#2247=PLANE('',#2535);
#2248=PLANE('',#2536);
#2249=PLANE('',#2537);
#2250=PLANE('',#2538);
#2251=PLANE('',#2539);
#2252=PLANE('',#2540);
#2253=PLANE('',#2541);
#2254=PLANE('',#2544);
#2255=PLANE('',#2545);
#2256=PLANE('',#2546);
#2257=PLANE('',#2547);
#2258=PLANE('',#2548);
#2259=PLANE('',#2549);
#2260=PLANE('',#2550);
#2261=PLANE('',#2553);
#2262=PLANE('',#2554);
#2263=PLANE('',#2555);
#2264=PLANE('',#2556);
#2265=PLANE('',#2557);
#2266=PLANE('',#2558);
#2267=PLANE('',#2559);
#2268=PLANE('',#2560);
#2269=PLANE('',#2566);
#2270=PLANE('',#2567);
#2271=PLANE('',#2568);
#2272=PLANE('',#2604);
#2273=PLANE('',#2605);
#2274=PLANE('',#2606);
#2275=PLANE('',#2607);
#2276=PLANE('',#2608);
#2277=PLANE('',#2609);
#2278=PLANE('',#2610);
#2279=PLANE('',#2611);
#2280=PLANE('',#2612);
#2281=PLANE('',#2613);
#2282=PLANE('',#2614);
#2283=PLANE('',#2615);
#2284=PLANE('',#2616);
#2285=PLANE('',#2617);
#2286=PLANE('',#2618);
#2287=PLANE('',#2619);
#2288=PLANE('',#2620);
#2289=PLANE('',#2621);
#2290=PLANE('',#2622);
#2291=PLANE('',#2623);
#2292=PLANE('',#2624);
#2293=PLANE('',#2625);
#2294=PLANE('',#2626);
#2295=PLANE('',#2627);
#2296=PLANE('',#2628);
#2297=PLANE('',#2629);
#2298=PLANE('',#2630);
#2299=PLANE('',#2631);
#2300=PLANE('',#2632);
#2301=PLANE('',#2633);
#2302=PLANE('',#2634);
#2303=PLANE('',#2635);
#2304=PLANE('',#2636);
#2305=PLANE('',#2637);
#2306=PLANE('',#2652);
#2307=PLANE('',#2653);
#2308=PLANE('',#2658);
#2309=PLANE('',#2663);
#2310=PLANE('',#2665);
#2311=PLANE('',#2667);
#2312=PLANE('',#2669);
#2313=PLANE('',#2675);
#2314=PLANE('',#2676);
#2315=PLANE('',#2677);
#2316=PLANE('',#2678);
#2317=PLANE('',#2679);
#2318=PLANE('',#2680);
#2319=PLANE('',#2681);
#2320=PLANE('',#2682);
#2321=PLANE('',#2685);
#2322=PLANE('',#2686);
#2323=PLANE('',#2690);
#2324=ADVANCED_FACE('',(#2023),#2215,.F.);
#2325=ADVANCED_FACE('',(#2024),#2216,.F.);
#2326=ADVANCED_FACE('',(#2025),#2217,.F.);
#2327=ADVANCED_FACE('',(#2026),#2218,.T.);
#2328=ADVANCED_FACE('',(#2027),#2219,.T.);
#2329=ADVANCED_FACE('',(#2028),#2220,.T.);
#2330=ADVANCED_FACE('',(#2029),#2221,.F.);
#2331=ADVANCED_FACE('',(#2030,#2031,#2032),#2222,.F.);
#2332=ADVANCED_FACE('',(#2033),#2223,.T.);
#2333=ADVANCED_FACE('',(#2034,#2035,#2036,#2037,#2038,#2039,#2040,#2041,
#2042,#2043,#2044),#2224,.F.);
#2334=ADVANCED_FACE('',(#2045),#2225,.T.);
#2335=ADVANCED_FACE('',(#2046),#2226,.F.);
#2336=ADVANCED_FACE('',(#2047),#2227,.F.);
#2337=ADVANCED_FACE('',(#2048),#2228,.T.);
#2338=ADVANCED_FACE('',(#2049,#2050,#2051),#2229,.T.);
#2339=ADVANCED_FACE('',(#2052),#2230,.T.);
#2340=ADVANCED_FACE('',(#2053),#2231,.T.);
#2341=ADVANCED_FACE('',(#2054),#2232,.T.);
#2342=ADVANCED_FACE('',(#2055),#2233,.F.);
#2343=ADVANCED_FACE('',(#2056),#2234,.F.);
#2344=ADVANCED_FACE('',(#2057),#2235,.T.);
#2345=ADVANCED_FACE('',(#2058),#2236,.T.);
#2346=ADVANCED_FACE('',(#2059),#2237,.F.);
#2347=ADVANCED_FACE('',(#2060),#2238,.T.);
#2348=ADVANCED_FACE('',(#2061,#2062),#2239,.F.);
#2349=ADVANCED_FACE('',(#2063),#2240,.F.);
#2350=ADVANCED_FACE('',(#2064),#2241,.T.);
#2351=ADVANCED_FACE('',(#2065,#2066),#2242,.T.);
#2352=ADVANCED_FACE('',(#2067),#2243,.F.);
#2353=ADVANCED_FACE('',(#2068),#2244,.T.);
#2354=ADVANCED_FACE('',(#2069),#2245,.T.);
#2355=ADVANCED_FACE('',(#2070),#2246,.T.);
#2356=ADVANCED_FACE('',(#2071),#2247,.T.);
#2357=ADVANCED_FACE('',(#2072),#2248,.F.);
#2358=ADVANCED_FACE('',(#2073),#2249,.F.);
#2359=ADVANCED_FACE('',(#2074),#2250,.T.);
#2360=ADVANCED_FACE('',(#2075),#2251,.T.);
#2361=ADVANCED_FACE('',(#2076),#2252,.T.);
#2362=ADVANCED_FACE('',(#2077,#2078,#2079),#2253,.F.);
#2363=ADVANCED_FACE('',(#2080),#2254,.T.);
#2364=ADVANCED_FACE('',(#2081),#2255,.F.);
#2365=ADVANCED_FACE('',(#2082),#2256,.F.);
#2366=ADVANCED_FACE('',(#2083),#2257,.F.);
#2367=ADVANCED_FACE('',(#2084),#2258,.F.);
#2368=ADVANCED_FACE('',(#2085),#2259,.T.);
#2369=ADVANCED_FACE('',(#2086),#2260,.T.);
#2370=ADVANCED_FACE('',(#2087),#32,.T.);
#2371=ADVANCED_FACE('',(#2088),#33,.T.);
#2372=ADVANCED_FACE('',(#2089),#2261,.T.);
#2373=ADVANCED_FACE('',(#2090),#2262,.T.);
#2374=ADVANCED_FACE('',(#2091),#2263,.T.);
#2375=ADVANCED_FACE('',(#2092),#2264,.F.);
#2376=ADVANCED_FACE('',(#2093),#2265,.F.);
#2377=ADVANCED_FACE('',(#2094),#2266,.F.);
#2378=ADVANCED_FACE('',(#2095),#2267,.F.);
#2379=ADVANCED_FACE('',(#2096),#2268,.F.);
#2380=ADVANCED_FACE('',(#2097,#2098),#34,.F.);
#2381=ADVANCED_FACE('',(#2099),#2269,.T.);
#2382=ADVANCED_FACE('',(#2100),#2270,.T.);
#2383=ADVANCED_FACE('',(#2101),#2271,.T.);
#2384=ADVANCED_FACE('',(#2102,#2103),#35,.F.);
#2385=ADVANCED_FACE('',(#2104,#2105),#36,.F.);
#2386=ADVANCED_FACE('',(#2106,#2107),#37,.F.);
#2387=ADVANCED_FACE('',(#2108,#2109),#38,.F.);
#2388=ADVANCED_FACE('',(#2110,#2111),#39,.F.);
#2389=ADVANCED_FACE('',(#2112,#2113),#40,.F.);
#2390=ADVANCED_FACE('',(#2114,#2115),#41,.F.);
#2391=ADVANCED_FACE('',(#2116,#2117),#42,.F.);
#2392=ADVANCED_FACE('',(#2118,#2119),#43,.F.);
#2393=ADVANCED_FACE('',(#2120,#2121),#44,.F.);
#2394=ADVANCED_FACE('',(#2122,#2123),#45,.F.);
#2395=ADVANCED_FACE('',(#2124,#2125),#46,.F.);
#2396=ADVANCED_FACE('',(#2126),#2272,.F.);
#2397=ADVANCED_FACE('',(#2127),#2273,.F.);
#2398=ADVANCED_FACE('',(#2128),#2274,.T.);
#2399=ADVANCED_FACE('',(#2129),#2275,.F.);
#2400=ADVANCED_FACE('',(#2130),#2276,.F.);
#2401=ADVANCED_FACE('',(#2131),#2277,.T.);
#2402=ADVANCED_FACE('',(#2132),#2278,.F.);
#2403=ADVANCED_FACE('',(#2133),#2279,.F.);
#2404=ADVANCED_FACE('',(#2134),#2280,.F.);
#2405=ADVANCED_FACE('',(#2135),#2281,.F.);
#2406=ADVANCED_FACE('',(#2136),#2282,.F.);
#2407=ADVANCED_FACE('',(#2137),#2283,.T.);
#2408=ADVANCED_FACE('',(#2138),#2284,.T.);
#2409=ADVANCED_FACE('',(#2139),#2285,.T.);
#2410=ADVANCED_FACE('',(#2140),#2286,.T.);
#2411=ADVANCED_FACE('',(#2141),#2287,.T.);
#2412=ADVANCED_FACE('',(#2142),#2288,.T.);
#2413=ADVANCED_FACE('',(#2143),#2289,.T.);
#2414=ADVANCED_FACE('',(#2144),#2290,.T.);
#2415=ADVANCED_FACE('',(#2145),#2291,.T.);
#2416=ADVANCED_FACE('',(#2146),#2292,.T.);
#2417=ADVANCED_FACE('',(#2147),#2293,.T.);
#2418=ADVANCED_FACE('',(#2148),#2294,.T.);
#2419=ADVANCED_FACE('',(#2149),#2295,.T.);
#2420=ADVANCED_FACE('',(#2150),#2296,.T.);
#2421=ADVANCED_FACE('',(#2151),#2297,.T.);
#2422=ADVANCED_FACE('',(#2152),#2298,.T.);
#2423=ADVANCED_FACE('',(#2153),#2299,.F.);
#2424=ADVANCED_FACE('',(#2154),#2300,.T.);
#2425=ADVANCED_FACE('',(#2155),#2301,.F.);
#2426=ADVANCED_FACE('',(#2156),#2302,.T.);
#2427=ADVANCED_FACE('',(#2157),#2303,.F.);
#2428=ADVANCED_FACE('',(#2158),#2304,.T.);
#2429=ADVANCED_FACE('',(#2159),#2305,.F.);
#2430=ADVANCED_FACE('',(#2160,#2161),#20,.F.);
#2431=ADVANCED_FACE('',(#2162,#2163),#21,.F.);
#2432=ADVANCED_FACE('',(#2164,#2165),#22,.F.);
#2433=ADVANCED_FACE('',(#2166,#2167),#23,.F.);
#2434=ADVANCED_FACE('',(#2168,#2169),#24,.F.);
#2435=ADVANCED_FACE('',(#2170,#2171),#25,.F.);
#2436=ADVANCED_FACE('',(#2172,#2173),#26,.F.);
#2437=ADVANCED_FACE('',(#2174,#2175),#27,.F.);
#2438=ADVANCED_FACE('',(#2176,#2177),#28,.F.);
#2439=ADVANCED_FACE('',(#2178,#2179),#29,.F.);
#2440=ADVANCED_FACE('',(#2180,#2181),#30,.F.);
#2441=ADVANCED_FACE('',(#2182,#2183),#31,.F.);
#2442=ADVANCED_FACE('',(#2184,#2185),#47,.F.);
#2443=ADVANCED_FACE('',(#2186,#2187),#2306,.F.);
#2444=ADVANCED_FACE('',(#2188),#2307,.F.);
#2445=ADVANCED_FACE('',(#2189),#48,.T.);
#2446=ADVANCED_FACE('',(#2190),#2308,.F.);
#2447=ADVANCED_FACE('',(#2191),#49,.T.);
#2448=ADVANCED_FACE('',(#2192),#2309,.F.);
#2449=ADVANCED_FACE('',(#2193),#2310,.F.);
#2450=ADVANCED_FACE('',(#2194),#2311,.F.);
#2451=ADVANCED_FACE('',(#2195),#2312,.F.);
#2452=ADVANCED_FACE('',(#2196,#2197),#50,.F.);
#2453=ADVANCED_FACE('',(#2198,#2199),#51,.F.);
#2454=ADVANCED_FACE('',(#2200),#2313,.F.);
#2455=ADVANCED_FACE('',(#2201),#2314,.F.);
#2456=ADVANCED_FACE('',(#2202),#2315,.F.);
#2457=ADVANCED_FACE('',(#2203),#2316,.F.);
#2458=ADVANCED_FACE('',(#2204),#2317,.F.);
#2459=ADVANCED_FACE('',(#2205),#2318,.F.);
#2460=ADVANCED_FACE('',(#2206),#2319,.F.);
#2461=ADVANCED_FACE('',(#2207),#2320,.F.);
#2462=ADVANCED_FACE('',(#2208,#2209),#52,.F.);
#2463=ADVANCED_FACE('',(#2210),#2321,.T.);
#2464=ADVANCED_FACE('',(#2211),#2322,.T.);
#2465=ADVANCED_FACE('',(#2212,#2213),#53,.F.);
#2466=ADVANCED_FACE('',(#2214),#2323,.T.);
#2467=CLOSED_SHELL('',(#2324,#2325,#2326,#2327,#2328,#2329,#2330,#2331,
#2332,#2333,#2334,#2335,#2336,#2337,#2338,#2339,#2340,#2341,#2342,#2343,
#2344,#2345,#2346,#2347,#2348,#2349,#2350,#2351,#2352,#2353,#2354,#2355,
#2356,#2357,#2358,#2359,#2360,#2361,#2362,#2363,#2364,#2365,#2366,#2367,
#2368,#2369,#2370,#2371,#2372,#2373,#2374,#2375,#2376,#2377,#2378,#2379,
#2380,#2381,#2382,#2383,#2384,#2385,#2386,#2387,#2388,#2389,#2390,#2391,
#2392,#2393,#2394,#2395,#2396,#2397,#2398,#2399,#2400,#2401,#2402,#2403,
#2404,#2405,#2406,#2407,#2408,#2409,#2410,#2411,#2412,#2413,#2414,#2415,
#2416,#2417,#2418,#2419,#2420,#2421,#2422,#2423,#2424,#2425,#2426,#2427,
#2428,#2429,#2430,#2431,#2432,#2433,#2434,#2435,#2436,#2437,#2438,#2439,
#2440,#2441,#2442,#2443,#2444,#2445,#2446,#2447,#2448,#2449,#2450,#2451,
#2452,#2453,#2454,#2455,#2456,#2457,#2458,#2459,#2460,#2461,#2462,#2463,
#2464,#2465,#2466));
#2468=STYLED_ITEM('',(#2469),#2476);
#2469=PRESENTATION_STYLE_ASSIGNMENT((#2470));
#2470=SURFACE_STYLE_USAGE(.BOTH.,#2471);
#2471=SURFACE_SIDE_STYLE('',(#2472));
#2472=SURFACE_STYLE_FILL_AREA(#2473);
#2473=FILL_AREA_STYLE('',(#2474));
#2474=FILL_AREA_STYLE_COLOUR('',#2475);
#2475=COLOUR_RGB('',0.498039215686275,0.498039215686275,0.498039215686275);
#2476=MANIFOLD_SOLID_BREP('Lower Shell',#2467);
#2477=SHAPE_DEFINITION_REPRESENTATION(#4094,#2478);
#2478=SHAPE_REPRESENTATION('Lower Shell',(#2479),#4089);
#2479=AXIS2_PLACEMENT_3D('',#3370,#2691,#2692);
#2480=AXIS2_PLACEMENT_3D('',#3371,#2693,#2694);
#2481=AXIS2_PLACEMENT_3D('',#3386,#2702,#2703);
#2482=AXIS2_PLACEMENT_3D('',#3395,#2708,#2709);
#2483=AXIS2_PLACEMENT_3D('',#3404,#2714,#2715);
#2484=AXIS2_PLACEMENT_3D('',#3421,#2724,#2725);
#2485=AXIS2_PLACEMENT_3D('',#3438,#2734,#2735);
#2486=AXIS2_PLACEMENT_3D('',#3452,#2743,#2744);
#2487=AXIS2_PLACEMENT_3D('',#3458,#2748,#2749);
#2488=AXIS2_PLACEMENT_3D('',#3488,#2765,#2766);
#2489=AXIS2_PLACEMENT_3D('',#3496,#2770,#2771);
#2490=AXIS2_PLACEMENT_3D('',#3497,#2772,#2773);
#2491=AXIS2_PLACEMENT_3D('',#3529,#2790,#2791);
#2492=AXIS2_PLACEMENT_3D('',#3538,#2796,#2797);
#2493=AXIS2_PLACEMENT_3D('',#3541,#2798,#2799);
#2494=AXIS2_PLACEMENT_3D('',#3542,#2800,#2801);
#2495=AXIS2_PLACEMENT_3D('',#3545,#2802,#2803);
#2496=AXIS2_PLACEMENT_3D('',#3546,#2804,#2805);
#2497=AXIS2_PLACEMENT_3D('',#3548,#2806,#2807);
#2498=AXIS2_PLACEMENT_3D('',#3550,#2808,#2809);
#2499=AXIS2_PLACEMENT_3D('',#3552,#2810,#2811);
#2500=AXIS2_PLACEMENT_3D('',#3554,#2812,#2813);
#2501=AXIS2_PLACEMENT_3D('',#3556,#2814,#2815);
#2502=AXIS2_PLACEMENT_3D('',#3558,#2816,#2817);
#2503=AXIS2_PLACEMENT_3D('',#3578,#2827,#2828);
#2504=AXIS2_PLACEMENT_3D('',#3580,#2829,#2830);
#2505=AXIS2_PLACEMENT_3D('',#3595,#2838,#2839);
#2506=AXIS2_PLACEMENT_3D('',#3609,#2847,#2848);
#2507=AXIS2_PLACEMENT_3D('',#3615,#2852,#2853);
#2508=AXIS2_PLACEMENT_3D('',#3619,#2856,#2857);
#2509=AXIS2_PLACEMENT_3D('',#3623,#2860,#2861);
#2510=AXIS2_PLACEMENT_3D('',#3624,#2862,#2863);
#2511=AXIS2_PLACEMENT_3D('',#3626,#2864,#2865);
#2512=AXIS2_PLACEMENT_3D('',#3631,#2867,#2868);
#2513=AXIS2_PLACEMENT_3D('',#3641,#2874,#2875);
#2514=AXIS2_PLACEMENT_3D('',#3642,#2876,#2877);
#2515=AXIS2_PLACEMENT_3D('',#3648,#2881,#2882);
#2516=AXIS2_PLACEMENT_3D('',#3650,#2884,#2885);
#2517=AXIS2_PLACEMENT_3D('',#3652,#2887,#2888);
#2518=AXIS2_PLACEMENT_3D('',#3653,#2889,#2890);
#2519=AXIS2_PLACEMENT_3D('',#3659,#2894,#2895);
#2520=AXIS2_PLACEMENT_3D('',#3679,#2907,#2908);
#2521=AXIS2_PLACEMENT_3D('',#3691,#2915,#2916);
#2522=AXIS2_PLACEMENT_3D('',#3700,#2922,#2923);
#2523=AXIS2_PLACEMENT_3D('',#3711,#2930,#2931);
#2524=AXIS2_PLACEMENT_3D('',#3712,#2932,#2933);
#2525=AXIS2_PLACEMENT_3D('',#3715,#2934,#2935);
#2526=AXIS2_PLACEMENT_3D('',#3727,#2943,#2944);
#2527=AXIS2_PLACEMENT_3D('',#3732,#2948,#2949);
#2528=AXIS2_PLACEMENT_3D('',#3736,#2952,#2953);
#2529=AXIS2_PLACEMENT_3D('',#3737,#2954,#2955);
#2530=AXIS2_PLACEMENT_3D('',#3745,#2959,#2960);
#2531=AXIS2_PLACEMENT_3D('',#3754,#2965,#2966);
#2532=AXIS2_PLACEMENT_3D('',#3758,#2969,#2970);
#2533=AXIS2_PLACEMENT_3D('',#3760,#2972,#2973);
#2534=AXIS2_PLACEMENT_3D('',#3766,#2977,#2978);
#2535=AXIS2_PLACEMENT_3D('',#3769,#2981,#2982);
#2536=AXIS2_PLACEMENT_3D('',#3776,#2987,#2988);
#2537=AXIS2_PLACEMENT_3D('',#3784,#2993,#2994);
#2538=AXIS2_PLACEMENT_3D('',#3786,#2996,#2997);
#2539=AXIS2_PLACEMENT_3D('',#3790,#3000,#3001);
#2540=AXIS2_PLACEMENT_3D('',#3792,#3003,#3004);
#2541=AXIS2_PLACEMENT_3D('',#3794,#3006,#3007);
#2542=AXIS2_PLACEMENT_3D('',#3795,#3008,#3009);
#2543=AXIS2_PLACEMENT_3D('',#3800,#3013,#3014);
#2544=AXIS2_PLACEMENT_3D('',#3802,#3015,#3016);
#2545=AXIS2_PLACEMENT_3D('',#3803,#3017,#3018);
#2546=AXIS2_PLACEMENT_3D('',#3806,#3021,#3022);
#2547=AXIS2_PLACEMENT_3D('',#3808,#3024,#3025);
#2548=AXIS2_PLACEMENT_3D('',#3810,#3027,#3028);
#2549=AXIS2_PLACEMENT_3D('',#3813,#3031,#3032);
#2550=AXIS2_PLACEMENT_3D('',#3815,#3034,#3035);
#2551=AXIS2_PLACEMENT_3D('',#3817,#3037,#3038);
#2552=AXIS2_PLACEMENT_3D('',#3818,#3039,#3040);
#2553=AXIS2_PLACEMENT_3D('',#3819,#3041,#3042);
#2554=AXIS2_PLACEMENT_3D('',#3821,#3044,#3045);
#2555=AXIS2_PLACEMENT_3D('',#3823,#3047,#3048);
#2556=AXIS2_PLACEMENT_3D('',#3824,#3049,#3050);
#2557=AXIS2_PLACEMENT_3D('',#3826,#3052,#3053);
#2558=AXIS2_PLACEMENT_3D('',#3828,#3055,#3056);
#2559=AXIS2_PLACEMENT_3D('',#3832,#3059,#3060);
#2560=AXIS2_PLACEMENT_3D('',#3834,#3062,#3063);
#2561=AXIS2_PLACEMENT_3D('',#3836,#3065,#3066);
#2562=AXIS2_PLACEMENT_3D('',#3838,#3067,#3068);
#2563=AXIS2_PLACEMENT_3D('',#3839,#3069,#3070);
#2564=AXIS2_PLACEMENT_3D('',#3840,#3071,#3072);
#2565=AXIS2_PLACEMENT_3D('',#3842,#3073,#3074);
#2566=AXIS2_PLACEMENT_3D('',#3844,#3075,#3076);
#2567=AXIS2_PLACEMENT_3D('',#3853,#3081,#3082);
#2568=AXIS2_PLACEMENT_3D('',#3862,#3087,#3088);
#2569=AXIS2_PLACEMENT_3D('',#3864,#3090,#3091);
#2570=AXIS2_PLACEMENT_3D('',#3865,#3092,#3093);
#2571=AXIS2_PLACEMENT_3D('',#3867,#3094,#3095);
#2572=AXIS2_PLACEMENT_3D('',#3869,#3096,#3097);
#2573=AXIS2_PLACEMENT_3D('',#3870,#3098,#3099);
#2574=AXIS2_PLACEMENT_3D('',#3872,#3100,#3101);
#2575=AXIS2_PLACEMENT_3D('',#3874,#3102,#3103);
#2576=AXIS2_PLACEMENT_3D('',#3875,#3104,#3105);
#2577=AXIS2_PLACEMENT_3D('',#3877,#3106,#3107);
#2578=AXIS2_PLACEMENT_3D('',#3879,#3108,#3109);
#2579=AXIS2_PLACEMENT_3D('',#3880,#3110,#3111);
#2580=AXIS2_PLACEMENT_3D('',#3882,#3112,#3113);
#2581=AXIS2_PLACEMENT_3D('',#3884,#3114,#3115);
#2582=AXIS2_PLACEMENT_3D('',#3885,#3116,#3117);
#2583=AXIS2_PLACEMENT_3D('',#3887,#3118,#3119);
#2584=AXIS2_PLACEMENT_3D('',#3889,#3120,#3121);
#2585=AXIS2_PLACEMENT_3D('',#3890,#3122,#3123);
#2586=AXIS2_PLACEMENT_3D('',#3892,#3124,#3125);
#2587=AXIS2_PLACEMENT_3D('',#3893,#3126,#3127);
#2588=AXIS2_PLACEMENT_3D('',#3895,#3128,#3129);
#2589=AXIS2_PLACEMENT_3D('',#3897,#3130,#3131);
#2590=AXIS2_PLACEMENT_3D('',#3898,#3132,#3133);
#2591=AXIS2_PLACEMENT_3D('',#3900,#3134,#3135);
#2592=AXIS2_PLACEMENT_3D('',#3902,#3136,#3137);
#2593=AXIS2_PLACEMENT_3D('',#3903,#3138,#3139);
#2594=AXIS2_PLACEMENT_3D('',#3905,#3140,#3141);
#2595=AXIS2_PLACEMENT_3D('',#3907,#3142,#3143);
#2596=AXIS2_PLACEMENT_3D('',#3908,#3144,#3145);
#2597=AXIS2_PLACEMENT_3D('',#3910,#3146,#3147);
#2598=AXIS2_PLACEMENT_3D('',#3912,#3148,#3149);
#2599=AXIS2_PLACEMENT_3D('',#3913,#3150,#3151);
#2600=AXIS2_PLACEMENT_3D('',#3915,#3152,#3153);
#2601=AXIS2_PLACEMENT_3D('',#3917,#3154,#3155);
#2602=AXIS2_PLACEMENT_3D('',#3918,#3156,#3157);
#2603=AXIS2_PLACEMENT_3D('',#3920,#3158,#3159);
#2604=AXIS2_PLACEMENT_3D('',#3922,#3160,#3161);
#2605=AXIS2_PLACEMENT_3D('',#3928,#3165,#3166);
#2606=AXIS2_PLACEMENT_3D('',#3934,#3170,#3171);
#2607=AXIS2_PLACEMENT_3D('',#3937,#3174,#3175);
#2608=AXIS2_PLACEMENT_3D('',#3943,#3179,#3180);
#2609=AXIS2_PLACEMENT_3D('',#3949,#3184,#3185);
#2610=AXIS2_PLACEMENT_3D('',#3952,#3188,#3189);
#2611=AXIS2_PLACEMENT_3D('',#3955,#3192,#3193);
#2612=AXIS2_PLACEMENT_3D('',#3959,#3196,#3197);
#2613=AXIS2_PLACEMENT_3D('',#3964,#3201,#3202);
#2614=AXIS2_PLACEMENT_3D('',#3966,#3204,#3205);
#2615=AXIS2_PLACEMENT_3D('',#3968,#3207,#3208);
#2616=AXIS2_PLACEMENT_3D('',#3969,#3209,#3210);
#2617=AXIS2_PLACEMENT_3D('',#3970,#3211,#3212);
#2618=AXIS2_PLACEMENT_3D('',#3971,#3213,#3214);
#2619=AXIS2_PLACEMENT_3D('',#3972,#3215,#3216);
#2620=AXIS2_PLACEMENT_3D('',#3973,#3217,#3218);
#2621=AXIS2_PLACEMENT_3D('',#3974,#3219,#3220);
#2622=AXIS2_PLACEMENT_3D('',#3975,#3221,#3222);
#2623=AXIS2_PLACEMENT_3D('',#3976,#3223,#3224);
#2624=AXIS2_PLACEMENT_3D('',#3977,#3225,#3226);
#2625=AXIS2_PLACEMENT_3D('',#3978,#3227,#3228);
#2626=AXIS2_PLACEMENT_3D('',#3979,#3229,#3230);
#2627=AXIS2_PLACEMENT_3D('',#3980,#3231,#3232);
#2628=AXIS2_PLACEMENT_3D('',#3981,#3233,#3234);
#2629=AXIS2_PLACEMENT_3D('',#3982,#3235,#3236);
#2630=AXIS2_PLACEMENT_3D('',#3983,#3237,#3238);
#2631=AXIS2_PLACEMENT_3D('',#3986,#3241,#3242);
#2632=AXIS2_PLACEMENT_3D('',#3988,#3244,#3245);
#2633=AXIS2_PLACEMENT_3D('',#3990,#3247,#3248);
#2634=AXIS2_PLACEMENT_3D('',#3991,#3249,#3250);
#2635=AXIS2_PLACEMENT_3D('',#3994,#3253,#3254);
#2636=AXIS2_PLACEMENT_3D('',#3996,#3256,#3257);
#2637=AXIS2_PLACEMENT_3D('',#3998,#3259,#3260);
#2638=AXIS2_PLACEMENT_3D('',#3999,#3261,#3262);
#2639=AXIS2_PLACEMENT_3D('',#4009,#3263,#3264);
#2640=AXIS2_PLACEMENT_3D('',#4010,#3265,#3266);
#2641=AXIS2_PLACEMENT_3D('',#4020,#3267,#3268);
#2642=AXIS2_PLACEMENT_3D('',#4021,#3269,#3270);
#2643=AXIS2_PLACEMENT_3D('',#4022,#3271,#3272);
#2644=AXIS2_PLACEMENT_3D('',#4023,#3273,#3274);
#2645=AXIS2_PLACEMENT_3D('',#4024,#3275,#3276);
#2646=AXIS2_PLACEMENT_3D('',#4032,#3277,#3278);
#2647=AXIS2_PLACEMENT_3D('',#4033,#3279,#3280);
#2648=AXIS2_PLACEMENT_3D('',#4034,#3281,#3282);
#2649=AXIS2_PLACEMENT_3D('',#4035,#3283,#3284);
#2650=AXIS2_PLACEMENT_3D('',#4036,#3285,#3286);
#2651=AXIS2_PLACEMENT_3D('',#4037,#3287,#3288);
#2652=AXIS2_PLACEMENT_3D('',#4039,#3289,#3290);
#2653=AXIS2_PLACEMENT_3D('',#4040,#3291,#3292);
#2654=AXIS2_PLACEMENT_3D('',#4044,#3294,#3295);
#2655=AXIS2_PLACEMENT_3D('',#4045,#3296,#3297);
#2656=AXIS2_PLACEMENT_3D('',#4046,#3298,#3299);
#2657=AXIS2_PLACEMENT_3D('',#4047,#3300,#3301);
#2658=AXIS2_PLACEMENT_3D('',#4048,#3302,#3303);
#2659=AXIS2_PLACEMENT_3D('',#4049,#3304,#3305);
#2660=AXIS2_PLACEMENT_3D('',#4050,#3306,#3307);
#2661=AXIS2_PLACEMENT_3D('',#4051,#3308,#3309);
#2662=AXIS2_PLACEMENT_3D('',#4053,#3310,#3311);
#2663=AXIS2_PLACEMENT_3D('',#4054,#3312,#3313);
#2664=AXIS2_PLACEMENT_3D('',#4057,#3315,#3316);
#2665=AXIS2_PLACEMENT_3D('',#4060,#3318,#3319);
#2666=AXIS2_PLACEMENT_3D('',#4061,#3320,#3321);
#2667=AXIS2_PLACEMENT_3D('',#4062,#3322,#3323);
#2668=AXIS2_PLACEMENT_3D('',#4063,#3324,#3325);
#2669=AXIS2_PLACEMENT_3D('',#4064,#3326,#3327);
#2670=AXIS2_PLACEMENT_3D('',#4065,#3328,#3329);
#2671=AXIS2_PLACEMENT_3D('',#4066,#3330,#3331);
#2672=AXIS2_PLACEMENT_3D('',#4067,#3332,#3333);
#2673=AXIS2_PLACEMENT_3D('',#4069,#3334,#3335);
#2674=AXIS2_PLACEMENT_3D('',#4070,#3336,#3337);
#2675=AXIS2_PLACEMENT_3D('',#4072,#3338,#3339);
#2676=AXIS2_PLACEMENT_3D('',#4073,#3340,#3341);
#2677=AXIS2_PLACEMENT_3D('',#4074,#3342,#3343);
#2678=AXIS2_PLACEMENT_3D('',#4075,#3344,#3345);
#2679=AXIS2_PLACEMENT_3D('',#4076,#3346,#3347);
#2680=AXIS2_PLACEMENT_3D('',#4077,#3348,#3349);
#2681=AXIS2_PLACEMENT_3D('',#4078,#3350,#3351);
#2682=AXIS2_PLACEMENT_3D('',#4079,#3352,#3353);
#2683=AXIS2_PLACEMENT_3D('',#4080,#3354,#3355);
#2684=AXIS2_PLACEMENT_3D('',#4081,#3356,#3357);
#2685=AXIS2_PLACEMENT_3D('',#4082,#3358,#3359);
#2686=AXIS2_PLACEMENT_3D('',#4083,#3360,#3361);
#2687=AXIS2_PLACEMENT_3D('',#4084,#3362,#3363);
#2688=AXIS2_PLACEMENT_3D('',#4085,#3364,#3365);
#2689=AXIS2_PLACEMENT_3D('',#4086,#3366,#3367);
#2690=AXIS2_PLACEMENT_3D('',#4087,#3368,#3369);
#2691=DIRECTION('',(0.,0.,1.));
#2692=DIRECTION('',(1.,0.,0.));
#2693=DIRECTION('',(0.,1.,0.));
#2694=DIRECTION('',(-1.,0.,0.));
#2695=DIRECTION('',(0.,0.,1.));
#2696=DIRECTION('',(1.,0.,-1.59882348016295E-16));
#2697=DIRECTION('',(0.,0.,-1.));
#2698=DIRECTION('',(1.,0.,0.));
#2699=DIRECTION('',(0.,0.,-1.));
#2700=DIRECTION('',(0.694658370458997,0.,0.719339800338651));
#2701=DIRECTION('',(-1.,0.,0.));
#2702=DIRECTION('',(0.,0.,1.));
#2703=DIRECTION('',(1.,0.,0.));
#2704=DIRECTION('',(0.,1.,0.));
#2705=DIRECTION('',(1.,0.,0.));
#2706=DIRECTION('',(0.,1.,0.));
#2707=DIRECTION('',(-1.,0.,0.));
#2708=DIRECTION('',(0.719339800338651,0.,0.694658370458997));
#2709=DIRECTION('',(0.694658370458998,0.,-0.719339800338651));
#2710=DIRECTION('',(0.,1.,0.));
#2711=DIRECTION('',(-0.563915606871313,-0.58395170533485,0.58395170533485));
#2712=DIRECTION('',(0.,1.,0.));
#2713=DIRECTION('',(0.694658370458998,0.,-0.719339800338651));
#2714=DIRECTION('',(0.,0.,1.));
#2715=DIRECTION('',(1.,0.,0.));
#2716=DIRECTION('',(-1.,0.,0.));
#2717=DIRECTION('',(0.,1.,0.));
#2718=DIRECTION('',(-1.,3.41903981430443E-14,0.));
#2719=DIRECTION('',(-3.38327478647246E-14,-1.,0.));
#2720=DIRECTION('',(1.,0.,0.));
#2721=DIRECTION('',(0.,-1.,0.));
#2722=DIRECTION('',(-1.,0.,0.));
#2723=DIRECTION('',(0.,-1.,0.));
#2724=DIRECTION('',(-1.,0.,0.));
#2725=DIRECTION('',(0.,0.,1.));
#2726=DIRECTION('',(1.21806212473503E-16,0.,1.));
#2727=DIRECTION('',(0.,1.,0.));
#2728=DIRECTION('',(1.21806212473503E-16,0.,1.));
#2729=DIRECTION('',(0.,1.,0.));
#2730=DIRECTION('',(0.,0.,-1.));
#2731=DIRECTION('',(0.,1.,-2.07165831894472E-30));
#2732=DIRECTION('',(0.,0.,-1.));
#2733=DIRECTION('',(0.,1.,0.));
#2734=DIRECTION('',(1.85863229568943E-16,-1.,0.));
#2735=DIRECTION('',(1.,1.85863229568943E-16,0.));
#2736=DIRECTION('',(-1.,-1.85863229568943E-16,1.21806212473503E-16));
#2737=DIRECTION('',(1.21806212473503E-16,0.,1.));
#2738=DIRECTION('',(-1.,-1.85863229568943E-16,1.21806212473503E-16));
#2739=DIRECTION('',(-1.,-1.85863229568943E-16,7.04749386724385E-44));
#2740=DIRECTION('',(7.0089893566716E-44,1.30271339784534E-59,-1.));
#2741=DIRECTION('',(-1.,-1.85863229568943E-16,0.));
#2742=DIRECTION('',(0.,0.,-1.));
#2743=DIRECTION('',(0.719339800338651,0.,0.694658370458997));
#2744=DIRECTION('',(0.694658370458998,0.,-0.719339800338651));
#2745=DIRECTION('',(0.,1.,0.));
#2746=DIRECTION('',(0.563915606871313,-0.58395170533485,-0.58395170533485));
#2747=DIRECTION('',(-0.694658370458998,0.,0.719339800338651));
#2748=DIRECTION('',(0.,0.,1.));
#2749=DIRECTION('',(1.,0.,0.));
#2750=DIRECTION('',(0.,1.,0.));
#2751=DIRECTION('',(-1.,0.,0.));
#2752=DIRECTION('',(0.,1.,0.));
#2753=DIRECTION('',(1.,0.,0.));
#2754=DIRECTION('',(0.,1.,0.));
#2755=DIRECTION('',(1.,-2.47817639425258E-16,0.));
#2756=DIRECTION('',(0.,1.,0.));
#2757=DIRECTION('',(1.,-1.23908819712629E-16,0.));
#2758=DIRECTION('',(0.,1.,0.));
#2759=DIRECTION('',(1.,0.,0.));
#2760=DIRECTION('',(1.,0.,0.));
#2761=DIRECTION('',(0.,1.,0.));
#2762=DIRECTION('',(-1.,0.,0.));
#2763=DIRECTION('',(0.,1.,0.));
#2764=DIRECTION('',(0.,1.,0.));
#2765=DIRECTION('',(0.,0.,1.));
#2766=DIRECTION('',(1.,0.,0.));
#2767=DIRECTION('',(-0.6941885093125,-0.719793243604362,0.));
#2768=DIRECTION('',(1.,0.,0.));
#2769=DIRECTION('',(-0.713592146335106,0.700561381100084,0.));
#2770=DIRECTION('',(0.,0.,1.));
#2771=DIRECTION('',(1.,0.,0.));
#2772=DIRECTION('',(0.,0.,1.));
#2773=DIRECTION('',(1.,0.,0.));
#2774=DIRECTION('',(0.,1.,0.));
#2775=DIRECTION('',(-1.,0.,0.));
#2776=DIRECTION('',(0.,-1.,0.));
#2777=DIRECTION('',(-1.,-2.16840434497101E-16,0.));
#2778=DIRECTION('',(0.,-1.,0.));
#2779=DIRECTION('',(1.,0.,0.));
#2780=DIRECTION('',(0.,-1.,0.));
#2781=DIRECTION('',(1.,3.25260651745651E-16,0.));
#2782=DIRECTION('',(0.,-1.,0.));
#2783=DIRECTION('',(3.38327478647246E-14,1.,0.));
#2784=DIRECTION('',(1.,-3.38327478647246E-14,0.));
#2785=DIRECTION('',(3.38327478647246E-14,1.,0.));
#2786=DIRECTION('',(1.,-3.38327478647246E-14,0.));
#2787=DIRECTION('',(3.38327478647246E-14,1.,-2.07165831894472E-30));
#2788=DIRECTION('',(0.998342648179792,0.0575496031729211,0.));
#2789=DIRECTION('',(1.,0.,0.));
#2790=DIRECTION('',(0.,-2.07165831894472E-30,-1.));
#2791=DIRECTION('',(1.,0.,0.));
#2792=DIRECTION('',(1.,-3.39234813079909E-14,7.02778622592653E-44));
#2793=DIRECTION('',(-3.37031989618352E-14,-1.,2.07165831894472E-30));
#2794=DIRECTION('',(-1.,3.39234813079909E-14,-7.02778622592653E-44));
#2795=DIRECTION('',(3.37031989618352E-14,1.,-2.07165831894472E-30));
#2796=DIRECTION('',(0.,-2.07165831894472E-30,-1.));
#2797=DIRECTION('',(0.,1.,-2.07165831894472E-30));
#2798=DIRECTION('',(0.,-2.07165831894472E-30,-1.));
#2799=DIRECTION('',(0.,1.,-2.07165831894472E-30));
#2800=DIRECTION('',(0.,-2.07165831894472E-30,-1.));
#2801=DIRECTION('',(0.,1.,-2.07165831894472E-30));
#2802=DIRECTION('',(0.,-2.07165831894472E-30,-1.));
#2803=DIRECTION('',(0.,1.,-2.07165831894472E-30));
#2804=DIRECTION('',(0.,-2.07165831894472E-30,-1.));
#2805=DIRECTION('',(0.,1.,-2.07165831894472E-30));
#2806=DIRECTION('',(0.,-2.07165831894472E-30,-1.));
#2807=DIRECTION('',(0.,1.,-2.07165831894472E-30));
#2808=DIRECTION('',(0.,-2.07165831894472E-30,-1.));
#2809=DIRECTION('',(0.,1.,-2.07165831894472E-30));
#2810=DIRECTION('',(0.,-2.07165831894472E-30,-1.));
#2811=DIRECTION('',(0.,1.,-2.07165831894472E-30));
#2812=DIRECTION('',(0.,-2.07165831894472E-30,-1.));
#2813=DIRECTION('',(0.,1.,-2.07165831894472E-30));
#2814=DIRECTION('',(0.,-2.07165831894472E-30,-1.));
#2815=DIRECTION('',(0.,1.,-2.07165831894472E-30));
#2816=DIRECTION('',(0.,-2.07165831894472E-30,-1.));
#2817=DIRECTION('',(0.,1.,-2.07165831894472E-30));
#2818=DIRECTION('',(1.,-3.38327478647246E-14,0.));
#2819=DIRECTION('',(-3.17206578464331E-14,-1.,2.07165831894472E-30));
#2820=DIRECTION('',(-1.,3.3742072317039E-14,-6.99020448140284E-44));
#2821=DIRECTION('',(3.56857400772373E-14,1.,-2.07165831894472E-30));
#2822=DIRECTION('',(1.,-3.38327478647246E-14,0.));
#2823=DIRECTION('',(-3.38327478647246E-14,-1.,2.07165831894472E-30));
#2824=DIRECTION('',(-1.,0.,7.0089893566716E-44));
#2825=DIRECTION('',(-3.38327478647246E-14,-1.,2.07165831894472E-30));
#2826=DIRECTION('',(3.38327478647246E-14,1.,-2.07165831894472E-30));
#2827=DIRECTION('',(0.,-2.07165831894472E-30,-1.));
#2828=DIRECTION('',(0.,1.,-2.07165831894472E-30));
#2829=DIRECTION('',(0.,-2.07165831894472E-30,-1.));
#2830=DIRECTION('',(0.,1.,-2.07165831894472E-30));
#2831=DIRECTION('',(3.38327478647246E-14,1.,-2.07165831894472E-30));
#2832=DIRECTION('',(1.,-3.41903981430443E-14,7.08308227410698E-44));
#2833=DIRECTION('',(0.,-1.,2.07165831894472E-30));
#2834=DIRECTION('',(1.,0.,-7.0089893566716E-44));
#2835=DIRECTION('',(3.38327478647246E-14,1.,-2.07165831894472E-30));
#2836=DIRECTION('',(-1.,3.38327478647246E-14,0.));
#2837=DIRECTION('',(-3.38327478647246E-14,-1.,2.07165831894472E-30));
#2838=DIRECTION('',(0.,-1.,0.));
#2839=DIRECTION('',(0.,0.,-1.));
#2840=DIRECTION('',(0.,0.,-1.));
#2841=DIRECTION('',(-1.,0.,0.));
#2842=DIRECTION('',(0.,0.,-1.));
#2843=DIRECTION('',(1.,0.,0.));
#2844=DIRECTION('',(0.,0.,-1.));
#2845=DIRECTION('',(-1.,0.,1.21806212473503E-16));
#2846=DIRECTION('',(0.,0.,-1.));
#2847=DIRECTION('',(1.,0.,0.));
#2848=DIRECTION('',(0.,0.,-1.));
#2849=DIRECTION('',(0.,1.,0.));
#2850=DIRECTION('',(0.,0.,-1.));
#2851=DIRECTION('',(0.,1.,0.));
#2852=DIRECTION('',(0.,0.,-1.));
#2853=DIRECTION('',(-1.,0.,0.));
#2854=DIRECTION('',(0.,1.,0.));
#2855=DIRECTION('',(-1.,0.,0.));
#2856=DIRECTION('',(1.,0.,0.));
#2857=DIRECTION('',(0.,0.,-1.));
#2858=DIRECTION('',(0.,0.,-1.));
#2859=DIRECTION('',(0.,1.,0.));
#2860=DIRECTION('',(1.21806212473503E-16,0.,1.));
#2861=DIRECTION('',(1.,0.,-1.21806212473503E-16));
#2862=DIRECTION('',(1.21806212473503E-16,0.,1.));
#2863=DIRECTION('',(1.,0.,-1.21806212473503E-16));
#2864=DIRECTION('',(1.21806212473503E-16,0.,1.));
#2865=DIRECTION('',(1.,0.,-1.21806212473503E-16));
#2866=DIRECTION('',(-1.,0.,1.21806212473503E-16));
#2867=DIRECTION('',(1.21806212473503E-16,0.,1.));
#2868=DIRECTION('',(1.,0.,-1.21806212473503E-16));
#2869=DIRECTION('',(0.,-1.,0.));
#2870=DIRECTION('',(1.,3.25260651745651E-16,-1.21806212473503E-16));
#2871=DIRECTION('',(0.,-1.,0.));
#2872=DIRECTION('',(1.,0.,-1.21806212473503E-16));
#2873=DIRECTION('',(0.,1.,0.));
#2874=DIRECTION('',(1.21806212473503E-16,0.,1.));
#2875=DIRECTION('',(1.,0.,-1.21806212473503E-16));
#2876=DIRECTION('',(1.23293883809091E-17,0.099503719020999,-0.995037190209989));
#2877=DIRECTION('',(-1.,1.23908819712629E-16,0.));
#2878=DIRECTION('',(0.,-0.995037190209989,-0.099503719020999));
#2879=DIRECTION('',(0.,0.995037190209989,0.099503719020999));
#2880=DIRECTION('',(1.,-2.47817639425258E-16,0.));
#2881=DIRECTION('',(1.,0.,0.));
#2882=DIRECTION('',(0.,0.,-1.));
#2883=DIRECTION('',(0.,0.,1.));
#2884=DIRECTION('',(-2.47817639425259E-16,-1.,0.));
#2885=DIRECTION('',(1.,-2.47817639425259E-16,0.));
#2886=DIRECTION('',(0.,0.,1.));
#2887=DIRECTION('',(1.,0.,0.));
#2888=DIRECTION('',(0.,0.,-1.));
#2889=DIRECTION('',(0.,1.,0.));
#2890=DIRECTION('',(-1.,0.,0.));
#2891=DIRECTION('',(0.,0.,1.));
#2892=DIRECTION('',(-1.,0.,0.));
#2893=DIRECTION('',(0.,0.,-1.));
#2894=DIRECTION('',(0.,-1.,0.));
#2895=DIRECTION('',(0.,0.,-1.));
#2896=DIRECTION('',(1.21806212473503E-16,0.,1.));
#2897=DIRECTION('',(-1.,0.,1.21806212473503E-16));
#2898=DIRECTION('',(-1.,0.,1.21806212473503E-16));
#2899=DIRECTION('',(1.21806212473503E-16,0.,1.));
#2900=DIRECTION('',(1.21806212473503E-16,0.,1.));
#2901=DIRECTION('',(-1.,0.,1.21806212473503E-16));
#2902=DIRECTION('',(-1.,0.,1.21806212473503E-16));
#2903=DIRECTION('',(-1.,0.,1.21806212473503E-16));
#2904=DIRECTION('',(0.,0.,-1.));
#2905=DIRECTION('',(0.,0.,-1.));
#2906=DIRECTION('',(-1.,0.,1.21806212473503E-16));
#2907=DIRECTION('',(0.,0.,1.));
#2908=DIRECTION('',(1.,0.,0.));
#2909=DIRECTION('',(0.,1.,0.));
#2910=DIRECTION('',(1.,0.,0.));
#2911=DIRECTION('',(0.,-1.,0.));
#2912=DIRECTION('',(-1.,-2.16840434497101E-16,1.21806212473503E-16));
#2913=DIRECTION('',(0.,-1.,0.));
#2914=DIRECTION('',(1.,0.,-1.21806212473503E-16));
#2915=DIRECTION('',(0.,-1.,0.));
#2916=DIRECTION('',(1.,0.,0.));
#2917=DIRECTION('',(0.,0.,-1.));
#2918=DIRECTION('',(1.,0.,0.));
#2919=DIRECTION('',(0.694658370458997,0.,0.719339800338652));
#2920=DIRECTION('',(1.,0.,0.));
#2921=DIRECTION('',(0.,0.,1.));
#2922=DIRECTION('',(-1.,0.,0.));
#2923=DIRECTION('',(0.,0.,1.));
#2924=DIRECTION('',(0.,1.,0.));
#2925=DIRECTION('',(0.,0.,1.));
#2926=DIRECTION('',(0.,-1.,0.));
#2927=DIRECTION('',(0.,-0.707106781186548,0.707106781186547));
#2928=DIRECTION('',(0.,1.,0.));
#2929=DIRECTION('',(1.21806212473503E-16,0.,1.));
#2930=DIRECTION('',(0.,0.,1.));
#2931=DIRECTION('',(1.,0.,0.));
#2932=DIRECTION('',(0.,0.,1.));
#2933=DIRECTION('',(1.,0.,0.));
#2934=DIRECTION('',(0.,0.,1.));
#2935=DIRECTION('',(1.,0.,0.));
#2936=DIRECTION('',(-1.,1.08079006832297E-16,0.));
#2937=DIRECTION('',(0.,-1.,0.));
#2938=DIRECTION('',(0.,1.,0.));
#2939=DIRECTION('',(1.,0.,0.));
#2940=DIRECTION('',(0.,1.,0.));
#2941=DIRECTION('',(-1.,0.,0.));
#2942=DIRECTION('',(-1.,0.,0.));
#2943=DIRECTION('',(1.,0.,0.));
#2944=DIRECTION('',(0.,0.,-1.));
#2945=DIRECTION('',(0.,1.,0.));
#2946=DIRECTION('',(0.,-0.707106781186548,0.707106781186548));
#2947=DIRECTION('',(-1.26112372572051E-16,0.,1.));
#2948=DIRECTION('',(1.,0.,0.));
#2949=DIRECTION('',(0.,0.,-1.));
#2950=DIRECTION('',(0.,1.,0.));
#2951=DIRECTION('',(-1.26112372572051E-16,0.,1.));
#2952=DIRECTION('',(1.59882348016295E-16,0.,1.));
#2953=DIRECTION('',(1.,0.,-1.59882348016295E-16));
#2954=DIRECTION('',(1.59882348016295E-16,0.,1.));
#2955=DIRECTION('',(1.,0.,-1.59882348016295E-16));
#2956=DIRECTION('',(0.713592146335106,-0.700561381100084,-1.14090787882045E-16));
#2957=DIRECTION('',(1.,0.,-1.59882348016295E-16));
#2958=DIRECTION('',(0.6941885093125,0.719793243604362,-1.10988488834815E-16));
#2959=DIRECTION('',(1.59882348016295E-16,0.,1.));
#2960=DIRECTION('',(1.,0.,-1.59882348016295E-16));
#2961=DIRECTION('',(0.,-1.,0.));
#2962=DIRECTION('',(-1.,0.,1.59882348016295E-16));
#2963=DIRECTION('',(0.,-1.,0.));
#2964=DIRECTION('',(-1.,0.,1.59882348016295E-16));
#2965=DIRECTION('',(1.,0.,0.));
#2966=DIRECTION('',(0.,0.,-1.));
#2967=DIRECTION('',(0.,0.,1.));
#2968=DIRECTION('',(0.,1.,0.));
#2969=DIRECTION('',(-0.719339800338651,0.,0.694658370458997));
#2970=DIRECTION('',(0.694658370458997,0.,0.719339800338651));
#2971=DIRECTION('',(-0.694658370458997,0.,-0.719339800338651));
#2972=DIRECTION('',(0.719339800338651,0.,0.694658370458997));
#2973=DIRECTION('',(0.694658370458997,0.,-0.719339800338651));
#2974=DIRECTION('',(0.563915606871313,-0.58395170533485,-0.58395170533485));
#2975=DIRECTION('',(-0.694658370458997,0.,0.719339800338651));
#2976=DIRECTION('',(0.,1.,0.));
#2977=DIRECTION('',(1.,0.,0.));
#2978=DIRECTION('',(0.,0.,-1.));
#2979=DIRECTION('',(0.,-0.707106781186548,-0.707106781186547));
#2980=DIRECTION('',(0.,0.,1.));
#2981=DIRECTION('',(1.,0.,0.));
#2982=DIRECTION('',(0.,0.,-1.));
#2983=DIRECTION('',(0.,0.,-1.));
#2984=DIRECTION('',(0.,-0.707106781186548,-0.707106781186548));
#2985=DIRECTION('',(0.,0.,-1.));
#2986=DIRECTION('',(0.,1.,0.));
#2987=DIRECTION('',(0.,0.,1.));
#2988=DIRECTION('',(1.,0.,0.));
#2989=DIRECTION('',(1.,0.,0.));
#2990=DIRECTION('',(0.998342648179792,0.0575496031729211,0.));
#2991=DIRECTION('',(-1.,0.,0.));
#2992=DIRECTION('',(0.,1.,0.));
#2993=DIRECTION('',(-0.719339800338651,0.,0.694658370458997));
#2994=DIRECTION('',(0.694658370458997,0.,0.719339800338651));
#2995=DIRECTION('',(-0.694658370458997,0.,-0.719339800338651));
#2996=DIRECTION('',(-1.,0.,0.));
#2997=DIRECTION('',(0.,0.,1.));
#2998=DIRECTION('',(0.,0.,-1.));
#2999=DIRECTION('',(0.,-1.,0.));
#3000=DIRECTION('',(0.,0.,1.));
#3001=DIRECTION('',(1.,0.,0.));
#3002=DIRECTION('',(-1.,0.,0.));
#3003=DIRECTION('',(0.,-1.,0.));
#3004=DIRECTION('',(0.,0.,-1.));
#3005=DIRECTION('',(0.,0.,1.));
#3006=DIRECTION('',(0.,1.,0.));
#3007=DIRECTION('',(0.,0.,1.));
#3008=DIRECTION('',(0.,1.,0.));
#3009=DIRECTION('',(0.,0.,1.));
#3010=DIRECTION('',(7.0089893566716E-44,0.,-1.));
#3011=DIRECTION('',(0.,0.,1.));
#3012=DIRECTION('',(-1.29301216950441E-59,0.,-1.));
#3013=DIRECTION('',(0.,1.,0.));
#3014=DIRECTION('',(0.,0.,1.));
#3015=DIRECTION('',(0.0575496031729211,-0.998342648179792,0.));
#3016=DIRECTION('',(0.998342648179792,0.0575496031729211,0.));
#3017=DIRECTION('',(-0.719793243604362,0.6941885093125,-9.07748337122787E-17));
#3018=DIRECTION('',(-1.26112372572051E-16,0.,1.));
#3019=DIRECTION('',(-1.26112372572051E-16,0.,1.));
#3020=DIRECTION('',(-1.26112372572051E-16,0.,1.));
#3021=DIRECTION('',(0.,1.,0.));
#3022=DIRECTION('',(-1.,0.,0.));
#3023=DIRECTION('',(1.26112372572051E-16,0.,-1.));
#3024=DIRECTION('',(0.700561381100084,0.713592146335106,8.83494579028847E-17));
#3025=DIRECTION('',(-1.26112372572051E-16,0.,1.));
#3026=DIRECTION('',(-1.26112372572051E-16,0.,1.));
#3027=DIRECTION('',(-1.,0.,0.));
#3028=DIRECTION('',(0.,0.,1.));
#3029=DIRECTION('',(0.,0.,-1.));
#3030=DIRECTION('',(0.,0.707106781186548,-0.707106781186548));
#3031=DIRECTION('',(0.,1.,0.));
#3032=DIRECTION('',(0.,0.,1.));
#3033=DIRECTION('',(0.,0.,-1.));
#3034=DIRECTION('',(-1.,0.,0.));
#3035=DIRECTION('',(0.,0.,1.));
#3036=DIRECTION('',(0.,-0.707106781186548,0.707106781186548));
#3037=DIRECTION('',(-1.26112372572051E-16,0.,1.));
#3038=DIRECTION('',(1.,0.,1.26112372572051E-16));
#3039=DIRECTION('',(-1.26112372572051E-16,0.,1.));
#3040=DIRECTION('',(1.,0.,1.26112372572051E-16));
#3041=DIRECTION('',(1.,0.,0.));
#3042=DIRECTION('',(0.,0.,-1.));
#3043=DIRECTION('',(0.,0.,-1.));
#3044=DIRECTION('',(1.,0.,0.));
#3045=DIRECTION('',(0.,0.,-1.));
#3046=DIRECTION('',(0.,0.,-1.));
#3047=DIRECTION('',(-3.25260651745651E-16,1.,0.));
#3048=DIRECTION('',(-1.,-3.25260651745651E-16,0.));
#3049=DIRECTION('',(1.,0.,0.));
#3050=DIRECTION('',(0.,0.,-1.));
#3051=DIRECTION('',(0.,0.,-1.));
#3052=DIRECTION('',(2.16840434497101E-16,-1.,0.));
#3053=DIRECTION('',(1.,2.16840434497101E-16,0.));
#3054=DIRECTION('',(0.,0.,-1.));
#3055=DIRECTION('',(1.,0.,0.));
#3056=DIRECTION('',(0.,0.,-1.));
#3057=DIRECTION('',(0.,0.707106781186548,0.707106781186548));
#3058=DIRECTION('',(0.,0.,-1.));
#3059=DIRECTION('',(0.,1.,0.));
#3060=DIRECTION('',(0.,0.,1.));
#3061=DIRECTION('',(1.,0.,0.));
#3062=DIRECTION('',(0.,-2.07165831894472E-30,-1.));
#3063=DIRECTION('',(1.,0.,0.));
#3064=DIRECTION('',(3.38327478647246E-14,1.,-2.07165831894472E-30));
#3065=DIRECTION('',(0.,-2.07165831894472E-30,-1.));
#3066=DIRECTION('',(0.,1.,-2.07165831894472E-30));
#3067=DIRECTION('',(0.,-2.07165831894472E-30,-1.));
#3068=DIRECTION('',(0.,1.,-2.07165831894472E-30));
#3069=DIRECTION('',(0.,2.07165831894472E-30,1.));
#3070=DIRECTION('',(0.,-1.,2.07165831894472E-30));
#3071=DIRECTION('',(0.,0.,-1.));
#3072=DIRECTION('',(-1.,0.,0.));
#3073=DIRECTION('',(0.,0.,1.));
#3074=DIRECTION('',(1.,0.,0.));
#3075=DIRECTION('',(-3.39234813079909E-14,-1.,2.07165831894472E-30));
#3076=DIRECTION('',(1.,-3.39234813079909E-14,0.));
#3077=DIRECTION('',(0.,2.07165831894472E-30,1.));
#3078=DIRECTION('',(-1.,3.39234813079909E-14,-7.02778622592653E-44));
#3079=DIRECTION('',(0.,2.07165831894472E-30,1.));
#3080=DIRECTION('',(-1.,3.39234813079909E-14,0.));
#3081=DIRECTION('',(-3.34699588306114E-14,-1.,2.07165831894472E-30));
#3082=DIRECTION('',(1.,-3.34699588306114E-14,0.));
#3083=DIRECTION('',(0.,2.07165831894472E-30,1.));
#3084=DIRECTION('',(-1.,3.34699588306114E-14,-6.93383186461734E-44));
#3085=DIRECTION('',(0.,2.07165831894472E-30,1.));
#3086=DIRECTION('',(-1.,3.34699588306114E-14,0.));
#3087=DIRECTION('',(-1.,0.,0.));
#3088=DIRECTION('',(0.,0.,1.));
#3089=DIRECTION('',(0.,2.07165831894472E-30,1.));
#3090=DIRECTION('',(0.,2.07165831894472E-30,1.));
#3091=DIRECTION('',(0.,-1.,2.07165831894472E-30));
#3092=DIRECTION('',(0.,0.,-1.));
#3093=DIRECTION('',(-1.,0.,0.));
#3094=DIRECTION('',(0.,0.,1.));
#3095=DIRECTION('',(1.,0.,0.));
#3096=DIRECTION('',(0.,2.07165831894472E-30,1.));
#3097=DIRECTION('',(0.,-1.,2.07165831894472E-30));
#3098=DIRECTION('',(0.,0.,-1.));
#3099=DIRECTION('',(-1.,0.,0.));
#3100=DIRECTION('',(0.,0.,1.));
#3101=DIRECTION('',(1.,0.,0.));
#3102=DIRECTION('',(0.,2.07165831894472E-30,1.));
#3103=DIRECTION('',(0.,-1.,2.07165831894472E-30));
#3104=DIRECTION('',(0.,0.,-1.));
#3105=DIRECTION('',(-1.,0.,0.));
#3106=DIRECTION('',(0.,0.,1.));
#3107=DIRECTION('',(1.,0.,0.));
#3108=DIRECTION('',(0.,2.07165831894472E-30,1.));
#3109=DIRECTION('',(0.,-1.,2.07165831894472E-30));
#3110=DIRECTION('',(0.,0.,-1.));
#3111=DIRECTION('',(-1.,0.,0.));
#3112=DIRECTION('',(0.,0.,1.));
#3113=DIRECTION('',(1.,0.,0.));
#3114=DIRECTION('',(0.,2.07165831894472E-30,1.));
#3115=DIRECTION('',(0.,-1.,2.07165831894472E-30));
#3116=DIRECTION('',(0.,0.,-1.));
#3117=DIRECTION('',(-1.,0.,0.));
#3118=DIRECTION('',(0.,0.,1.));
#3119=DIRECTION('',(1.,0.,0.));
#3120=DIRECTION('',(0.,2.07165831894472E-30,1.));
#3121=DIRECTION('',(0.,-1.,2.07165831894472E-30));
#3122=DIRECTION('',(0.,2.07165831894472E-30,1.));
#3123=DIRECTION('',(0.,-1.,2.07165831894472E-30));
#3124=DIRECTION('',(0.,2.07165831894472E-30,1.));
#3125=DIRECTION('',(0.,-1.,2.07165831894472E-30));
#3126=DIRECTION('',(0.,0.,-1.));
#3127=DIRECTION('',(-1.,0.,0.));
#3128=DIRECTION('',(0.,0.,1.));
#3129=DIRECTION('',(1.,0.,0.));
#3130=DIRECTION('',(0.,2.07165831894472E-30,1.));
#3131=DIRECTION('',(0.,-1.,2.07165831894472E-30));
#3132=DIRECTION('',(0.,0.,-1.));
#3133=DIRECTION('',(-1.,0.,0.));
#3134=DIRECTION('',(0.,0.,1.));
#3135=DIRECTION('',(1.,0.,0.));
#3136=DIRECTION('',(0.,2.07165831894472E-30,1.));
#3137=DIRECTION('',(0.,-1.,2.07165831894472E-30));
#3138=DIRECTION('',(0.,0.,-1.));
#3139=DIRECTION('',(-1.,0.,0.));
#3140=DIRECTION('',(0.,0.,1.));
#3141=DIRECTION('',(1.,0.,0.));
#3142=DIRECTION('',(0.,2.07165831894472E-30,1.));
#3143=DIRECTION('',(0.,-1.,2.07165831894472E-30));
#3144=DIRECTION('',(0.,0.,-1.));
#3145=DIRECTION('',(-1.,0.,0.));
#3146=DIRECTION('',(0.,0.,1.));
#3147=DIRECTION('',(1.,0.,0.));
#3148=DIRECTION('',(0.,2.07165831894472E-30,1.));
#3149=DIRECTION('',(0.,-1.,2.07165831894472E-30));
#3150=DIRECTION('',(0.,0.,-1.));
#3151=DIRECTION('',(-1.,0.,0.));
#3152=DIRECTION('',(0.,0.,1.));
#3153=DIRECTION('',(1.,0.,0.));
#3154=DIRECTION('',(0.,2.07165831894472E-30,1.));
#3155=DIRECTION('',(0.,-1.,2.07165831894472E-30));
#3156=DIRECTION('',(0.,0.,-1.));
#3157=DIRECTION('',(-1.,0.,0.));
#3158=DIRECTION('',(0.,0.,1.));
#3159=DIRECTION('',(1.,0.,0.));
#3160=DIRECTION('',(1.,-3.37031989618352E-14,6.98215125043349E-44));
#3161=DIRECTION('',(3.37031989618352E-14,1.,0.));
#3162=DIRECTION('',(0.,2.07165831894472E-30,1.));
#3163=DIRECTION('',(3.37031989618352E-14,1.,-2.07165831894472E-30));
#3164=DIRECTION('',(-3.37031989618352E-14,-1.,0.));
#3165=DIRECTION('',(-3.39234813079909E-14,-1.,2.07165831894472E-30));
#3166=DIRECTION('',(1.,-3.39234813079909E-14,0.));
#3167=DIRECTION('',(0.,2.07165831894472E-30,1.));
#3168=DIRECTION('',(1.,-3.39234813079909E-14,7.02778622592653E-44));
#3169=DIRECTION('',(-1.,3.39234813079909E-14,0.));
#3170=DIRECTION('',(1.,-3.37031989618352E-14,6.98215125043349E-44));
#3171=DIRECTION('',(3.37031989618352E-14,1.,0.));
#3172=DIRECTION('',(-3.37031989618352E-14,-1.,2.07165831894472E-30));
#3173=DIRECTION('',(-3.37031989618352E-14,-1.,0.));
#3174=DIRECTION('',(1.,-3.17206578464331E-14,6.57143647099623E-44));
#3175=DIRECTION('',(3.17206578464331E-14,1.,0.));
#3176=DIRECTION('',(0.,2.07165831894472E-30,1.));
#3177=DIRECTION('',(3.17206578464331E-14,1.,-2.07165831894472E-30));
#3178=DIRECTION('',(-3.17206578464331E-14,-1.,0.));
#3179=DIRECTION('',(-3.3742072317039E-14,-1.,2.07165831894472E-30));
#3180=DIRECTION('',(1.,-3.3742072317039E-14,0.));
#3181=DIRECTION('',(0.,2.07165831894472E-30,1.));
#3182=DIRECTION('',(1.,-3.3742072317039E-14,6.99020448140284E-44));
#3183=DIRECTION('',(-1.,3.3742072317039E-14,0.));
#3184=DIRECTION('',(1.,-3.56857400772373E-14,7.39286602987076E-44));
#3185=DIRECTION('',(3.56857400772373E-14,1.,0.));
#3186=DIRECTION('',(-3.56857400772373E-14,-1.,2.07165831894472E-30));
#3187=DIRECTION('',(-3.56857400772373E-14,-1.,0.));
#3188=DIRECTION('',(3.38327478647246E-14,1.,-2.07165831894472E-30));
#3189=DIRECTION('',(-1.,3.38327478647246E-14,0.));
#3190=DIRECTION('',(7.0089893566716E-44,2.07165831894472E-30,1.));
#3191=DIRECTION('',(0.,2.07165831894472E-30,1.));
#3192=DIRECTION('',(-1.,3.38327478647246E-14,-7.0089893566716E-44));
#3193=DIRECTION('',(-3.38327478647246E-14,-1.,0.));
#3194=DIRECTION('',(-2.39233654413214E-14,-0.707106781186548,0.707106781186548));
#3195=DIRECTION('',(0.,2.07165831894472E-30,1.));
#3196=DIRECTION('',(-3.38327478647246E-14,-1.,2.07165831894472E-30));
#3197=DIRECTION('',(1.,-3.38327478647246E-14,0.));
#3198=DIRECTION('',(-1.,3.38327478647246E-14,0.));
#3199=DIRECTION('',(0.,2.07165831894472E-30,1.));
#3200=DIRECTION('',(1.,-3.38327478647246E-14,0.));
#3201=DIRECTION('',(-1.,3.38327478647246E-14,-7.0089893566716E-44));
#3202=DIRECTION('',(-3.38327478647246E-14,-1.,0.));
#3203=DIRECTION('',(2.39233654413214E-14,0.707106781186548,-0.707106781186548));
#3204=DIRECTION('',(1.,-3.38327478647246E-14,7.0089893566716E-44));
#3205=DIRECTION('',(3.38327478647246E-14,1.,0.));
#3206=DIRECTION('',(0.,2.07165831894472E-30,1.));
#3207=DIRECTION('',(-3.41903981430443E-14,-1.,2.07165831894472E-30));
#3208=DIRECTION('',(1.,-3.41903981430443E-14,0.));
#3209=DIRECTION('',(0.,0.,1.));
#3210=DIRECTION('',(1.,0.,0.));
#3211=DIRECTION('',(0.,0.,1.));
#3212=DIRECTION('',(1.,0.,0.));
#3213=DIRECTION('',(0.,0.,1.));
#3214=DIRECTION('',(1.,0.,0.));
#3215=DIRECTION('',(0.,0.,1.));
#3216=DIRECTION('',(1.,0.,0.));
#3217=DIRECTION('',(0.,0.,1.));
#3218=DIRECTION('',(1.,0.,0.));
#3219=DIRECTION('',(0.,0.,1.));
#3220=DIRECTION('',(1.,0.,0.));
#3221=DIRECTION('',(0.,0.,1.));
#3222=DIRECTION('',(1.,0.,0.));
#3223=DIRECTION('',(0.,0.,1.));
#3224=DIRECTION('',(1.,0.,0.));
#3225=DIRECTION('',(0.,0.,1.));
#3226=DIRECTION('',(1.,0.,0.));
#3227=DIRECTION('',(0.,0.,1.));
#3228=DIRECTION('',(1.,0.,0.));
#3229=DIRECTION('',(0.,0.,1.));
#3230=DIRECTION('',(1.,0.,0.));
#3231=DIRECTION('',(0.,0.,1.));
#3232=DIRECTION('',(1.,0.,0.));
#3233=DIRECTION('',(0.,0.,1.));
#3234=DIRECTION('',(1.,0.,0.));
#3235=DIRECTION('',(0.,0.,1.));
#3236=DIRECTION('',(1.,0.,0.));
#3237=DIRECTION('',(0.707106781186548,-2.5233628800275E-14,0.707106781186547));
#3238=DIRECTION('',(-3.56857400772373E-14,-1.,2.07165831894472E-30));
#3239=DIRECTION('',(0.577350269189605,-0.577350269189646,-0.577350269189627));
#3240=DIRECTION('',(-0.577350269189646,-0.577350269189606,0.577350269189626));
#3241=DIRECTION('',(-2.38592481466652E-14,-0.707106781186548,-0.707106781186547));
#3242=DIRECTION('',(1.,-3.3742072317039E-14,6.99020448140284E-44));
#3243=DIRECTION('',(-0.577350269189609,0.577350269189644,-0.577350269189624));
#3244=DIRECTION('',(-2.36668348551598E-14,-0.707106781186548,0.707106781186548));
#3245=DIRECTION('',(-1.,3.34699588306114E-14,-6.93383186461734E-44));
#3246=DIRECTION('',(-0.577350269189646,-0.577350269189606,-0.577350269189625));
#3247=DIRECTION('',(0.707106781186546,-2.2429892266911E-14,-0.70710678118655));
#3248=DIRECTION('',(3.17206578464331E-14,1.,-2.07165831894472E-30));
#3249=DIRECTION('',(0.707106781186546,-2.3831760533593E-14,0.707106781186549));
#3250=DIRECTION('',(-3.37031989618352E-14,-1.,2.07165831894472E-30));
#3251=DIRECTION('',(0.577350269189608,-0.577350269189644,-0.577350269189625));
#3252=DIRECTION('',(-0.577350269189647,-0.577350269189605,0.577350269189625));
#3253=DIRECTION('',(-2.39875236743355E-14,-0.707106781186548,-0.707106781186547));
#3254=DIRECTION('',(1.,-3.39234813079909E-14,7.02778622592653E-44));
#3255=DIRECTION('',(-0.577350269189605,0.577350269189646,-0.577350269189627));
#3256=DIRECTION('',(-2.39875236743355E-14,-0.707106781186548,0.707106781186547));
#3257=DIRECTION('',(-1.,3.39234813079909E-14,-7.02778622592653E-44));
#3258=DIRECTION('',(-0.577350269189644,-0.577350269189607,-0.577350269189627));
#3259=DIRECTION('',(0.707106781186549,-2.38317605335931E-14,-0.707106781186546));
#3260=DIRECTION('',(3.37031989618352E-14,1.,-2.07165831894472E-30));
#3261=DIRECTION('',(0.,0.,1.));
#3262=DIRECTION('',(1.,0.,0.));
#3263=DIRECTION('',(0.,0.,1.));
#3264=DIRECTION('',(1.,0.,0.));
#3265=DIRECTION('',(0.,0.,1.));
#3266=DIRECTION('',(1.,0.,0.));
#3267=DIRECTION('',(0.,0.,1.));
#3268=DIRECTION('',(1.,0.,0.));
#3269=DIRECTION('',(0.,0.,1.));
#3270=DIRECTION('',(1.,0.,0.));
#3271=DIRECTION('',(0.,0.,1.));
#3272=DIRECTION('',(1.,0.,0.));
#3273=DIRECTION('',(0.,0.,1.));
#3274=DIRECTION('',(1.,0.,0.));
#3275=DIRECTION('',(0.,0.,1.));
#3276=DIRECTION('',(1.,0.,0.));
#3277=DIRECTION('',(0.,0.,1.));
#3278=DIRECTION('',(1.,0.,0.));
#3279=DIRECTION('',(0.,0.,1.));
#3280=DIRECTION('',(1.,0.,0.));
#3281=DIRECTION('',(0.,0.,1.));
#3282=DIRECTION('',(1.,0.,0.));
#3283=DIRECTION('',(0.,0.,1.));
#3284=DIRECTION('',(1.,0.,0.));
#3285=DIRECTION('',(0.,2.07165831894472E-30,1.));
#3286=DIRECTION('',(0.,-1.,2.07165831894472E-30));
#3287=DIRECTION('',(0.,2.07165831894472E-30,1.));
#3288=DIRECTION('',(0.,-1.,2.07165831894472E-30));
#3289=DIRECTION('',(0.,2.07165831894472E-30,1.));
#3290=DIRECTION('',(1.,0.,0.));
#3291=DIRECTION('',(1.21806212473503E-16,0.,1.));
#3292=DIRECTION('',(1.,0.,-1.21806212473503E-16));
#3293=DIRECTION('',(1.,0.,-1.21806212473503E-16));
#3294=DIRECTION('',(1.21806212473503E-16,0.,1.));
#3295=DIRECTION('',(1.,0.,-1.21806212473503E-16));
#3296=DIRECTION('',(1.21806212473503E-16,0.,1.));
#3297=DIRECTION('',(1.,0.,-1.21806212473503E-16));
#3298=DIRECTION('',(1.21806212473503E-16,0.,1.));
#3299=DIRECTION('',(1.,0.,-1.21806212473503E-16));
#3300=DIRECTION('',(8.61299988306635E-17,0.707106781186547,0.707106781186548));
#3301=DIRECTION('',(8.61299988306635E-17,-0.707106781186548,0.707106781186547));
#3302=DIRECTION('',(1.21806212473503E-16,0.,1.));
#3303=DIRECTION('',(1.,0.,-1.21806212473503E-16));
#3304=DIRECTION('',(1.21806212473503E-16,0.,1.));
#3305=DIRECTION('',(1.,0.,-1.21806212473503E-16));
#3306=DIRECTION('',(1.21806212473503E-16,0.,1.));
#3307=DIRECTION('',(1.,0.,-1.21806212473503E-16));
#3308=DIRECTION('',(1.21806212473503E-16,0.,1.));
#3309=DIRECTION('',(1.,0.,-1.21806212473503E-16));
#3310=DIRECTION('',(8.61299988306635E-17,0.707106781186547,0.707106781186548));
#3311=DIRECTION('',(8.61299988306635E-17,-0.707106781186548,0.707106781186547));
#3312=DIRECTION('',(1.21806212473503E-16,0.,1.));
#3313=DIRECTION('',(1.,0.,-1.21806212473503E-16));
#3314=DIRECTION('',(1.,0.,-1.21806212473503E-16));
#3315=DIRECTION('',(1.21806212473503E-16,0.,1.));
#3316=DIRECTION('',(1.,0.,-1.21806212473503E-16));
#3317=DIRECTION('',(1.,0.,-1.21806212473503E-16));
#3318=DIRECTION('',(8.61299988306635E-17,0.707106781186547,0.707106781186548));
#3319=DIRECTION('',(-1.,0.,1.21806212473503E-16));
#3320=DIRECTION('',(8.61299988306635E-17,0.707106781186547,0.707106781186548));
#3321=DIRECTION('',(8.61299988306635E-17,-0.707106781186548,0.707106781186547));
#3322=DIRECTION('',(8.61299988306635E-17,0.707106781186547,0.707106781186548));
#3323=DIRECTION('',(-1.,0.,1.21806212473503E-16));
#3324=DIRECTION('',(8.61299988306635E-17,0.707106781186547,0.707106781186548));
#3325=DIRECTION('',(8.61299988306635E-17,-0.707106781186548,0.707106781186547));
#3326=DIRECTION('',(8.61299988306635E-17,0.707106781186547,0.707106781186548));
#3327=DIRECTION('',(-1.,0.,1.21806212473503E-16));
#3328=DIRECTION('',(8.61299988306635E-17,0.707106781186547,0.707106781186548));
#3329=DIRECTION('',(8.61299988306635E-17,-0.707106781186548,0.707106781186547));
#3330=DIRECTION('',(3.38327478647246E-14,1.,-2.07165831894472E-30));
#3331=DIRECTION('',(-1.,3.38327478647246E-14,0.));
#3332=DIRECTION('',(-3.38327478647246E-14,-1.,2.07165831894472E-30));
#3333=DIRECTION('',(1.,-3.38327478647246E-14,0.));
#3334=DIRECTION('',(3.38327478647246E-14,1.,-2.07165831894472E-30));
#3335=DIRECTION('',(-1.,3.38327478647246E-14,0.));
#3336=DIRECTION('',(-3.38327478647246E-14,-1.,2.07165831894472E-30));
#3337=DIRECTION('',(1.,-3.38327478647246E-14,0.));
#3338=DIRECTION('',(-1.,3.38327478647246E-14,1.29301216950441E-59));
#3339=DIRECTION('',(-3.38327478647246E-14,-1.,0.));
#3340=DIRECTION('',(3.38327478647246E-14,1.,-2.07165831894472E-30));
#3341=DIRECTION('',(-1.,3.38327478647246E-14,0.));
#3342=DIRECTION('',(3.38327478647246E-14,1.,-2.07165831894472E-30));
#3343=DIRECTION('',(-1.,3.38327478647246E-14,0.));
#3344=DIRECTION('',(0.,0.707106781186548,0.707106781186548));
#3345=DIRECTION('',(0.,-0.707106781186548,0.707106781186548));
#3346=DIRECTION('',(0.,-0.707106781186547,0.707106781186548));
#3347=DIRECTION('',(0.,-0.707106781186548,-0.707106781186547));
#3348=DIRECTION('',(-2.39233654413214E-14,-0.707106781186548,-0.707106781186548));
#3349=DIRECTION('',(-1.,3.38327478647246E-14,0.));
#3350=DIRECTION('',(0.,0.707106781186548,-0.707106781186548));
#3351=DIRECTION('',(1.,0.,0.));
#3352=DIRECTION('',(0.,0.707106781186548,0.707106781186548));
#3353=DIRECTION('',(1.,0.,0.));
#3354=DIRECTION('',(1.21806212473503E-16,0.,1.));
#3355=DIRECTION('',(1.,0.,-1.21806212473503E-16));
#3356=DIRECTION('',(1.21806212473503E-16,0.,1.));
#3357=DIRECTION('',(1.,0.,-1.21806212473503E-16));
#3358=DIRECTION('',(1.21806212473503E-16,0.,1.));
#3359=DIRECTION('',(1.,0.,-1.21806212473503E-16));
#3360=DIRECTION('',(1.21806212473503E-16,0.,1.));
#3361=DIRECTION('',(1.,0.,-1.21806212473503E-16));
#3362=DIRECTION('',(1.21806212473503E-16,0.,1.));
#3363=DIRECTION('',(1.,0.,-1.21806212473503E-16));
#3364=DIRECTION('',(1.21806212473503E-16,0.,1.));
#3365=DIRECTION('',(1.,0.,-1.21806212473503E-16));
#3366=DIRECTION('',(1.21806212473503E-16,0.,1.));
#3367=DIRECTION('',(1.,0.,-1.21806212473503E-16));
#3368=DIRECTION('',(1.21806212473503E-16,0.,1.));
#3369=DIRECTION('',(1.,0.,-1.21806212473503E-16));
#3370=CARTESIAN_POINT('',(0.,0.,0.));
#3371=CARTESIAN_POINT('',(0.0812523983758436,-0.0055,-0.0097308195889447));
#3372=CARTESIAN_POINT('',(0.0603982816696167,-0.0055,-0.0097308195889447));
#3373=CARTESIAN_POINT('',(0.0603982816696167,-0.0055,-0.0256807461337157));
#3374=CARTESIAN_POINT('',(0.0603982816696167,-0.0055,-0.0234807461337157));
#3375=CARTESIAN_POINT('',(0.0812524693107337,-0.0055,-0.0256807461337157));
#3376=CARTESIAN_POINT('',(0.102198271894455,-0.0055,-0.0256807461337157));
#3377=CARTESIAN_POINT('',(0.102198271894455,-0.0055,-0.0271807461337157));
#3378=CARTESIAN_POINT('',(0.102198271894455,-0.0055,-0.0286807461337157));
#3379=CARTESIAN_POINT('',(0.0812524693107337,-0.0055,-0.0286807461337157));
#3380=CARTESIAN_POINT('',(0.103198271894455,-0.0055,-0.0286807461337157));
#3381=CARTESIAN_POINT('',(0.103198271894455,-0.0055,-0.0274269355416434));
#3382=CARTESIAN_POINT('',(0.103198271894455,-0.0055,-0.0261731249495711));
#3383=CARTESIAN_POINT('',(0.104736014242167,-0.0055,-0.0245807461337157));
#3384=CARTESIAN_POINT('',(0.105798271894455,-0.0055,-0.0234807461337157));
#3385=CARTESIAN_POINT('',(0.0812982767820358,-0.0055,-0.0234807461337157));
#3386=CARTESIAN_POINT('',(0.0812524693107337,-0.04,-0.0286807461337157));
#3387=CARTESIAN_POINT('',(0.0592524693107337,-0.04,-0.0286807461337157));
#3388=CARTESIAN_POINT('',(0.0592524693107337,-0.0297000007623253,-0.0286807461337157));
#3389=CARTESIAN_POINT('',(0.0592524693107337,-0.0149830685530651,-0.0286807461337157));
#3390=CARTESIAN_POINT('',(0.0353982816696167,-0.0149830685530651,-0.0286807461337157));
#3391=CARTESIAN_POINT('',(0.0593982816696167,-0.0149830685530651,-0.0286807461337157));
#3392=CARTESIAN_POINT('',(0.0593982816696167,-0.0397,-0.0286807461337157));
#3393=CARTESIAN_POINT('',(0.0593982816696167,-0.0297000007623253,-0.0286807461337157));
#3394=CARTESIAN_POINT('',(0.0812524693107337,-0.0297000007623253,-0.0286807461337157));
#3395=CARTESIAN_POINT('',(0.0567416784962353,-0.04,-0.0260807461337157));
#3396=CARTESIAN_POINT('',(0.0592524693107337,-0.04,-0.0286807461337157));
#3397=CARTESIAN_POINT('',(0.0592524693107337,0.00314306855306769,-0.0286807461337157));
#3398=CARTESIAN_POINT('',(0.0592524693107337,0.0055,-0.0286807461337157));
#3399=CARTESIAN_POINT('',(0.0433908670920466,-0.0132821013696705,-0.0122555762109775));
#3400=CARTESIAN_POINT('',(0.0542308876817369,-0.00205693144693231,-0.0234807461337157));
#3401=CARTESIAN_POINT('',(0.0542308876817369,-0.04,-0.0234807461337157));
#3402=CARTESIAN_POINT('',(0.0542308876817369,0.0055,-0.0234807461337157));
#3403=CARTESIAN_POINT('',(0.0567416784962353,0.0055,-0.0260807461337157));
#3404=CARTESIAN_POINT('',(0.0796982781648636,-0.0129250003811626,-0.0214808930441737));
#3405=CARTESIAN_POINT('',(0.0349233401055263,-0.0297000007623253,-0.0214808930441737));
#3406=CARTESIAN_POINT('',(0.0424982781648636,-0.0297000007623253,-0.0214808930441737));
#3407=CARTESIAN_POINT('',(0.0417482781648636,-0.0297000007623253,-0.0214808930441737));
#3408=CARTESIAN_POINT('',(0.0424982781648636,-0.0226250003811619,-0.0214808930441737));
#3409=CARTESIAN_POINT('',(0.0424982781648636,-0.0163000007623254,-0.0214808930441737));
#3410=CARTESIAN_POINT('',(0.0390481517324979,-0.0163000007623253,-0.0214808930441737));
#3411=CARTESIAN_POINT('',(0.0355980253001323,-0.0163000007623252,-0.0214808930441737));
#3412=CARTESIAN_POINT('',(0.0355980253001319,-0.028949999999998,-0.0214808930441737));
#3413=CARTESIAN_POINT('',(0.035598025300133,0.004,-0.0214808930441737));
#3414=CARTESIAN_POINT('',(0.0796982781648636,0.004,-0.0214808930441737));
#3415=CARTESIAN_POINT('',(0.0265482781648636,0.004,-0.0214808930441737));
#3416=CARTESIAN_POINT('',(0.0265482781648636,-0.0129250003811626,-0.0214808930441737));
#3417=CARTESIAN_POINT('',(0.0265482781648636,-0.0170500007623253,-0.0214808930441737));
#3418=CARTESIAN_POINT('',(0.0796982781648636,-0.0170500007623253,-0.0214808930441737));
#3419=CARTESIAN_POINT('',(0.0417482781648636,-0.0170500007623253,-0.0214808930441737));
#3420=CARTESIAN_POINT('',(0.0417482781648636,-0.0129250003811626,-0.0214808930441737));
#3421=CARTESIAN_POINT('',(0.108748278164864,0.0018,0.0025711069558263));
#3422=CARTESIAN_POINT('',(0.108748278164864,0.00144716639031263,-0.00443089304417371));
#3423=CARTESIAN_POINT('',(0.108748278164864,0.00144716639031263,-0.00443089304417371));
#3424=CARTESIAN_POINT('',(0.108748278164864,0.00144716639031263,-0.00143089304417371));
#3425=CARTESIAN_POINT('',(0.108748278164864,0.0018,-0.00443089304417371));
#3426=CARTESIAN_POINT('',(0.108748278164864,0.00255283360968737,-0.00443089304417371));
#3427=CARTESIAN_POINT('',(0.108748278164864,0.00255283360968737,-0.00443089304417371));
#3428=CARTESIAN_POINT('',(0.108748278164864,0.00255283360968737,-0.00143089304417371));
#3429=CARTESIAN_POINT('',(0.108748278164864,0.0018,-0.00143089304417371));
#3430=CARTESIAN_POINT('',(0.108748278164864,0.004,-0.00143089304417371));
#3431=CARTESIAN_POINT('',(0.108748278164864,0.004,0.0025711069558263));
#3432=CARTESIAN_POINT('',(0.108748278164864,0.004,-0.0181783773082038));
#3433=CARTESIAN_POINT('',(0.108748278164864,0.00550199999999969,-0.0181783773082038));
#3434=CARTESIAN_POINT('',(0.108748278164864,-0.0004,-0.0181783773082038));
#3435=CARTESIAN_POINT('',(0.108748278164864,-0.0004,0.0025711069558263));
#3436=CARTESIAN_POINT('',(0.108748278164864,-0.0004,-0.00143089304417371));
#3437=CARTESIAN_POINT('',(0.108748278164864,0.0018,-0.00143089304417371));
#3438=CARTESIAN_POINT('',(0.110498278164864,-0.0004,0.0025711069558263));
#3439=CARTESIAN_POINT('',(0.110498278164864,-0.0004,0.00256910695582629));
#3440=CARTESIAN_POINT('',(0.112248278164864,-0.0004,0.00256910695582629));
#3441=CARTESIAN_POINT('',(0.109295826005435,-0.0004,0.00256910695582629));
#3442=CARTESIAN_POINT('',(0.109295826005435,-0.0004,-0.00143089304417371));
#3443=CARTESIAN_POINT('',(0.109295826005435,-0.0004,-0.00143089304417371));
#3444=CARTESIAN_POINT('',(0.110498278164864,-0.0004,-0.00143089304417371));
#3445=CARTESIAN_POINT('',(0.035598025300133,-0.000400000000000012,-0.0181783773082038));
#3446=CARTESIAN_POINT('',(0.111098025300133,-0.0004,-0.0181783773082038));
#3447=CARTESIAN_POINT('',(0.111098025300133,-0.0004,-0.0214828930441737));
#3448=CARTESIAN_POINT('',(0.111098025300133,-0.0004,-0.0214808930441737));
#3449=CARTESIAN_POINT('',(0.110498278164864,-0.0004,-0.0214808930441737));
#3450=CARTESIAN_POINT('',(0.112248278164864,-0.0004,-0.0214808930441737));
#3451=CARTESIAN_POINT('',(0.112248278164864,-0.0004,0.0025711069558263));
#3452=CARTESIAN_POINT('',(0.0567416784962353,-0.04,-0.0260807461337157));
#3453=CARTESIAN_POINT('',(0.0542308876817369,-0.04,-0.0234807461337157));
#3454=CARTESIAN_POINT('',(0.0542308876817369,-0.0297000007623253,-0.0234807461337157));
#3455=CARTESIAN_POINT('',(0.0542308876817369,-0.00978306855306512,-0.0234807461337157));
#3456=CARTESIAN_POINT('',(0.065835919669121,-0.0218004309685106,-0.0354981085491611));
#3457=CARTESIAN_POINT('',(0.0567416784962353,-0.0297000007623253,-0.0260807461337157));
#3458=CARTESIAN_POINT('',(0.0812524693107337,-0.04,-0.0286807461337157));
#3459=CARTESIAN_POINT('',(0.0862937535738212,-0.0351,-0.0286807461337157));
#3460=CARTESIAN_POINT('',(0.0862937535738212,-0.0361,-0.0286807461337157));
#3461=CARTESIAN_POINT('',(0.0862937535738212,-0.0311,-0.0286807461337157));
#3462=CARTESIAN_POINT('',(0.0812524693107337,-0.0311,-0.0286807461337157));
#3463=CARTESIAN_POINT('',(0.0762937535738212,-0.0311,-0.0286807461337157));
#3464=CARTESIAN_POINT('',(0.0762937535738212,-0.0351,-0.0286807461337157));
#3465=CARTESIAN_POINT('',(0.0762937535738212,-0.0361,-0.0286807461337157));
#3466=CARTESIAN_POINT('',(0.0812937535738212,-0.0361,-0.0286807461337157));
#3467=CARTESIAN_POINT('',(0.067298271894455,-0.0196,-0.0286807461337157));
#3468=CARTESIAN_POINT('',(0.067298271894455,-0.0246,-0.0286807461337157));
#3469=CARTESIAN_POINT('',(0.067298271894455,-0.0146,-0.0286807461337157));
#3470=CARTESIAN_POINT('',(0.081298271894455,-0.0246,-0.0286807461337157));
#3471=CARTESIAN_POINT('',(0.095298271894455,-0.0246,-0.0286807461337157));
#3472=CARTESIAN_POINT('',(0.095298271894455,-0.0196,-0.0286807461337157));
#3473=CARTESIAN_POINT('',(0.095298271894455,-0.0146,-0.0286807461337157));
#3474=CARTESIAN_POINT('',(0.081298271894455,-0.0146,-0.0286807461337157));
#3475=CARTESIAN_POINT('',(0.0603982816696167,-0.0397,-0.0286807461337157));
#3476=CARTESIAN_POINT('',(0.0603982816696167,-0.0329245912857181,-0.0286807461337157));
#3477=CARTESIAN_POINT('',(0.0603982816696167,0.00314306855306769,-0.0286807461337157));
#3478=CARTESIAN_POINT('',(0.0353982816696167,0.00314306855306769,-0.0286807461337157));
#3479=CARTESIAN_POINT('',(0.0812524693107337,0.0055,-0.0286807461337157));
#3480=CARTESIAN_POINT('',(0.103252469310734,0.0055,-0.0286807461337157));
#3481=CARTESIAN_POINT('',(0.103252469310734,-0.04,-0.0286807461337157));
#3482=CARTESIAN_POINT('',(0.103252469310734,-0.0297000007623253,-0.0286807461337157));
#3483=CARTESIAN_POINT('',(0.0812524693107337,-0.0297000007623253,-0.0286807461337157));
#3484=CARTESIAN_POINT('',(0.103198271894455,-0.0297000007623253,-0.0286807461337157));
#3485=CARTESIAN_POINT('',(0.103198271894455,-0.0397,-0.0286807461337157));
#3486=CARTESIAN_POINT('',(0.102198271894455,-0.0397,-0.0286807461337157));
#3487=CARTESIAN_POINT('',(0.102198271894455,-0.0317844141884895,-0.0286807461337157));
#3488=CARTESIAN_POINT('',(0.0399692175773823,1.48280860214831,-0.0286807461337157));
#3489=CARTESIAN_POINT('',(0.0975988634974339,-0.031966392446112,-0.0286807461337157));
#3490=CARTESIAN_POINT('',(0.0857074036062006,-0.0442964618314132,-0.0286807461337157));
#3491=CARTESIAN_POINT('',(0.0921174351978381,-0.03765,-0.0286807461337157));
#3492=CARTESIAN_POINT('',(0.0812524693107337,-0.03765,-0.0286807461337157));
#3493=CARTESIAN_POINT('',(0.0702937535738212,-0.03765,-0.0286807461337157));
#3494=CARTESIAN_POINT('',(0.0770488828077768,-0.044281775153292,-0.0286807461337157));
#3495=CARTESIAN_POINT('',(0.065403318314947,-0.0328488680134258,-0.0286807461337157));
#3496=CARTESIAN_POINT('',(0.0399692175773823,1.48280860214831,-0.0286807461337157));
#3497=CARTESIAN_POINT('',(0.0796982781648636,-0.0129250003811626,-0.0214808930441737));
#3498=CARTESIAN_POINT('',(0.135848278164864,-0.0129250003811626,-0.0214808930441737));
#3499=CARTESIAN_POINT('',(0.135848278164864,-0.02905496495002,-0.0214808930441737));
#3500=CARTESIAN_POINT('',(0.135848278164864,-0.0039,-0.0214808930441737));
#3501=CARTESIAN_POINT('',(0.0796982781648636,-0.0039,-0.0214808930441737));
#3502=CARTESIAN_POINT('',(0.132748278164864,-0.0039,-0.0214808930441737));
#3503=CARTESIAN_POINT('',(0.132748278164864,0.00035,-0.0214808930441737));
#3504=CARTESIAN_POINT('',(0.132748278164864,0.0011,-0.0214808930441737));
#3505=CARTESIAN_POINT('',(0.133748278164864,0.0011,-0.0214808930441737));
#3506=CARTESIAN_POINT('',(0.134748278164864,0.0011,-0.0214808930441737));
#3507=CARTESIAN_POINT('',(0.134748278164864,0.00255,-0.0214808930441737));
#3508=CARTESIAN_POINT('',(0.134748278164864,0.004,-0.0214808930441737));
#3509=CARTESIAN_POINT('',(0.0796982781648636,0.004,-0.0214808930441737));
#3510=CARTESIAN_POINT('',(0.110248278164864,0.004,-0.0214808930441737));
#3511=CARTESIAN_POINT('',(0.110248278164864,0.00255,-0.0214808930441737));
#3512=CARTESIAN_POINT('',(0.110248278164864,0.0011,-0.0214808930441737));
#3513=CARTESIAN_POINT('',(0.111248278164864,0.0011,-0.0214808930441737));
#3514=CARTESIAN_POINT('',(0.112248278164864,0.0011,-0.0214808930441737));
#3515=CARTESIAN_POINT('',(0.112248278164864,0.00035,-0.0214808930441737));
#3516=CARTESIAN_POINT('',(0.111098025300133,-0.000450000000000559,-0.0214808930441737));
#3517=CARTESIAN_POINT('',(0.111098025300132,-0.0131500000000006,-0.0214808930441737));
#3518=CARTESIAN_POINT('',(0.0796982781648636,-0.0131499999999995,-0.0214808930441737));
#3519=CARTESIAN_POINT('',(0.132098025300132,-0.0131500000000013,-0.0214808930441737));
#3520=CARTESIAN_POINT('',(0.132098025300132,-0.0164500000000012,-0.0214808930441737));
#3521=CARTESIAN_POINT('',(0.132098025300132,-0.0289500000000013,-0.0214808930441737));
#3522=CARTESIAN_POINT('',(0.132098025300132,-0.0289500000000013,-0.0214808930441737));
#3523=CARTESIAN_POINT('',(0.121804189443435,-0.028950000000001,-0.0214808930441737));
#3524=CARTESIAN_POINT('',(0.121804189443435,-0.0297020007623283,-0.0214808930441737));
#3525=CARTESIAN_POINT('',(0.121804189443435,-0.0297000007623253,-0.0214808930441737));
#3526=CARTESIAN_POINT('',(0.127399073904173,-0.0293774828561727,-0.0214808930441737));
#3527=CARTESIAN_POINT('',(0.132993958364911,-0.02905496495002,-0.0214808930441737));
#3528=CARTESIAN_POINT('',(0.134496118264888,-0.02905496495002,-0.0214808930441737));
#3529=CARTESIAN_POINT('',(0.0838480253001321,-0.0146999999999996,-0.0181783773082038));
#3530=CARTESIAN_POINT('',(0.0938480253001325,-0.00945,-0.0181783773082038));
#3531=CARTESIAN_POINT('',(0.0878480253001325,-0.00944999999999977,-0.0181783773082038));
#3532=CARTESIAN_POINT('',(0.0953480253001325,-0.00945,-0.0181783773082038));
#3533=CARTESIAN_POINT('',(0.0953480253001323,-0.0147,-0.0181783773082038));
#3534=CARTESIAN_POINT('',(0.0953480253001322,-0.01945,-0.0181783773082038));
#3535=CARTESIAN_POINT('',(0.0838480253001319,-0.0194499999999997,-0.0181783773082038));
#3536=CARTESIAN_POINT('',(0.0878480253001322,-0.0194499999999998,-0.0181783773082038));
#3537=CARTESIAN_POINT('',(0.0878480253001324,-0.0109499999999998,-0.0181783773082038));
#3538=CARTESIAN_POINT('',(0.0984380253001322,-0.01941,-0.0181783773082038));
#3539=CARTESIAN_POINT('',(0.0964311060192442,-0.02068,-0.0181783773082038));
#3540=CARTESIAN_POINT('',(0.10044494458102,-0.02068,-0.0181783773082038));
#3541=CARTESIAN_POINT('',(0.0984380253001321,-0.02195,-0.0181783773082038));
#3542=CARTESIAN_POINT('',(0.108598025300132,-0.0194100000000005,-0.0181783773082038));
#3543=CARTESIAN_POINT('',(0.106591106019244,-0.0206800000000004,-0.0181783773082038));
#3544=CARTESIAN_POINT('',(0.11060494458102,-0.0206800000000006,-0.0181783773082038));
#3545=CARTESIAN_POINT('',(0.108598025300132,-0.0219500000000005,-0.0181783773082038));
#3546=CARTESIAN_POINT('',(0.108598025300133,-0.00417000000000048,-0.0181783773082038));
#3547=CARTESIAN_POINT('',(0.108598025300133,-0.00179500000000048,-0.0181783773082038));
#3548=CARTESIAN_POINT('',(0.0984380253001327,-0.00417000000000013,-0.0181783773082038));
#3549=CARTESIAN_POINT('',(0.0984380253001327,-0.00179500000000013,-0.0181783773082038));
#3550=CARTESIAN_POINT('',(0.0915980253001327,-0.0046699999999999,-0.0181783773082038));
#3551=CARTESIAN_POINT('',(0.0915980253001327,-0.0020949999999999,-0.0181783773082038));
#3552=CARTESIAN_POINT('',(0.0564980253001327,-0.00591999999999871,-0.0181783773082038));
#3553=CARTESIAN_POINT('',(0.0564980253001327,-0.00391999999999871,-0.0181783773082038));
#3554=CARTESIAN_POINT('',(0.0915980253001319,-0.02617,-0.0181783773082038));
#3555=CARTESIAN_POINT('',(0.0915980253001319,-0.023595,-0.0181783773082038));
#3556=CARTESIAN_POINT('',(0.045898025300132,-0.0249699999999984,-0.0181783773082038));
#3557=CARTESIAN_POINT('',(0.045898025300132,-0.0223949999999984,-0.0181783773082038));
#3558=CARTESIAN_POINT('',(0.0458980253001327,-0.00466999999999835,-0.0181783773082038));
#3559=CARTESIAN_POINT('',(0.0458980253001327,-0.00209499999999835,-0.0181783773082038));
#3560=CARTESIAN_POINT('',(0.111098025300132,-0.0164500000000006,-0.0181783773082038));
#3561=CARTESIAN_POINT('',(0.130473025300132,-0.0164500000000012,-0.0181783773082038));
#3562=CARTESIAN_POINT('',(0.132098025300132,-0.0164500000000012,-0.0181783773082038));
#3563=CARTESIAN_POINT('',(0.130473025300132,-0.0147000000000011,-0.0181783773082038));
#3564=CARTESIAN_POINT('',(0.130473025300132,-0.0229500000000012,-0.0181783773082038));
#3565=CARTESIAN_POINT('',(0.0838480253001318,-0.0229499999999997,-0.0181783773082038));
#3566=CARTESIAN_POINT('',(0.114723025300132,-0.0229500000000007,-0.0181783773082038));
#3567=CARTESIAN_POINT('',(0.114723025300132,-0.0179500000000007,-0.0181783773082038));
#3568=CARTESIAN_POINT('',(0.114723025300132,-0.0164500000000007,-0.0181783773082038));
#3569=CARTESIAN_POINT('',(0.111098025300132,-0.0164500000000006,-0.0181783773082038));
#3570=CARTESIAN_POINT('',(0.111098025300132,-0.0164500000000006,-0.0181783773082038));
#3571=CARTESIAN_POINT('',(0.111098025300133,-0.000450000000000559,-0.0181783773082038));
#3572=CARTESIAN_POINT('',(0.035598025300133,0.004,-0.0181783773082038));
#3573=CARTESIAN_POINT('',(0.035598025300133,0.004,-0.0181783773082038));
#3574=CARTESIAN_POINT('',(0.035598025300133,0.00550199999999969,-0.0181783773082038));
#3575=CARTESIAN_POINT('',(0.0355980253001328,-0.000449999999998004,-0.0181783773082038));
#3576=CARTESIAN_POINT('',(0.0355980253001319,-0.028949999999998,-0.0181783773082038));
#3577=CARTESIAN_POINT('',(0.0355980253001327,-0.00386999999999801,-0.0181783773082038));
#3578=CARTESIAN_POINT('',(0.0385980253001327,-0.00386999999999812,-0.0181783773082038));
#3579=CARTESIAN_POINT('',(0.0403980253001327,-0.00626999999999818,-0.0181783773082038));
#3580=CARTESIAN_POINT('',(0.0385980253001325,-0.00866999999999811,-0.0181783773082038));
#3581=CARTESIAN_POINT('',(0.0355980253001325,-0.00866999999999801,-0.0181783773082038));
#3582=CARTESIAN_POINT('',(0.0355980253001319,-0.028949999999998,-0.0181783773082038));
#3583=CARTESIAN_POINT('',(0.0355980253001323,-0.0163000007623252,-0.0181783773082038));
#3584=CARTESIAN_POINT('',(0.0390481517324979,-0.0163000007623253,-0.0181783773082038));
#3585=CARTESIAN_POINT('',(0.0424982781648636,-0.0163000007623254,-0.0181783773082038));
#3586=CARTESIAN_POINT('',(0.0424982781648636,-0.0226250003811619,-0.0181783773082038));
#3587=CARTESIAN_POINT('',(0.0424982781648636,-0.0297000007623253,-0.0181783773082038));
#3588=CARTESIAN_POINT('',(0.132098025300132,-0.0297000007623253,-0.0181783773082038));
#3589=CARTESIAN_POINT('',(0.121804189443435,-0.0297000007623253,-0.0181783773082038));
#3590=CARTESIAN_POINT('',(0.121804189443435,-0.0297020007623283,-0.0181783773082038));
#3591=CARTESIAN_POINT('',(0.121804189443435,-0.028950000000001,-0.0181783773082038));
#3592=CARTESIAN_POINT('',(0.132098025300132,-0.0289500000000013,-0.0181783773082038));
#3593=CARTESIAN_POINT('',(0.132098025300132,-0.0289500000000013,-0.0181783773082038));
#3594=CARTESIAN_POINT('',(0.132098025300132,-0.0164500000000012,-0.0181783773082038));
#3595=CARTESIAN_POINT('',(0.0263982781648636,0.004,-0.0084808930441737));
#3596=CARTESIAN_POINT('',(0.134748278164864,0.004,0.0025711069558263));
#3597=CARTESIAN_POINT('',(0.134748278164864,0.004,0.00256910695582629));
#3598=CARTESIAN_POINT('',(0.0263982781648636,0.004,0.0025691069558263));
#3599=CARTESIAN_POINT('',(0.132998278164864,0.004,0.0025691069558263));
#3600=CARTESIAN_POINT('',(0.132998278164864,0.004,0.0095191069558263));
#3601=CARTESIAN_POINT('',(0.132998278164864,0.004,-0.0164808930441737));
#3602=CARTESIAN_POINT('',(0.0796982781648636,0.004,-0.0164808930441737));
#3603=CARTESIAN_POINT('',(0.111998278164864,0.004,-0.0164808930441737));
#3604=CARTESIAN_POINT('',(0.111998278164864,0.004,-0.0084808930441737));
#3605=CARTESIAN_POINT('',(0.111998278164864,0.004,0.00256910695582629));
#3606=CARTESIAN_POINT('',(0.0263982781648636,0.004,0.0025691069558263));
#3607=CARTESIAN_POINT('',(0.110248278164864,0.004,0.00256910695582629));
#3608=CARTESIAN_POINT('',(0.110248278164864,0.004,0.0025711069558263));
#3609=CARTESIAN_POINT('',(0.132998278164864,-0.0703,-0.0084808930441737));
#3610=CARTESIAN_POINT('',(0.132998278164864,0.0005,0.0025691069558263));
#3611=CARTESIAN_POINT('',(0.132998278164864,0.0055,0.0025691069558263));
#3612=CARTESIAN_POINT('',(0.132998278164864,0.0055,-0.0084808930441737));
#3613=CARTESIAN_POINT('',(0.132998278164864,0.0055,-0.0164808930441737));
#3614=CARTESIAN_POINT('',(0.132998278164864,-0.0703,-0.0164808930441737));
#3615=CARTESIAN_POINT('',(0.122498278164864,-0.0703,-0.0164808930441737));
#3616=CARTESIAN_POINT('',(0.111998278164864,-0.0703,-0.0164808930441737));
#3617=CARTESIAN_POINT('',(0.111998278164864,0.0055,-0.0164808930441737));
#3618=CARTESIAN_POINT('',(0.122498278164864,0.0055,-0.0164808930441737));
#3619=CARTESIAN_POINT('',(0.111998278164864,-0.0703,-0.0084808930441737));
#3620=CARTESIAN_POINT('',(0.111998278164864,0.0055,-0.0084808930441737));
#3621=CARTESIAN_POINT('',(0.111998278164864,0.0055,0.00256910695582629));
#3622=CARTESIAN_POINT('',(0.111998278164864,0.0005,0.00256910695582629));
#3623=CARTESIAN_POINT('',(0.0692732781648636,0.0005,0.0025691069558263));
#3624=CARTESIAN_POINT('',(0.0298982781648636,0.002,0.0025691069558263));
#3625=CARTESIAN_POINT('',(0.0319732781648636,0.002,0.0025691069558263));
#3626=CARTESIAN_POINT('',(0.106748278164864,0.002,0.00256910695582629));
#3627=CARTESIAN_POINT('',(0.108823278164864,0.002,0.00256910695582629));
#3628=CARTESIAN_POINT('',(0.0263982781648636,0.004,0.0025691069558263));
#3629=CARTESIAN_POINT('',(0.103875996841595,0.004,0.00256910695582629));
#3630=CARTESIAN_POINT('',(0.0327705594881326,0.004,0.0025691069558263));
#3631=CARTESIAN_POINT('',(0.106748278164863,0.00200000000000004,0.00256910695582629));
#3632=CARTESIAN_POINT('',(0.112248278164864,0.00035,0.00256910695582629));
#3633=CARTESIAN_POINT('',(0.112248278164864,0.0011,0.00256910695582629));
#3634=CARTESIAN_POINT('',(0.111248278164864,0.0011,0.00256910695582629));
#3635=CARTESIAN_POINT('',(0.110248278164864,0.0011,0.00256910695582629));
#3636=CARTESIAN_POINT('',(0.110248278164864,0.00255,0.00256910695582629));
#3637=CARTESIAN_POINT('',(0.0692732781648636,0.0055,0.0025691069558263));
#3638=CARTESIAN_POINT('',(0.0265482781648636,0.0055,0.0025691069558263));
#3639=CARTESIAN_POINT('',(0.0265482781648636,0.0005,0.0025691069558263));
#3640=CARTESIAN_POINT('',(0.0265482781648636,0.00098634325336432,0.0025691069558263));
#3641=CARTESIAN_POINT('',(0.0298982781648636,0.002,0.0025691069558263));
#3642=CARTESIAN_POINT('',(0.0812524693107337,-0.0246,-0.0296807461337157));
#3643=CARTESIAN_POINT('',(0.067298271894455,-0.0246,-0.0296807461337157));
#3644=CARTESIAN_POINT('',(0.067298271894455,-0.0246,-0.0296807461337157));
#3645=CARTESIAN_POINT('',(0.095298271894455,-0.019649504950495,-0.0291856966287652));
#3646=CARTESIAN_POINT('',(0.095298271894455,-0.0246,-0.0296807461337157));
#3647=CARTESIAN_POINT('',(0.081298271894455,-0.0246,-0.0296807461337157));
#3648=CARTESIAN_POINT('',(0.095298271894455,-0.0196,-0.0296807461337157));
#3649=CARTESIAN_POINT('',(0.095298271894455,-0.0246,-0.0296807461337157));
#3650=CARTESIAN_POINT('',(0.081298271894455,-0.0246,-0.0296807461337157));
#3651=CARTESIAN_POINT('',(0.067298271894455,-0.0246,-0.0296807461337157));
#3652=CARTESIAN_POINT('',(0.067298271894455,-0.0196,-0.0296807461337157));
#3653=CARTESIAN_POINT('',(0.0741033937041257,-0.0170500007623253,-0.0046558930441737));
#3654=CARTESIAN_POINT('',(0.0265482781648636,-0.0170500007623253,-0.0046558930441737));
#3655=CARTESIAN_POINT('',(0.0265482781648636,-0.0170500007623253,-0.0219808930441737));
#3656=CARTESIAN_POINT('',(0.0340732781648636,-0.0170500007623253,-0.0219808930441737));
#3657=CARTESIAN_POINT('',(0.0417482781648636,-0.0170500007623253,-0.0219808930441737));
#3658=CARTESIAN_POINT('',(0.0417482781648636,-0.0170500007623253,-0.0046558930441737));
#3659=CARTESIAN_POINT('',(0.0263982781648636,0.004,-0.0084808930441737));
#3660=CARTESIAN_POINT('',(0.107301111774551,0.004,-0.00443089304417371));
#3661=CARTESIAN_POINT('',(0.107301111774551,0.004,-0.00443089304417371));
#3662=CARTESIAN_POINT('',(0.107301111774551,0.004,-0.00143089304417371));
#3663=CARTESIAN_POINT('',(0.0263982781648636,0.004,-0.0044308930441737));
#3664=CARTESIAN_POINT('',(0.106195444555176,0.004,-0.0044308930441737));
#3665=CARTESIAN_POINT('',(0.0263982781648636,0.004,-0.0044308930441737));
#3666=CARTESIAN_POINT('',(0.103875996841595,0.004,-0.0044308930441737));
#3667=CARTESIAN_POINT('',(0.103875996841595,0.004,-0.00143089304417371));
#3668=CARTESIAN_POINT('',(0.0327705594881326,0.004,-0.0014308930441737));
#3669=CARTESIAN_POINT('',(0.0327705594881326,0.004,-0.0044308930441737));
#3670=CARTESIAN_POINT('',(0.0263982781648636,0.004,-0.0044308930441737));
#3671=CARTESIAN_POINT('',(0.030451111774551,0.004,-0.0044308930441737));
#3672=CARTESIAN_POINT('',(0.0263982781648636,0.004,-0.0044308930441737));
#3673=CARTESIAN_POINT('',(0.0293454445551762,0.004,-0.0044308930441737));
#3674=CARTESIAN_POINT('',(0.0263982781648636,0.004,-0.0044308930441737));
#3675=CARTESIAN_POINT('',(0.0265482781648636,0.004,-0.0044308930441737));
#3676=CARTESIAN_POINT('',(0.0265482781648636,0.004,-0.0084808930441737));
#3677=CARTESIAN_POINT('',(0.035598025300133,0.004,-0.0214828930441737));
#3678=CARTESIAN_POINT('',(0.0263982781648636,0.004,-0.0014308930441737));
#3679=CARTESIAN_POINT('',(0.134423278164864,0.0005,0.0025691069558263));
#3680=CARTESIAN_POINT('',(0.135848278164864,0.0005,0.0025691069558263));
#3681=CARTESIAN_POINT('',(0.135848278164864,-0.0004,0.00256910695582629));
#3682=CARTESIAN_POINT('',(0.135848278164864,0.0055,0.0025691069558263));
#3683=CARTESIAN_POINT('',(0.134423278164864,0.0055,0.0025691069558263));
#3684=CARTESIAN_POINT('',(0.134748278164864,0.00255,0.00256910695582629));
#3685=CARTESIAN_POINT('',(0.134748278164864,0.0011,0.00256910695582629));
#3686=CARTESIAN_POINT('',(0.133748278164864,0.0011,0.00256910695582629));
#3687=CARTESIAN_POINT('',(0.132748278164864,0.0011,0.00256910695582629));
#3688=CARTESIAN_POINT('',(0.132748278164864,0.00035,0.00256910695582629));
#3689=CARTESIAN_POINT('',(0.132748278164864,-0.0004,0.00256910695582629));
#3690=CARTESIAN_POINT('',(0.134298278164864,-0.0004,0.00256910695582629));
#3691=CARTESIAN_POINT('',(0.0812523983758436,0.0055,-0.0074808195889447));
#3692=CARTESIAN_POINT('',(0.135848278164864,0.0055,-0.0222308930441737));
#3693=CARTESIAN_POINT('',(0.135848278164864,0.0055,-0.0234808930441737));
#3694=CARTESIAN_POINT('',(0.12227390906995,0.0055,-0.0234808930441737));
#3695=CARTESIAN_POINT('',(0.10827390906995,0.0055,-0.0234808930441737));
#3696=CARTESIAN_POINT('',(0.105763189190342,0.0055,-0.0260808195889447));
#3697=CARTESIAN_POINT('',(0.040230887681737,0.0055,-0.0234807461337157));
#3698=CARTESIAN_POINT('',(0.0265482781648636,0.0055,-0.0234807461337157));
#3699=CARTESIAN_POINT('',(0.0265482781648636,0.0055,-0.0223557461337157));
#3700=CARTESIAN_POINT('',(0.0265482781648636,0.0005,-0.0223557461337157));
#3701=CARTESIAN_POINT('',(0.0265482781648636,0.0005,-0.0234807461337157));
#3702=CARTESIAN_POINT('',(0.0265482781648636,-0.0297000007623253,-0.0234807461337157));
#3703=CARTESIAN_POINT('',(0.0265482781648636,-0.0297000007623253,-0.0464808930441737));
#3704=CARTESIAN_POINT('',(0.0265482781648636,-0.0297000007623253,-0.0219808930441737));
#3705=CARTESIAN_POINT('',(0.0265482781648636,-0.0170500007623253,-0.0219808930441737));
#3706=CARTESIAN_POINT('',(0.0265482781648636,0.004,-0.0044308930441737));
#3707=CARTESIAN_POINT('',(0.0265482781648636,0.001,-0.0014308930441737));
#3708=CARTESIAN_POINT('',(0.0265482781648636,0.0005,-0.0014308930441737));
#3709=CARTESIAN_POINT('',(0.0265482781648636,0.00098634325336432,-0.0014308930441737));
#3710=CARTESIAN_POINT('',(0.0265482781648636,0.00098634325336432,-0.0014308930441737));
#3711=CARTESIAN_POINT('',(0.040230887681737,-0.04,-0.0234807461337157));
#3712=CARTESIAN_POINT('',(0.0564980253001327,-0.00591999999999871,-0.0234807461337157));
#3713=CARTESIAN_POINT('',(0.0592086986322814,-0.00351316076847999,-0.0234807461337157));
#3714=CARTESIAN_POINT('',(0.0589048645316514,-0.00320932666784997,-0.0234807461337157));
#3715=CARTESIAN_POINT('',(0.0564980253001327,-0.00591999999999871,-0.0234807461337157));
#3716=CARTESIAN_POINT('',(0.0563856534848747,-0.00205693144693231,-0.0234807461337157));
#3717=CARTESIAN_POINT('',(0.0603982816696167,-0.00205693144693231,-0.0234807461337157));
#3718=CARTESIAN_POINT('',(0.0603982816696167,-0.00591999999999871,-0.0234807461337157));
#3719=CARTESIAN_POINT('',(0.105798271894455,-0.0397,-0.0234807461337157));
#3720=CARTESIAN_POINT('',(0.105798271894455,-0.0297000007623253,-0.0234807461337157));
#3721=CARTESIAN_POINT('',(0.0812982767820358,-0.0297000007623253,-0.0234807461337157));
#3722=CARTESIAN_POINT('',(0.0567982816696167,-0.0297000007623253,-0.0234807461337157));
#3723=CARTESIAN_POINT('',(0.0567982816696167,-0.0397,-0.0234807461337157));
#3724=CARTESIAN_POINT('',(0.0567982816696167,-0.00978306855306512,-0.0234807461337157));
#3725=CARTESIAN_POINT('',(0.0563856534848747,-0.00978306855306512,-0.0234807461337157));
#3726=CARTESIAN_POINT('',(0.040230887681737,-0.0297000007623253,-0.0234807461337157));
#3727=CARTESIAN_POINT('',(0.0603982816696167,-0.0397,-0.0271807461337157));
#3728=CARTESIAN_POINT('',(0.0603982816696167,-0.0397,-0.0256807461337157));
#3729=CARTESIAN_POINT('',(0.0603982816696167,-0.0329245912857181,-0.0256807461337157));
#3730=CARTESIAN_POINT('',(0.0603982816696167,0.000543068553067692,-0.0260807461337157));
#3731=CARTESIAN_POINT('',(0.0603982816696167,-0.0329245912857181,-0.0318808930441737));
#3732=CARTESIAN_POINT('',(0.102198271894455,-0.0397,-0.0271807461337157));
#3733=CARTESIAN_POINT('',(0.102198271894455,-0.0397,-0.0256807461337157));
#3734=CARTESIAN_POINT('',(0.102198271894455,-0.0317844141884895,-0.0256807461337157));
#3735=CARTESIAN_POINT('',(0.102198271894455,-0.0317844141884895,-0.0318808930441737));
#3736=CARTESIAN_POINT('',(0.0812524693107337,-0.03765,-0.0256807461337157));
#3737=CARTESIAN_POINT('',(0.0399692175773823,1.48280860214831,-0.0256807461337157));
#3738=CARTESIAN_POINT('',(0.065403318314947,-0.0328488680134258,-0.0256807461337157));
#3739=CARTESIAN_POINT('',(0.0654033183149468,-0.0328488680134258,-0.0256807461337157));
#3740=CARTESIAN_POINT('',(0.0702937535738212,-0.03765,-0.0256807461337157));
#3741=CARTESIAN_POINT('',(0.0812524693107337,-0.03765,-0.0256807461337157));
#3742=CARTESIAN_POINT('',(0.0921174351978381,-0.03765,-0.0256807461337157));
#3743=CARTESIAN_POINT('',(0.0921024693107337,-0.0376655178950353,-0.0256807461337157));
#3744=CARTESIAN_POINT('',(0.0975988634974339,-0.031966392446112,-0.0256807461337157));
#3745=CARTESIAN_POINT('',(0.0399692175773823,1.48280860214831,-0.0256807461337157));
#3746=CARTESIAN_POINT('',(0.0862937535738212,-0.03765,-0.0256807461337157));
#3747=CARTESIAN_POINT('',(0.0862937535738212,-0.0341,-0.0256807461337157));
#3748=CARTESIAN_POINT('',(0.0862937535738212,-0.0361,-0.0256807461337157));
#3749=CARTESIAN_POINT('',(0.0812524693107337,-0.0361,-0.0256807461337157));
#3750=CARTESIAN_POINT('',(0.0762937535738212,-0.0361,-0.0256807461337157));
#3751=CARTESIAN_POINT('',(0.0762937535738212,-0.03765,-0.0256807461337157));
#3752=CARTESIAN_POINT('',(0.0762937535738212,-0.0341,-0.0256807461337157));
#3753=CARTESIAN_POINT('',(0.0812524693107337,-0.0341,-0.0256807461337157));
#3754=CARTESIAN_POINT('',(0.103198271894455,-0.0397,-0.0274269355416434));
#3755=CARTESIAN_POINT('',(0.103198271894455,-0.0297000007623253,-0.0274269355416434));
#3756=CARTESIAN_POINT('',(0.103198271894455,-0.0297000007623253,-0.0261731249495711));
#3757=CARTESIAN_POINT('',(0.103198271894455,-0.0397,-0.0261731249495711));
#3758=CARTESIAN_POINT('',(0.104736014242167,-0.0397,-0.0245807461337157));
#3759=CARTESIAN_POINT('',(0.104736014242167,-0.0297000007623253,-0.0245807461337157));
#3760=CARTESIAN_POINT('',(0.0578605393219045,-0.0397,-0.0245807461337157));
#3761=CARTESIAN_POINT('',(0.0673499398711471,-0.0207096304815068,-0.0344073080621573));
#3762=CARTESIAN_POINT('',(0.0593982816696167,-0.0124754473689206,-0.0261731249495711));
#3763=CARTESIAN_POINT('',(0.0578605393219045,-0.0297000007623253,-0.0245807461337157));
#3764=CARTESIAN_POINT('',(0.0593982816696167,-0.0297000007623253,-0.0261731249495711));
#3765=CARTESIAN_POINT('',(0.0593982816696167,-0.0397,-0.0261731249495711));
#3766=CARTESIAN_POINT('',(0.0593982816696167,-0.0397,-0.0274269355416434));
#3767=CARTESIAN_POINT('',(0.0593982816696167,-0.0267146289804964,-0.040412306561147));
#3768=CARTESIAN_POINT('',(0.0593982816696167,-0.0297000007623253,-0.0274269355416434));
#3769=CARTESIAN_POINT('',(0.135848278164864,0.0005,-0.0222308930441737));
#3770=CARTESIAN_POINT('',(0.135848278164864,-0.0004,0.0025711069558263));
#3771=CARTESIAN_POINT('',(0.135848278164864,-0.0004,-0.0179808930441737));
#3772=CARTESIAN_POINT('',(0.135848278164864,-0.0004,-0.0179808930441737));
#3773=CARTESIAN_POINT('',(0.135848278164864,-0.02905496495002,-0.0222308930441737));
#3774=CARTESIAN_POINT('',(0.135848278164864,-0.02905496495002,-0.0234808930441737));
#3775=CARTESIAN_POINT('',(0.135848278164864,0.0005,-0.0234808930441737));
#3776=CARTESIAN_POINT('',(0.12227390906995,-0.04,-0.0234808930441737));
#3777=CARTESIAN_POINT('',(0.12227390906995,-0.02905496495002,-0.0234808930441737));
#3778=CARTESIAN_POINT('',(0.132993958364911,-0.02905496495002,-0.0234808930441737));
#3779=CARTESIAN_POINT('',(0.121680574923322,-0.0297071265388228,-0.0234808930441737));
#3780=CARTESIAN_POINT('',(0.121804189443435,-0.0297000007623253,-0.0234808930441737));
#3781=CARTESIAN_POINT('',(0.12227390906995,-0.0297000007623253,-0.0234808930441737));
#3782=CARTESIAN_POINT('',(0.10827390906995,-0.0297000007623253,-0.0234808930441737));
#3783=CARTESIAN_POINT('',(0.10827390906995,-0.04,-0.0234808930441737));
#3784=CARTESIAN_POINT('',(0.105763189190342,-0.04,-0.0260808195889447));
#3785=CARTESIAN_POINT('',(0.105763189190342,-0.0297000007623253,-0.0260808195889447));
#3786=CARTESIAN_POINT('',(0.0417482781648636,-0.0170500007623253,-0.0046558930441737));
#3787=CARTESIAN_POINT('',(0.0417482781648636,-0.0297000007623253,-0.0046558930441737));
#3788=CARTESIAN_POINT('',(0.0417482781648636,-0.0297000007623253,-0.0219808930441737));
#3789=CARTESIAN_POINT('',(0.0417482781648636,-0.0170500007623253,-0.0219808930441737));
#3790=CARTESIAN_POINT('',(0.0340732781648636,-0.0170500007623253,-0.0219808930441737));
#3791=CARTESIAN_POINT('',(0.0340732781648636,-0.0297000007623253,-0.0219808930441737));
#3792=CARTESIAN_POINT('',(0.134496118264888,-0.02905496495002,-0.0464808930441737));
#3793=CARTESIAN_POINT('',(0.132993958364911,-0.02905496495002,-0.0464808930441737));
#3794=CARTESIAN_POINT('',(0.0349233401055263,-0.0297000007623253,-0.0464808930441737));
#3795=CARTESIAN_POINT('',(0.112848278164864,-0.0297000007623253,-0.0204283773082038));
#3796=CARTESIAN_POINT('',(0.112848278164864,-0.0297000007623253,-0.0191783773082038));
#3797=CARTESIAN_POINT('',(0.0424982781648636,-0.0297000007623253,-0.0214828930441737));
#3798=CARTESIAN_POINT('',(0.121804189443435,-0.0297000007623253,-0.0464808930441737));
#3799=CARTESIAN_POINT('',(0.121804189443435,-0.0297000007623253,-0.0198296351761887));
#3800=CARTESIAN_POINT('',(0.0495482781648636,-0.0297000007623253,-0.0204283773082038));
#3801=CARTESIAN_POINT('',(0.0495482781648636,-0.0297000007623253,-0.0191783773082038));
#3802=CARTESIAN_POINT('',(0.127399073904173,-0.0293774828561727,-0.0464808930441737));
#3803=CARTESIAN_POINT('',(0.0921024693107337,-0.0376655178950353,-0.0318808930441737));
#3804=CARTESIAN_POINT('',(0.0975988634974339,-0.0319663924461118,-0.0318808930441737));
#3805=CARTESIAN_POINT('',(0.0921174351978381,-0.03765,-0.0097308195889447));
#3806=CARTESIAN_POINT('',(0.0812523983758436,-0.03765,-0.0097308195889447));
#3807=CARTESIAN_POINT('',(0.0702937535738212,-0.03765,-0.0097308195889447));
#3808=CARTESIAN_POINT('',(0.0654033183149468,-0.0328488680134258,-0.0318808930441737));
#3809=CARTESIAN_POINT('',(0.065403318314947,-0.0328488680134258,-0.0318808930441737));
#3810=CARTESIAN_POINT('',(0.0762937535738212,-0.0351,-0.0241707461337157));
#3811=CARTESIAN_POINT('',(0.0762937535738212,-0.0361,-0.0241707461337157));
#3812=CARTESIAN_POINT('',(0.0762937535738212,-0.035355,-0.0244257461337157));
#3813=CARTESIAN_POINT('',(0.0812937535738212,-0.0361,-0.0241707461337157));
#3814=CARTESIAN_POINT('',(0.0862937535738212,-0.0361,-0.0241707461337157));
#3815=CARTESIAN_POINT('',(0.0862937535738212,-0.0351,-0.0241707461337157));
#3816=CARTESIAN_POINT('',(0.0862937535738212,-0.0341,-0.0256807461337157));
#3817=CARTESIAN_POINT('',(0.0399692175773823,1.48280860214831,-0.0318808930441737));
#3818=CARTESIAN_POINT('',(0.0399692175773823,1.48280860214831,-0.0318808930441737));
#3819=CARTESIAN_POINT('',(0.112248278164864,0.00035,0.0025711069558263));
#3820=CARTESIAN_POINT('',(0.112248278164864,0.0011,0.0025711069558263));
#3821=CARTESIAN_POINT('',(0.110248278164864,0.00255,0.0025711069558263));
#3822=CARTESIAN_POINT('',(0.110248278164864,0.0011,0.0025711069558263));
#3823=CARTESIAN_POINT('',(0.111248278164864,0.0011,0.0025711069558263));
#3824=CARTESIAN_POINT('',(0.134748278164864,0.00255,0.0025711069558263));
#3825=CARTESIAN_POINT('',(0.134748278164864,0.0011,0.0025711069558263));
#3826=CARTESIAN_POINT('',(0.133748278164864,0.0011,0.0025711069558263));
#3827=CARTESIAN_POINT('',(0.132748278164864,0.0011,0.0025711069558263));
#3828=CARTESIAN_POINT('',(0.132748278164864,0.00035,0.0025711069558263));
#3829=CARTESIAN_POINT('',(0.132748278164864,0.010251,-0.00732989304417371));
#3830=CARTESIAN_POINT('',(0.132748278164864,-0.0004,-0.0179808930441737));
#3831=CARTESIAN_POINT('',(0.132748278164864,-0.0004,0.0025711069558263));
#3832=CARTESIAN_POINT('',(0.134298278164864,-0.0004,0.0025711069558263));
#3833=CARTESIAN_POINT('',(0.134298278164864,-0.0004,-0.0179808930441737));
#3834=CARTESIAN_POINT('',(0.0838480253001321,-0.0146999999999996,-0.0181783773082038));
#3835=CARTESIAN_POINT('',(0.0355980253001319,-0.028949999999998,-0.0181783773082038));
#3836=CARTESIAN_POINT('',(0.0385980253001325,-0.00866999999999811,-0.0181783773082038));
#3837=CARTESIAN_POINT('',(0.0367980253001326,-0.00626999999999805,-0.0181783773082038));
#3838=CARTESIAN_POINT('',(0.0385980253001327,-0.00386999999999812,-0.0181783773082038));
#3839=CARTESIAN_POINT('',(0.108598025300132,-0.0219500000000005,-0.0214828930441737));
#3840=CARTESIAN_POINT('',(0.108598025300132,-0.0219500000000005,-0.0196783773082038));
#3841=CARTESIAN_POINT('',(0.107723025300132,-0.0219500000000005,-0.0196783773082038));
#3842=CARTESIAN_POINT('',(0.108598025300132,-0.0219500000000005,-0.0214808930441737));
#3843=CARTESIAN_POINT('',(0.109473025300132,-0.0219500000000005,-0.0214808930441737));
#3844=CARTESIAN_POINT('',(0.0915980253001325,-0.01095,-0.0214828930441737));
#3845=CARTESIAN_POINT('',(0.0938480253001325,-0.01095,-0.0214828930441737));
#3846=CARTESIAN_POINT('',(0.0938480253001325,-0.01095,-0.0214808930441737));
#3847=CARTESIAN_POINT('',(0.0938480253001325,-0.01095,-0.0196783773082038));
#3848=CARTESIAN_POINT('',(0.0893480253001325,-0.0109499999999998,-0.0196783773082038));
#3849=CARTESIAN_POINT('',(0.0893480253001325,-0.0109499999999998,-0.0196783773082038));
#3850=CARTESIAN_POINT('',(0.0893480253001325,-0.0109499999999998,-0.0214828930441737));
#3851=CARTESIAN_POINT('',(0.0893480253001325,-0.0109499999999998,-0.0214808930441737));
#3852=CARTESIAN_POINT('',(0.0915980253001325,-0.01095,-0.0214808930441737));
#3853=CARTESIAN_POINT('',(0.122598025300132,-0.017950000000001,-0.0214828930441737));
#3854=CARTESIAN_POINT('',(0.128973025300132,-0.0179500000000011,-0.0214828930441737));
#3855=CARTESIAN_POINT('',(0.128973025300132,-0.0179500000000011,-0.0214808930441737));
#3856=CARTESIAN_POINT('',(0.128973025300132,-0.0179500000000011,-0.0196783773082038));
#3857=CARTESIAN_POINT('',(0.116223025300132,-0.0179500000000008,-0.0196783773082038));
#3858=CARTESIAN_POINT('',(0.116223025300132,-0.0179500000000008,-0.0196783773082038));
#3859=CARTESIAN_POINT('',(0.116223025300132,-0.0179500000000008,-0.0214828930441737));
#3860=CARTESIAN_POINT('',(0.116223025300132,-0.0179500000000008,-0.0214808930441737));
#3861=CARTESIAN_POINT('',(0.122598025300132,-0.017950000000001,-0.0214808930441737));
#3862=CARTESIAN_POINT('',(0.0424982781648636,-0.0226250003811619,-0.0214828930441737));
#3863=CARTESIAN_POINT('',(0.0424982781648636,-0.0163000007623254,-0.0214828930441737));
#3864=CARTESIAN_POINT('',(0.0915980253001319,-0.02617,-0.0214828930441737));
#3865=CARTESIAN_POINT('',(0.0915980253001319,-0.02617,-0.0196783773082038));
#3866=CARTESIAN_POINT('',(0.0905230253001319,-0.02617,-0.0196783773082038));
#3867=CARTESIAN_POINT('',(0.0915980253001319,-0.02617,-0.0214808930441737));
#3868=CARTESIAN_POINT('',(0.0926730253001319,-0.02617,-0.0214808930441737));
#3869=CARTESIAN_POINT('',(0.045898025300132,-0.0249699999999984,-0.0214828930441737));
#3870=CARTESIAN_POINT('',(0.045898025300132,-0.0249699999999984,-0.0196783773082038));
#3871=CARTESIAN_POINT('',(0.044823025300132,-0.0249699999999984,-0.0196783773082038));
#3872=CARTESIAN_POINT('',(0.045898025300132,-0.0249699999999984,-0.0214808930441737));
#3873=CARTESIAN_POINT('',(0.046973025300132,-0.0249699999999984,-0.0214808930441737));
#3874=CARTESIAN_POINT('',(0.0458980253001327,-0.00466999999999835,-0.0214828930441737));
#3875=CARTESIAN_POINT('',(0.0458980253001327,-0.00466999999999835,-0.0196783773082038));
#3876=CARTESIAN_POINT('',(0.0448230253001327,-0.00466999999999835,-0.0196783773082038));
#3877=CARTESIAN_POINT('',(0.0458980253001327,-0.00466999999999835,-0.0214808930441737));
#3878=CARTESIAN_POINT('',(0.0469730253001327,-0.00466999999999835,-0.0214808930441737));
#3879=CARTESIAN_POINT('',(0.0385980253001327,-0.00386999999999812,-0.0214828930441737));
#3880=CARTESIAN_POINT('',(0.0385980253001327,-0.00386999999999812,-0.0196783773082038));
#3881=CARTESIAN_POINT('',(0.0370980253001327,-0.00386999999999812,-0.0196783773082038));
#3882=CARTESIAN_POINT('',(0.0385980253001327,-0.00386999999999812,-0.0214808930441737));
#3883=CARTESIAN_POINT('',(0.0400980253001327,-0.00386999999999812,-0.0214808930441737));
#3884=CARTESIAN_POINT('',(0.0385980253001325,-0.00866999999999811,-0.0214828930441737));
#3885=CARTESIAN_POINT('',(0.0385980253001325,-0.00866999999999811,-0.0196783773082038));
#3886=CARTESIAN_POINT('',(0.0370980253001325,-0.00866999999999811,-0.0196783773082038));
#3887=CARTESIAN_POINT('',(0.0385980253001325,-0.00866999999999811,-0.0214808930441737));
#3888=CARTESIAN_POINT('',(0.0400980253001325,-0.00866999999999811,-0.0214808930441737));
#3889=CARTESIAN_POINT('',(0.0564980253001327,-0.00591999999999871,-0.0214828930441737));
#3890=CARTESIAN_POINT('',(0.0564980253001327,-0.00591999999999871,-0.0199283773082038));
#3891=CARTESIAN_POINT('',(0.0564980253001327,-0.00791999999999871,-0.0199283773082038));
#3892=CARTESIAN_POINT('',(0.0915980253001327,-0.0046699999999999,-0.0214828930441737));
#3893=CARTESIAN_POINT('',(0.0915980253001327,-0.0046699999999999,-0.0196783773082038));
#3894=CARTESIAN_POINT('',(0.0905230253001327,-0.0046699999999999,-0.0196783773082038));
#3895=CARTESIAN_POINT('',(0.0915980253001327,-0.0046699999999999,-0.0214808930441737));
#3896=CARTESIAN_POINT('',(0.0926730253001327,-0.0046699999999999,-0.0214808930441737));
#3897=CARTESIAN_POINT('',(0.0984380253001327,-0.00417000000000013,-0.0214828930441737));
#3898=CARTESIAN_POINT('',(0.0984380253001327,-0.00417000000000013,-0.0196783773082038));
#3899=CARTESIAN_POINT('',(0.0975630253001327,-0.00417000000000013,-0.0196783773082038));
#3900=CARTESIAN_POINT('',(0.0984380253001327,-0.00417000000000013,-0.0214808930441737));
#3901=CARTESIAN_POINT('',(0.0993130253001327,-0.00417000000000013,-0.0214808930441737));
#3902=CARTESIAN_POINT('',(0.108598025300133,-0.00417000000000048,-0.0214828930441737));
#3903=CARTESIAN_POINT('',(0.108598025300133,-0.00417000000000048,-0.0196783773082038));
#3904=CARTESIAN_POINT('',(0.107723025300133,-0.00417000000000048,-0.0196783773082038));
#3905=CARTESIAN_POINT('',(0.108598025300133,-0.00417000000000048,-0.0214808930441737));
#3906=CARTESIAN_POINT('',(0.109473025300133,-0.00417000000000048,-0.0214808930441737));
#3907=CARTESIAN_POINT('',(0.108598025300132,-0.0194100000000005,-0.0214828930441737));
#3908=CARTESIAN_POINT('',(0.108598025300132,-0.0194100000000005,-0.0196783773082038));
#3909=CARTESIAN_POINT('',(0.107723025300132,-0.0194100000000005,-0.0196783773082038));
#3910=CARTESIAN_POINT('',(0.108598025300132,-0.0194100000000005,-0.0214808930441737));
#3911=CARTESIAN_POINT('',(0.109473025300132,-0.0194100000000005,-0.0214808930441737));
#3912=CARTESIAN_POINT('',(0.0984380253001322,-0.01941,-0.0214828930441737));
#3913=CARTESIAN_POINT('',(0.0984380253001322,-0.01941,-0.0196783773082038));
#3914=CARTESIAN_POINT('',(0.0975630253001322,-0.01941,-0.0196783773082038));
#3915=CARTESIAN_POINT('',(0.0984380253001322,-0.01941,-0.0214808930441737));
#3916=CARTESIAN_POINT('',(0.0993130253001322,-0.01941,-0.0214808930441737));
#3917=CARTESIAN_POINT('',(0.0984380253001321,-0.02195,-0.0214828930441737));
#3918=CARTESIAN_POINT('',(0.0984380253001321,-0.02195,-0.0196783773082038));
#3919=CARTESIAN_POINT('',(0.0975630253001321,-0.02195,-0.0196783773082038));
#3920=CARTESIAN_POINT('',(0.0984380253001321,-0.02195,-0.0214808930441737));
#3921=CARTESIAN_POINT('',(0.0993130253001321,-0.02195,-0.0214808930441737));
#3922=CARTESIAN_POINT('',(0.0938480253001323,-0.01445,-0.0214828930441737));
#3923=CARTESIAN_POINT('',(0.0938480253001322,-0.01795,-0.0214828930441737));
#3924=CARTESIAN_POINT('',(0.0938480253001322,-0.01795,-0.0214808930441737));
#3925=CARTESIAN_POINT('',(0.0938480253001322,-0.01795,-0.0196783773082038));
#3926=CARTESIAN_POINT('',(0.0938480253001323,-0.01445,-0.0196783773082038));
#3927=CARTESIAN_POINT('',(0.0938480253001323,-0.01445,-0.0214808930441737));
#3928=CARTESIAN_POINT('',(0.0915980253001322,-0.01795,-0.0214828930441737));
#3929=CARTESIAN_POINT('',(0.0893480253001322,-0.01795,-0.0214828930441737));
#3930=CARTESIAN_POINT('',(0.0893480253001322,-0.01795,-0.0214808930441737));
#3931=CARTESIAN_POINT('',(0.0893480253001322,-0.01795,-0.0196783773082038));
#3932=CARTESIAN_POINT('',(0.0915980253001322,-0.01795,-0.0196783773082038));
#3933=CARTESIAN_POINT('',(0.0915980253001322,-0.01795,-0.0214808930441737));
#3934=CARTESIAN_POINT('',(0.0893480253001323,-0.0144499999999998,-0.0214828930441737));
#3935=CARTESIAN_POINT('',(0.0893480253001322,-0.01795,-0.0196783773082038));
#3936=CARTESIAN_POINT('',(0.0893480253001323,-0.0144499999999998,-0.0214808930441737));
#3937=CARTESIAN_POINT('',(0.128973025300132,-0.0197000000000011,-0.0214828930441737));
#3938=CARTESIAN_POINT('',(0.128973025300132,-0.0214500000000011,-0.0214828930441737));
#3939=CARTESIAN_POINT('',(0.128973025300132,-0.0214500000000011,-0.0214808930441737));
#3940=CARTESIAN_POINT('',(0.128973025300132,-0.0214500000000011,-0.0196783773082038));
#3941=CARTESIAN_POINT('',(0.128973025300132,-0.0197000000000011,-0.0196783773082038));
#3942=CARTESIAN_POINT('',(0.128973025300132,-0.0197000000000011,-0.0214808930441737));
#3943=CARTESIAN_POINT('',(0.122598025300132,-0.021450000000001,-0.0214828930441737));
#3944=CARTESIAN_POINT('',(0.116223025300132,-0.0214500000000007,-0.0214828930441737));
#3945=CARTESIAN_POINT('',(0.116223025300132,-0.0214500000000007,-0.0214808930441737));
#3946=CARTESIAN_POINT('',(0.116223025300132,-0.0214500000000007,-0.0196783773082038));
#3947=CARTESIAN_POINT('',(0.122598025300132,-0.021450000000001,-0.0196783773082038));
#3948=CARTESIAN_POINT('',(0.122598025300132,-0.021450000000001,-0.0214808930441737));
#3949=CARTESIAN_POINT('',(0.116223025300132,-0.0197000000000007,-0.0214828930441737));
#3950=CARTESIAN_POINT('',(0.116223025300132,-0.0214500000000007,-0.0196783773082038));
#3951=CARTESIAN_POINT('',(0.116223025300132,-0.0197000000000007,-0.0214808930441737));
#3952=CARTESIAN_POINT('',(0.132098025300132,-0.0289500000000013,-0.0214828930441737));
#3953=CARTESIAN_POINT('',(0.121804189443435,-0.028950000000001,-0.0198296351761887));
#3954=CARTESIAN_POINT('',(0.132098025300132,-0.0289500000000013,-0.0214828930441737));
#3955=CARTESIAN_POINT('',(0.132098025300132,-0.0164500000000012,-0.0214828930441737));
#3956=CARTESIAN_POINT('',(0.132098025300132,-0.0147990000000013,-0.0198318930441737));
#3957=CARTESIAN_POINT('',(0.132098025300132,-0.0164500000000012,-0.0181808930441737));
#3958=CARTESIAN_POINT('',(0.132098025300132,-0.0164500000000012,-0.0214828930441737));
#3959=CARTESIAN_POINT('',(0.111098025300132,-0.0164500000000006,-0.0214828930441737));
#3960=CARTESIAN_POINT('',(0.111098025300132,-0.0164500000000006,-0.0181808930441737));
#3961=CARTESIAN_POINT('',(0.111098025300132,-0.0164500000000006,-0.0181808930441737));
#3962=CARTESIAN_POINT('',(0.111098025300132,-0.0164500000000006,-0.0214828930441737));
#3963=CARTESIAN_POINT('',(0.111098025300132,-0.0164500000000006,-0.0181783773082038));
#3964=CARTESIAN_POINT('',(0.111098025300133,-0.000450000000000559,-0.0214828930441737));
#3965=CARTESIAN_POINT('',(0.111098025300132,-0.0164500000000006,-0.0181808930441737));
#3966=CARTESIAN_POINT('',(0.0355980253001319,-0.028949999999998,-0.0214828930441737));
#3967=CARTESIAN_POINT('',(0.0355980253001323,-0.0163000007623252,-0.0214828930441737));
#3968=CARTESIAN_POINT('',(0.0390481517324979,-0.0163000007623253,-0.0214828930441737));
#3969=CARTESIAN_POINT('',(0.0796982781648636,-0.0129250003811626,-0.0214808930441737));
#3970=CARTESIAN_POINT('',(0.0796982781648636,-0.0129250003811626,-0.0214808930441737));
#3971=CARTESIAN_POINT('',(0.0796982781648636,-0.0129250003811626,-0.0214808930441737));
#3972=CARTESIAN_POINT('',(0.0796982781648636,-0.0129250003811626,-0.0214808930441737));
#3973=CARTESIAN_POINT('',(0.0796982781648636,-0.0129250003811626,-0.0214808930441737));
#3974=CARTESIAN_POINT('',(0.0796982781648636,-0.0129250003811626,-0.0214808930441737));
#3975=CARTESIAN_POINT('',(0.0796982781648636,-0.0129250003811626,-0.0214808930441737));
#3976=CARTESIAN_POINT('',(0.0796982781648636,-0.0129250003811626,-0.0214808930441737));
#3977=CARTESIAN_POINT('',(0.0796982781648636,-0.0129250003811626,-0.0214808930441737));
#3978=CARTESIAN_POINT('',(0.0796982781648636,-0.0129250003811626,-0.0214808930441737));
#3979=CARTESIAN_POINT('',(0.0796982781648636,-0.0129250003811626,-0.0214808930441737));
#3980=CARTESIAN_POINT('',(0.0796982781648636,-0.0129250003811626,-0.0214808930441737));
#3981=CARTESIAN_POINT('',(0.0796982781648636,-0.0129250003811626,-0.0214808930441737));
#3982=CARTESIAN_POINT('',(0.0796982781648636,-0.0129250003811626,-0.0214808930441737));
#3983=CARTESIAN_POINT('',(0.114723025300132,-0.0147000000000007,-0.0181783773082038));
#3984=CARTESIAN_POINT('',(0.114139691966799,-0.0158666666666674,-0.0175950439748705));
#3985=CARTESIAN_POINT('',(0.118348025300132,-0.0193250000000008,-0.0218033773082038));
#3986=CARTESIAN_POINT('',(0.122598025300132,-0.021450000000001,-0.0196783773082038));
#3987=CARTESIAN_POINT('',(0.128389691966799,-0.0208666666666678,-0.0202617106415371));
#3988=CARTESIAN_POINT('',(0.083848025300132,-0.0164499999999996,-0.0181783773082038));
#3989=CARTESIAN_POINT('',(0.128389691966799,-0.0185333333333345,-0.0202617106415371));
#3990=CARTESIAN_POINT('',(0.128973025300132,-0.0197000000000011,-0.0196783773082038));
#3991=CARTESIAN_POINT('',(0.0878480253001323,-0.0146999999999998,-0.0181783773082038));
#3992=CARTESIAN_POINT('',(0.0895980253001324,-0.0111999999999998,-0.0199283773082038));
#3993=CARTESIAN_POINT('',(0.0900980253001323,-0.0172,-0.0204283773082038));
#3994=CARTESIAN_POINT('',(0.0915980253001322,-0.01795,-0.0196783773082038));
#3995=CARTESIAN_POINT('',(0.0926813586334656,-0.0167833333333333,-0.0208450439748705));
#3996=CARTESIAN_POINT('',(0.0838480253001322,-0.00944999999999964,-0.0181783773082038));
#3997=CARTESIAN_POINT('',(0.0926813586334658,-0.0121166666666666,-0.0208450439748705));
#3998=CARTESIAN_POINT('',(0.0938480253001323,-0.01445,-0.0196783773082038));
#3999=CARTESIAN_POINT('',(0.108598025300132,-0.0194100000000005,-0.0181783773082038));
#4000=CARTESIAN_POINT('',(0.11060494458102,-0.0206800000000005,-0.0181783773082038));
#4001=CARTESIAN_POINT('',(0.110307705631386,-0.0206800000000005,-0.0184295497625411));
#4002=CARTESIAN_POINT('',(0.109849936006739,-0.0206800000000005,-0.0187982648838031));
#4003=CARTESIAN_POINT('',(0.10918208991689,-0.0206800000000005,-0.0191848290700423));
#4004=CARTESIAN_POINT('',(0.108600475816201,-0.0206800000000005,-0.0193322499698639));
#4005=CARTESIAN_POINT('',(0.108015957918256,-0.0206800000000005,-0.0191864257643324));
#4006=CARTESIAN_POINT('',(0.107339556375859,-0.0206800000000005,-0.0187938408993351));
#4007=CARTESIAN_POINT('',(0.106888106545296,-0.0206800000000005,-0.0184293482901691));
#4008=CARTESIAN_POINT('',(0.106591106019244,-0.0206800000000005,-0.0181783773082038));
#4009=CARTESIAN_POINT('',(0.108598025300132,-0.0219500000000005,-0.0181783773082038));
#4010=CARTESIAN_POINT('',(0.0984380253001322,-0.01941,-0.0181783773082038));
#4011=CARTESIAN_POINT('',(0.10044494458102,-0.0206800000000001,-0.0181783773082039));
#4012=CARTESIAN_POINT('',(0.100147705631386,-0.0206800000000001,-0.0184295497625412));
#4013=CARTESIAN_POINT('',(0.0996899360067394,-0.0206800000000001,-0.0187982648838032));
#4014=CARTESIAN_POINT('',(0.0990220899168902,-0.02068,-0.0191848290700423));
#4015=CARTESIAN_POINT('',(0.0984404758162016,-0.02068,-0.019332249969864));
#4016=CARTESIAN_POINT('',(0.0978559579182562,-0.02068,-0.0191864257643325));
#4017=CARTESIAN_POINT('',(0.097179556375859,-0.02068,-0.0187938408993351));
#4018=CARTESIAN_POINT('',(0.0967281065452962,-0.0206799999999999,-0.0184293482901691));
#4019=CARTESIAN_POINT('',(0.0964311060192442,-0.0206799999999999,-0.0181783773082038));
#4020=CARTESIAN_POINT('',(0.0984380253001321,-0.02195,-0.0181783773082038));
#4021=CARTESIAN_POINT('',(0.108598025300133,-0.00417000000000048,-0.0181783773082038));
#4022=CARTESIAN_POINT('',(0.0984380253001327,-0.00417000000000013,-0.0181783773082038));
#4023=CARTESIAN_POINT('',(0.0915980253001327,-0.0046699999999999,-0.0181783773082038));
#4024=CARTESIAN_POINT('',(0.0385980253001327,-0.00386999999999812,-0.0181783773082038));
#4025=CARTESIAN_POINT('',(0.0403980253001327,-0.00626999999999817,-0.0181783773082038));
#4026=CARTESIAN_POINT('',(0.0401229829368087,-0.00626999999999816,-0.0183434027261982));
#4027=CARTESIAN_POINT('',(0.0395580550516087,-0.00626999999999814,-0.0186396799007601));
#4028=CARTESIAN_POINT('',(0.0386023574756799,-0.00626999999999811,-0.0188468371404529));
#4029=CARTESIAN_POINT('',(0.037645459871397,-0.00626999999999808,-0.0186432140431222));
#4030=CARTESIAN_POINT('',(0.0370739330486727,-0.00626999999999807,-0.0183439219573279));
#4031=CARTESIAN_POINT('',(0.0367980253001326,-0.00626999999999806,-0.0181783773082038));
#4032=CARTESIAN_POINT('',(0.0385980253001325,-0.00866999999999811,-0.0181783773082038));
#4033=CARTESIAN_POINT('',(0.0458980253001327,-0.00466999999999835,-0.0181783773082038));
#4034=CARTESIAN_POINT('',(0.045898025300132,-0.0249699999999984,-0.0181783773082038));
#4035=CARTESIAN_POINT('',(0.0915980253001319,-0.02617,-0.0181783773082038));
#4036=CARTESIAN_POINT('',(0.0564980253001327,-0.00591999999999871,-0.0449283773082038));
#4037=CARTESIAN_POINT('',(0.0564980253001327,-0.00591999999999871,-0.0199283773082038));
#4038=CARTESIAN_POINT('',(0.0564980253001327,-0.00954499999999871,-0.0199283773082038));
#4039=CARTESIAN_POINT('',(0.0838480253001325,-0.0124750000000006,-0.0199283773082038));
#4040=CARTESIAN_POINT('',(0.0811982781648636,-0.0002,-0.00143089304417371));
#4041=CARTESIAN_POINT('',(0.0811982781648636,0.001,-0.00143089304417371));
#4042=CARTESIAN_POINT('',(0.103394176198614,0.001,-0.00143089304417371));
#4043=CARTESIAN_POINT('',(0.104930140381306,0.001,-0.00143089304417371));
#4044=CARTESIAN_POINT('',(0.106748278164864,0.002,-0.00143089304417371));
#4045=CARTESIAN_POINT('',(0.106748278164863,0.00200000000000004,-0.00143089304417371));
#4046=CARTESIAN_POINT('',(0.106748278164863,0.00200000000000004,-0.00143089304417371));
#4047=CARTESIAN_POINT('',(0.106748278164863,0.00200000000000004,-0.00243089304417375));
#4048=CARTESIAN_POINT('',(0.0811982781648636,-0.0002,-0.00143089304417371));
#4049=CARTESIAN_POINT('',(0.106748278164864,0.002,-0.00143089304417371));
#4050=CARTESIAN_POINT('',(0.0298982781648636,0.002,-0.0014308930441737));
#4051=CARTESIAN_POINT('',(0.0298982781648636,0.002,-0.0014308930441737));
#4052=CARTESIAN_POINT('',(0.0332523801311133,0.001,-0.0014308930441737));
#4053=CARTESIAN_POINT('',(0.0298982781648636,0.002,-0.0024308930441737));
#4054=CARTESIAN_POINT('',(0.0811982781648636,-0.0002,-0.00143089304417371));
#4055=CARTESIAN_POINT('',(0.0811982781648636,0.001,-0.00143089304417371));
#4056=CARTESIAN_POINT('',(0.0280801403813059,0.001,-0.0014308930441737));
#4057=CARTESIAN_POINT('',(0.0298982781648636,0.002,-0.0014308930441737));
#4058=CARTESIAN_POINT('',(0.0317164159484213,0.001,-0.0014308930441737));
#4059=CARTESIAN_POINT('',(0.0811982781648636,0.001,-0.00143089304417371));
#4060=CARTESIAN_POINT('',(0.0263982781648636,0.004,-0.0044308930441737));
#4061=CARTESIAN_POINT('',(0.106748278164864,0.002,-0.00243089304417371));
#4062=CARTESIAN_POINT('',(0.0263982781648636,0.004,-0.0044308930441737));
#4063=CARTESIAN_POINT('',(0.0298982781648636,0.002,-0.0024308930441737));
#4064=CARTESIAN_POINT('',(0.0263982781648636,0.004,-0.0044308930441737));
#4065=CARTESIAN_POINT('',(0.0298982781648636,0.002,-0.0024308930441737));
#4066=CARTESIAN_POINT('',(0.112848278164864,-0.029702000762328,-0.0204283773082038));
#4067=CARTESIAN_POINT('',(0.112848278164864,-0.0189500000000007,-0.0204283773082038));
#4068=CARTESIAN_POINT('',(0.114098278164864,-0.0189500000000007,-0.0204283773082038));
#4069=CARTESIAN_POINT('',(0.0495482781648636,-0.0297020007623258,-0.0204283773082038));
#4070=CARTESIAN_POINT('',(0.049548278164864,-0.0189499999999985,-0.0204283773082038));
#4071=CARTESIAN_POINT('',(0.050798278164864,-0.0189499999999985,-0.0204283773082038));
#4072=CARTESIAN_POINT('',(0.121804189443435,-0.0297020007623283,-0.0198296351761887));
#4073=CARTESIAN_POINT('',(0.132098025300132,-0.0189500000000013,-0.0214828930441737));
#4074=CARTESIAN_POINT('',(0.132098025300132,-0.0189500000000013,-0.0214828930441737));
#4075=CARTESIAN_POINT('',(0.0353982816696167,0.000543068553067692,-0.0260807461337157));
#4076=CARTESIAN_POINT('',(0.0353982816696167,-0.0123830685530651,-0.0260807461337157));
#4077=CARTESIAN_POINT('',(0.111098025300132,-0.0164500000000006,-0.0181808930441737));
#4078=CARTESIAN_POINT('',(0.134298278164864,-0.0004,-0.0179808930441737));
#4079=CARTESIAN_POINT('',(0.0812937535738212,-0.0341,-0.0256807461337157));
#4080=CARTESIAN_POINT('',(0.0298982781648636,0.002,-0.0044308930441737));
#4081=CARTESIAN_POINT('',(0.0298982781648636,0.002,-0.0044308930441737));
#4082=CARTESIAN_POINT('',(0.0693982781648636,0.002,-0.0044308930441737));
#4083=CARTESIAN_POINT('',(0.0693982781648636,0.002,-0.0044308930441737));
#4084=CARTESIAN_POINT('',(0.106748278164864,0.002,-0.00443089304417371));
#4085=CARTESIAN_POINT('',(0.106748278164864,0.002,-0.00443089304417371));
#4086=CARTESIAN_POINT('',(0.106748278164864,0.002,-0.00443089304417371));
#4087=CARTESIAN_POINT('',(0.0693982781648636,0.002,-0.0044308930441737));
#4088=MECHANICAL_DESIGN_GEOMETRIC_PRESENTATION_REPRESENTATION('',(#2468),
#4089);
#4089=(
GEOMETRIC_REPRESENTATION_CONTEXT(3)
GLOBAL_UNCERTAINTY_ASSIGNED_CONTEXT((#4090))
GLOBAL_UNIT_ASSIGNED_CONTEXT((#4093,#4092,#4091))
REPRESENTATION_CONTEXT('Lower Shell','TOP_LEVEL_ASSEMBLY_PART')
);
#4090=UNCERTAINTY_MEASURE_WITH_UNIT(LENGTH_MEASURE(2.E-5),#4093,
'DISTANCE_ACCURACY_VALUE','Maximum Tolerance applied to model');
#4091=(
NAMED_UNIT(*)
SI_UNIT($,.STERADIAN.)
SOLID_ANGLE_UNIT()
);
#4092=(
NAMED_UNIT(*)
PLANE_ANGLE_UNIT()
SI_UNIT($,.RADIAN.)
);
#4093=(
LENGTH_UNIT()
NAMED_UNIT(*)
SI_UNIT($,.METRE.)
);
#4094=PRODUCT_DEFINITION_SHAPE('','',#4095);
#4095=PRODUCT_DEFINITION('','',#4097,#4096);
#4096=PRODUCT_DEFINITION_CONTEXT('',#4103,'design');
#4097=PRODUCT_DEFINITION_FORMATION_WITH_SPECIFIED_SOURCE('','',#4099,
 .NOT_KNOWN.);
#4098=PRODUCT_RELATED_PRODUCT_CATEGORY('','',(#4099));
#4099=PRODUCT('Lower Shell','Lower Shell','Lower Shell',(#4101));
#4100=PRODUCT_CATEGORY('','');
#4101=PRODUCT_CONTEXT('',#4103,'mechanical');
#4102=APPLICATION_PROTOCOL_DEFINITION('international standard',
'ap242_managed_model_based_3d_engineering',2020,#4103);
#4103=APPLICATION_CONTEXT('managed model based 3d engineering');
ENDSEC;
END-ISO-10303-21;
