ISO-10303-21;
HEADER;
/* Generated by software containing ST-Developer
 * from STEP Tools, Inc. (www.steptools.com) 
 */
/* OPTION: using custom renumber hook */

FILE_DESCRIPTION(
/* description */ ('STEP AP242 Edition 2',
'CAx-IF Rec.Pracs.---Representation and Presentation of Product Manufa
cturing Information (PMI)---4.0---2014-10-13',
'CAx-IF Rec.Pracs.---3D Tessellated Geometry---0.4---2014-09-14','2;1',
'CAx-IF Rec.Pracs.---User Defined Attributes---1.5---2016-08-15'),
/* implementation_level */ '2;1');

FILE_NAME(
/* name */ 'Part Studio 1 - Upper Shell',
/* time_stamp */ '2026-08-12T09:42:28Z',
/* author */ (''),
/* organization */ (''),
/* preprocessor_version */ 'ST-DEVELOPER v20',
/* originating_system */ 'ONSHAPE BY PTC INC, 1.219',
/* authorisation */ '  ');

FILE_SCHEMA (('AP242_MANAGED_MODEL_BASED_3D_ENGINEERING_MIM_LF { 1 0 10303 442 3 1 4 }'));
ENDSEC;

DATA;
#10=SHAPE_REPRESENTATION_RELATIONSHIP('','',#1263,#11);
#11=ADVANCED_BREP_SHAPE_REPRESENTATION('',(#1261),#2383);
#12=B_SPLINE_SURFACE_WITH_KNOTS('',1,3,((#2194,#2195,#2196,#2197,#2198,
#2199,#2200,#2201,#2202,#2203,#2204,#2205,#2206,#2207,#2208,#2209,#2210,
#2211),(#2212,#2213,#2214,#2215,#2216,#2217,#2218,#2219,#2220,#2221,#2222,
#2223,#2224,#2225,#2226,#2227,#2228,#2229)),.RULED_SURF.,.F.,.T.,.F.,(2,
2),(2,2,2,2,2,2,2,2,2,2,2),(0.,1.),(-0.0219667599616686,-0.0195244872351311,
-0.0170822145085935,-0.0146399417820559,-0.0121976690555184,-0.00975539632898082,
-0.00731312360244325,-0.00487085087590568,-0.00242857814936811,1.36945771694527E-5,
0.00245596730370702),.UNSPECIFIED.);
#13=B_SPLINE_SURFACE_WITH_KNOTS('',1,3,((#2230,#2231,#2232,#2233,#2234,
#2235,#2236,#2237,#2238,#2239,#2240,#2241,#2242,#2243,#2244,#2245,#2246,
#2247),(#2248,#2249,#2250,#2251,#2252,#2253,#2254,#2255,#2256,#2257,#2258,
#2259,#2260,#2261,#2262,#2263,#2264,#2265)),.RULED_SURF.,.F.,.T.,.F.,(2,
2),(2,2,2,2,2,2,2,2,2,2,2),(0.,1.),(-0.0219667599616686,-0.0195244872351311,
-0.0170822145085935,-0.0146399417820559,-0.0121976690555184,-0.00975539632898081,
-0.00731312360244324,-0.00487085087590568,-0.00242857814936811,1.36945771694597E-5,
0.00245596730370703),.UNSPECIFIED.);
#14=B_SPLINE_SURFACE_WITH_KNOTS('',1,3,((#2310,#2311,#2312,#2313,#2314,
#2315,#2316,#2317,#2318,#2319,#2320,#2321,#2322,#2323,#2324,#2325,#2326,
#2327),(#2328,#2329,#2330,#2331,#2332,#2333,#2334,#2335,#2336,#2337,#2338,
#2339,#2340,#2341,#2342,#2343,#2344,#2345)),.RULED_SURF.,.F.,.T.,.F.,(2,
2),(2,2,2,2,2,2,2,2,2,2,2),(0.,0.96338410698692),(-0.00165869873819453,
0.000620380526762325,0.00289945979171919,0.00517853905667605,0.00745761832163291,
0.00973669758658977,0.0120157768515466,0.0142948561165035,0.0165739353814604,
0.0188530146464172,0.0211320939113741),.UNSPECIFIED.);
#15=B_SPLINE_SURFACE_WITH_KNOTS('',1,3,((#2346,#2347,#2348,#2349,#2350,
#2351,#2352,#2353,#2354,#2355,#2356,#2357,#2358,#2359,#2360,#2361,#2362,
#2363),(#2364,#2365,#2366,#2367,#2368,#2369,#2370,#2371,#2372,#2373,#2374,
#2375,#2376,#2377,#2378,#2379,#2380,#2381)),.RULED_SURF.,.F.,.T.,.F.,(2,
2),(2,2,2,2,2,2,2,2,2,2,2),(0.,1.),(-0.00170570782144133,0.000627592053260042,
0.00296089192796142,0.0052941918026628,0.00762749167736418,0.00996079155206556,
0.0122940914267669,0.0146273913014683,0.0169606911761697,0.0192939910508711,
0.0216272909255724),.UNSPECIFIED.);
#16=ELLIPSE('',#1285,0.00669021235782793,0.005125);
#17=ELLIPSE('',#1286,0.00669021235782793,0.005125);
#18=ELLIPSE('',#1288,0.00669021235782793,0.005125);
#19=ELLIPSE('',#1290,0.00669021235782793,0.005125);
#20=ELLIPSE('',#1310,0.0143355870262035,0.001);
#21=ELLIPSE('',#1312,0.00155572382686041,0.001);
#22=ELLIPSE('',#1313,0.00100205166429724,0.001);
#23=ELLIPSE('',#1316,0.00155572382686041,0.001);
#24=ELLIPSE('',#1317,0.00100004487130616,0.001);
#25=ELLIPSE('',#1319,0.0143355870262036,0.001);
#26=ELLIPSE('',#1321,0.00100205166429726,0.00100000000000003);
#27=ELLIPSE('',#1323,0.0143355870262038,0.001);
#28=ELLIPSE('',#1325,0.0143355870262036,0.001);
#29=ELLIPSE('',#1327,0.00100004487130616,0.001);
#30=ELLIPSE('',#1333,0.00473210142382951,0.003625);
#31=ELLIPSE('',#1334,0.00473210142382951,0.003625);
#32=PLANE('',#1270);
#33=PLANE('',#1271);
#34=PLANE('',#1272);
#35=PLANE('',#1275);
#36=PLANE('',#1278);
#37=PLANE('',#1280);
#38=PLANE('',#1284);
#39=PLANE('',#1287);
#40=PLANE('',#1289);
#41=PLANE('',#1295);
#42=PLANE('',#1296);
#43=PLANE('',#1297);
#44=PLANE('',#1303);
#45=PLANE('',#1304);
#46=PLANE('',#1305);
#47=PLANE('',#1306);
#48=PLANE('',#1309);
#49=PLANE('',#1314);
#50=PLANE('',#1318);
#51=PLANE('',#1322);
#52=PLANE('',#1324);
#53=PLANE('',#1329);
#54=PLANE('',#1331);
#55=PLANE('',#1332);
#56=PLANE('',#1335);
#57=PLANE('',#1336);
#58=PLANE('',#1337);
#59=PLANE('',#1338);
#60=PLANE('',#1339);
#61=PLANE('',#1340);
#62=PLANE('',#1343);
#63=PLANE('',#1344);
#64=PLANE('',#1345);
#65=PLANE('',#1346);
#66=PLANE('',#1348);
#67=PLANE('',#1354);
#68=PLANE('',#1357);
#69=PLANE('',#1362);
#70=PLANE('',#1363);
#71=PLANE('',#1370);
#72=CIRCLE('',#1266,1.51587085872689);
#73=CIRCLE('',#1267,1.51587085872689);
#74=CIRCLE('',#1268,1.51587085872689);
#75=CIRCLE('',#1269,1.51587085872689);
#76=CIRCLE('',#1273,0.005125);
#77=CIRCLE('',#1274,0.005125);
#78=CIRCLE('',#1276,0.00175);
#79=CIRCLE('',#1277,0.003625);
#80=CIRCLE('',#1279,0.005125);
#81=CIRCLE('',#1281,0.00175);
#82=CIRCLE('',#1282,0.003625);
#83=CIRCLE('',#1283,0.003625);
#84=CIRCLE('',#1292,0.00175);
#85=CIRCLE('',#1294,0.00175);
#86=CIRCLE('',#1298,0.00125);
#87=CIRCLE('',#1299,0.001375);
#88=CIRCLE('',#1300,0.001375);
#89=CIRCLE('',#1301,0.006125);
#90=CIRCLE('',#1302,0.006125);
#91=CIRCLE('',#1307,0.001);
#92=CIRCLE('',#1308,0.00100000000000003);
#93=CIRCLE('',#1341,0.005125);
#94=CIRCLE('',#1342,0.005125);
#95=CIRCLE('',#1353,0.003625);
#96=CIRCLE('',#1356,0.003625);
#97=CIRCLE('',#1359,0.005125);
#98=CIRCLE('',#1361,0.003625);
#99=CIRCLE('',#1364,0.003625);
#100=CIRCLE('',#1367,0.003625);
#101=CIRCLE('',#1369,0.005125);
#102=LINE('',#1788,#220);
#103=LINE('',#1800,#221);
#104=LINE('',#1810,#222);
#105=LINE('',#1819,#223);
#106=LINE('',#1823,#224);
#107=LINE('',#1826,#225);
#108=LINE('',#1828,#226);
#109=LINE('',#1830,#227);
#110=LINE('',#1832,#228);
#111=LINE('',#1835,#229);
#112=LINE('',#1837,#230);
#113=LINE('',#1839,#231);
#114=LINE('',#1841,#232);
#115=LINE('',#1843,#233);
#116=LINE('',#1845,#234);
#117=LINE('',#1847,#235);
#118=LINE('',#1849,#236);
#119=LINE('',#1854,#237);
#120=LINE('',#1856,#238);
#121=LINE('',#1858,#239);
#122=LINE('',#1860,#240);
#123=LINE('',#1862,#241);
#124=LINE('',#1864,#242);
#125=LINE('',#1866,#243);
#126=LINE('',#1868,#244);
#127=LINE('',#1870,#245);
#128=LINE('',#1876,#246);
#129=LINE('',#1883,#247);
#130=LINE('',#1885,#248);
#131=LINE('',#1889,#249);
#132=LINE('',#1894,#250);
#133=LINE('',#1902,#251);
#134=LINE('',#1904,#252);
#135=LINE('',#1914,#253);
#136=LINE('',#1916,#254);
#137=LINE('',#1918,#255);
#138=LINE('',#1920,#256);
#139=LINE('',#1921,#257);
#140=LINE('',#1923,#258);
#141=LINE('',#1925,#259);
#142=LINE('',#1927,#260);
#143=LINE('',#1929,#261);
#144=LINE('',#1931,#262);
#145=LINE('',#1933,#263);
#146=LINE('',#1935,#264);
#147=LINE('',#1937,#265);
#148=LINE('',#1939,#266);
#149=LINE('',#1970,#267);
#150=LINE('',#1974,#268);
#151=LINE('',#1975,#269);
#152=LINE('',#1977,#270);
#153=LINE('',#1979,#271);
#154=LINE('',#1980,#272);
#155=LINE('',#1982,#273);
#156=LINE('',#1984,#274);
#157=LINE('',#1986,#275);
#158=LINE('',#1987,#276);
#159=LINE('',#1989,#277);
#160=LINE('',#1991,#278);
#161=LINE('',#1992,#279);
#162=LINE('',#1994,#280);
#163=LINE('',#1996,#281);
#164=LINE('',#1998,#282);
#165=LINE('',#2000,#283);
#166=LINE('',#2002,#284);
#167=LINE('',#2004,#285);
#168=LINE('',#2007,#286);
#169=LINE('',#2009,#287);
#170=LINE('',#2011,#288);
#171=LINE('',#2013,#289);
#172=LINE('',#2015,#290);
#173=LINE('',#2017,#291);
#174=LINE('',#2019,#292);
#175=LINE('',#2021,#293);
#176=LINE('',#2023,#294);
#177=LINE('',#2025,#295);
#178=LINE('',#2027,#296);
#179=LINE('',#2029,#297);
#180=LINE('',#2031,#298);
#181=LINE('',#2034,#299);
#182=LINE('',#2036,#300);
#183=LINE('',#2037,#301);
#184=LINE('',#2038,#302);
#185=LINE('',#2040,#303);
#186=LINE('',#2042,#304);
#187=LINE('',#2043,#305);
#188=LINE('',#2045,#306);
#189=LINE('',#2047,#307);
#190=LINE('',#2049,#308);
#191=LINE('',#2051,#309);
#192=LINE('',#2053,#310);
#193=LINE('',#2055,#311);
#194=LINE('',#2057,#312);
#195=LINE('',#2059,#313);
#196=LINE('',#2061,#314);
#197=LINE('',#2065,#315);
#198=LINE('',#2069,#316);
#199=LINE('',#2072,#317);
#200=LINE('',#2074,#318);
#201=LINE('',#2078,#319);
#202=LINE('',#2082,#320);
#203=LINE('',#2083,#321);
#204=LINE('',#2087,#322);
#205=LINE('',#2091,#323);
#206=LINE('',#2095,#324);
#207=LINE('',#2097,#325);
#208=LINE('',#2099,#326);
#209=LINE('',#2105,#327);
#210=LINE('',#2108,#328);
#211=LINE('',#2114,#329);
#212=LINE('',#2116,#330);
#213=LINE('',#2118,#331);
#214=LINE('',#2120,#332);
#215=LINE('',#2128,#333);
#216=LINE('',#2131,#334);
#217=LINE('',#2132,#335);
#218=LINE('',#2134,#336);
#219=LINE('',#2136,#337);
#220=VECTOR('',#1376,1.);
#221=VECTOR('',#1377,1.);
#222=VECTOR('',#1378,1.);
#223=VECTOR('',#1385,1.);
#224=VECTOR('',#1390,1.);
#225=VECTOR('',#1391,1.);
#226=VECTOR('',#1392,1.);
#227=VECTOR('',#1393,1.);
#228=VECTOR('',#1396,1.);
#229=VECTOR('',#1397,1.);
#230=VECTOR('',#1398,1.);
#231=VECTOR('',#1399,1.);
#232=VECTOR('',#1400,1.);
#233=VECTOR('',#1401,1.);
#234=VECTOR('',#1402,1.);
#235=VECTOR('',#1403,1.);
#236=VECTOR('',#1406,1.);
#237=VECTOR('',#1409,1.);
#238=VECTOR('',#1410,1.);
#239=VECTOR('',#1411,1.);
#240=VECTOR('',#1412,1.);
#241=VECTOR('',#1413,1.);
#242=VECTOR('',#1414,1.);
#243=VECTOR('',#1415,1.);
#244=VECTOR('',#1416,1.);
#245=VECTOR('',#1417,1.);
#246=VECTOR('',#1424,1.);
#247=VECTOR('',#1431,1.);
#248=VECTOR('',#1432,1.);
#249=VECTOR('',#1437,1.);
#250=VECTOR('',#1440,1.);
#251=VECTOR('',#1453,1.);
#252=VECTOR('',#1456,1.);
#253=VECTOR('',#1469,1.);
#254=VECTOR('',#1470,1.);
#255=VECTOR('',#1471,1.);
#256=VECTOR('',#1472,1.);
#257=VECTOR('',#1473,1.);
#258=VECTOR('',#1474,1.);
#259=VECTOR('',#1475,1.);
#260=VECTOR('',#1476,1.);
#261=VECTOR('',#1477,1.);
#262=VECTOR('',#1478,1.);
#263=VECTOR('',#1481,1.);
#264=VECTOR('',#1482,1.);
#265=VECTOR('',#1483,1.);
#266=VECTOR('',#1484,1.);
#267=VECTOR('',#1495,1.);
#268=VECTOR('',#1498,1.);
#269=VECTOR('',#1499,1.);
#270=VECTOR('',#1500,1.);
#271=VECTOR('',#1501,1.);
#272=VECTOR('',#1502,1.);
#273=VECTOR('',#1503,1.);
#274=VECTOR('',#1506,1.);
#275=VECTOR('',#1507,1.);
#276=VECTOR('',#1508,1.);
#277=VECTOR('',#1511,1.);
#278=VECTOR('',#1512,1.);
#279=VECTOR('',#1513,1.);
#280=VECTOR('',#1514,1.);
#281=VECTOR('',#1517,1.);
#282=VECTOR('',#1518,1.);
#283=VECTOR('',#1519,1.);
#284=VECTOR('',#1522,1.);
#285=VECTOR('',#1523,1.);
#286=VECTOR('',#1526,1.);
#287=VECTOR('',#1527,1.);
#288=VECTOR('',#1528,1.);
#289=VECTOR('',#1529,1.);
#290=VECTOR('',#1530,1.);
#291=VECTOR('',#1531,1.);
#292=VECTOR('',#1532,1.);
#293=VECTOR('',#1533,1.);
#294=VECTOR('',#1534,1.);
#295=VECTOR('',#1535,1.);
#296=VECTOR('',#1536,1.);
#297=VECTOR('',#1537,1.);
#298=VECTOR('',#1538,1.);
#299=VECTOR('',#1541,1.);
#300=VECTOR('',#1542,1.);
#301=VECTOR('',#1543,1.);
#302=VECTOR('',#1544,1.);
#303=VECTOR('',#1545,1.);
#304=VECTOR('',#1546,1.);
#305=VECTOR('',#1547,1.);
#306=VECTOR('',#1548,1.);
#307=VECTOR('',#1549,1.);
#308=VECTOR('',#1550,1.);
#309=VECTOR('',#1551,1.);
#310=VECTOR('',#1552,1.);
#311=VECTOR('',#1553,1.);
#312=VECTOR('',#1556,1.);
#313=VECTOR('',#1557,1.);
#314=VECTOR('',#1558,1.);
#315=VECTOR('',#1561,1.);
#316=VECTOR('',#1566,1.);
#317=VECTOR('',#1571,1.);
#318=VECTOR('',#1572,1.);
#319=VECTOR('',#1577,1.);
#320=VECTOR('',#1582,1.);
#321=VECTOR('',#1583,1.);
#322=VECTOR('',#1586,1.);
#323=VECTOR('',#1591,1.);
#324=VECTOR('',#1596,1.);
#325=VECTOR('',#1599,1.);
#326=VECTOR('',#1600,1.);
#327=VECTOR('',#1609,1.);
#328=VECTOR('',#1614,1.);
#329=VECTOR('',#1625,1.);
#330=VECTOR('',#1628,1.);
#331=VECTOR('',#1629,1.);
#332=VECTOR('',#1632,1.);
#333=VECTOR('',#1647,1.);
#334=VECTOR('',#1652,1.);
#335=VECTOR('',#1653,1.);
#336=VECTOR('',#1656,1.);
#337=VECTOR('',#1659,1.);
#338=ORIENTED_EDGE('',*,*,#686,.T.);
#339=ORIENTED_EDGE('',*,*,#687,.T.);
#340=ORIENTED_EDGE('',*,*,#688,.T.);
#341=ORIENTED_EDGE('',*,*,#689,.T.);
#342=ORIENTED_EDGE('',*,*,#690,.F.);
#343=ORIENTED_EDGE('',*,*,#691,.F.);
#344=ORIENTED_EDGE('',*,*,#692,.F.);
#345=ORIENTED_EDGE('',*,*,#693,.F.);
#346=ORIENTED_EDGE('',*,*,#694,.F.);
#347=ORIENTED_EDGE('',*,*,#695,.T.);
#348=ORIENTED_EDGE('',*,*,#696,.T.);
#349=ORIENTED_EDGE('',*,*,#697,.T.);
#350=ORIENTED_EDGE('',*,*,#698,.T.);
#351=ORIENTED_EDGE('',*,*,#699,.F.);
#352=ORIENTED_EDGE('',*,*,#700,.T.);
#353=ORIENTED_EDGE('',*,*,#701,.F.);
#354=ORIENTED_EDGE('',*,*,#702,.F.);
#355=ORIENTED_EDGE('',*,*,#703,.T.);
#356=ORIENTED_EDGE('',*,*,#704,.F.);
#357=ORIENTED_EDGE('',*,*,#705,.F.);
#358=ORIENTED_EDGE('',*,*,#706,.T.);
#359=ORIENTED_EDGE('',*,*,#707,.T.);
#360=ORIENTED_EDGE('',*,*,#708,.T.);
#361=ORIENTED_EDGE('',*,*,#709,.F.);
#362=ORIENTED_EDGE('',*,*,#710,.F.);
#363=ORIENTED_EDGE('',*,*,#711,.F.);
#364=ORIENTED_EDGE('',*,*,#712,.T.);
#365=ORIENTED_EDGE('',*,*,#713,.T.);
#366=ORIENTED_EDGE('',*,*,#714,.T.);
#367=ORIENTED_EDGE('',*,*,#715,.F.);
#368=ORIENTED_EDGE('',*,*,#716,.T.);
#369=ORIENTED_EDGE('',*,*,#717,.F.);
#370=ORIENTED_EDGE('',*,*,#718,.F.);
#371=ORIENTED_EDGE('',*,*,#719,.F.);
#372=ORIENTED_EDGE('',*,*,#720,.T.);
#373=ORIENTED_EDGE('',*,*,#721,.T.);
#374=ORIENTED_EDGE('',*,*,#722,.T.);
#375=ORIENTED_EDGE('',*,*,#723,.F.);
#376=ORIENTED_EDGE('',*,*,#724,.T.);
#377=ORIENTED_EDGE('',*,*,#725,.F.);
#378=ORIENTED_EDGE('',*,*,#726,.F.);
#379=ORIENTED_EDGE('',*,*,#706,.F.);
#380=ORIENTED_EDGE('',*,*,#727,.F.);
#381=ORIENTED_EDGE('',*,*,#728,.F.);
#382=ORIENTED_EDGE('',*,*,#729,.F.);
#383=ORIENTED_EDGE('',*,*,#730,.T.);
#384=ORIENTED_EDGE('',*,*,#731,.F.);
#385=ORIENTED_EDGE('',*,*,#732,.F.);
#386=ORIENTED_EDGE('',*,*,#733,.F.);
#387=ORIENTED_EDGE('',*,*,#734,.F.);
#388=ORIENTED_EDGE('',*,*,#735,.F.);
#389=ORIENTED_EDGE('',*,*,#712,.F.);
#390=ORIENTED_EDGE('',*,*,#736,.T.);
#391=ORIENTED_EDGE('',*,*,#702,.T.);
#392=ORIENTED_EDGE('',*,*,#737,.F.);
#393=ORIENTED_EDGE('',*,*,#704,.T.);
#394=ORIENTED_EDGE('',*,*,#738,.F.);
#395=ORIENTED_EDGE('',*,*,#714,.F.);
#396=ORIENTED_EDGE('',*,*,#739,.F.);
#397=ORIENTED_EDGE('',*,*,#740,.T.);
#398=ORIENTED_EDGE('',*,*,#722,.F.);
#399=ORIENTED_EDGE('',*,*,#730,.F.);
#400=ORIENTED_EDGE('',*,*,#741,.T.);
#401=ORIENTED_EDGE('',*,*,#724,.F.);
#402=ORIENTED_EDGE('',*,*,#742,.T.);
#403=ORIENTED_EDGE('',*,*,#743,.F.);
#404=ORIENTED_EDGE('',*,*,#733,.T.);
#405=ORIENTED_EDGE('',*,*,#744,.F.);
#406=ORIENTED_EDGE('',*,*,#745,.T.);
#407=ORIENTED_EDGE('',*,*,#746,.T.);
#408=ORIENTED_EDGE('',*,*,#739,.T.);
#409=ORIENTED_EDGE('',*,*,#721,.F.);
#410=ORIENTED_EDGE('',*,*,#747,.F.);
#411=ORIENTED_EDGE('',*,*,#748,.T.);
#412=ORIENTED_EDGE('',*,*,#749,.T.);
#413=ORIENTED_EDGE('',*,*,#750,.T.);
#414=ORIENTED_EDGE('',*,*,#751,.F.);
#415=ORIENTED_EDGE('',*,*,#752,.T.);
#416=ORIENTED_EDGE('',*,*,#715,.T.);
#417=ORIENTED_EDGE('',*,*,#738,.T.);
#418=ORIENTED_EDGE('',*,*,#711,.T.);
#419=ORIENTED_EDGE('',*,*,#753,.T.);
#420=ORIENTED_EDGE('',*,*,#754,.T.);
#421=ORIENTED_EDGE('',*,*,#755,.F.);
#422=ORIENTED_EDGE('',*,*,#756,.T.);
#423=ORIENTED_EDGE('',*,*,#757,.T.);
#424=ORIENTED_EDGE('',*,*,#758,.F.);
#425=ORIENTED_EDGE('',*,*,#759,.F.);
#426=ORIENTED_EDGE('',*,*,#760,.F.);
#427=ORIENTED_EDGE('',*,*,#761,.F.);
#428=ORIENTED_EDGE('',*,*,#762,.F.);
#429=ORIENTED_EDGE('',*,*,#763,.F.);
#430=ORIENTED_EDGE('',*,*,#764,.F.);
#431=ORIENTED_EDGE('',*,*,#765,.F.);
#432=ORIENTED_EDGE('',*,*,#749,.F.);
#433=ORIENTED_EDGE('',*,*,#766,.F.);
#434=ORIENTED_EDGE('',*,*,#767,.T.);
#435=ORIENTED_EDGE('',*,*,#718,.T.);
#436=ORIENTED_EDGE('',*,*,#768,.T.);
#437=ORIENTED_EDGE('',*,*,#769,.T.);
#438=ORIENTED_EDGE('',*,*,#695,.F.);
#439=ORIENTED_EDGE('',*,*,#770,.T.);
#440=ORIENTED_EDGE('',*,*,#771,.T.);
#441=ORIENTED_EDGE('',*,*,#750,.F.);
#442=ORIENTED_EDGE('',*,*,#765,.T.);
#443=ORIENTED_EDGE('',*,*,#772,.F.);
#444=ORIENTED_EDGE('',*,*,#697,.F.);
#445=ORIENTED_EDGE('',*,*,#696,.F.);
#446=ORIENTED_EDGE('',*,*,#772,.T.);
#447=ORIENTED_EDGE('',*,*,#769,.F.);
#448=ORIENTED_EDGE('',*,*,#773,.T.);
#449=ORIENTED_EDGE('',*,*,#774,.F.);
#450=ORIENTED_EDGE('',*,*,#755,.T.);
#451=ORIENTED_EDGE('',*,*,#775,.T.);
#452=ORIENTED_EDGE('',*,*,#776,.F.);
#453=ORIENTED_EDGE('',*,*,#777,.F.);
#454=ORIENTED_EDGE('',*,*,#708,.F.);
#455=ORIENTED_EDGE('',*,*,#778,.T.);
#456=ORIENTED_EDGE('',*,*,#779,.F.);
#457=ORIENTED_EDGE('',*,*,#731,.T.);
#458=ORIENTED_EDGE('',*,*,#780,.T.);
#459=ORIENTED_EDGE('',*,*,#781,.F.);
#460=ORIENTED_EDGE('',*,*,#751,.T.);
#461=ORIENTED_EDGE('',*,*,#771,.F.);
#462=ORIENTED_EDGE('',*,*,#782,.F.);
#463=ORIENTED_EDGE('',*,*,#783,.F.);
#464=ORIENTED_EDGE('',*,*,#784,.F.);
#465=ORIENTED_EDGE('',*,*,#785,.F.);
#466=ORIENTED_EDGE('',*,*,#786,.F.);
#467=ORIENTED_EDGE('',*,*,#787,.T.);
#468=ORIENTED_EDGE('',*,*,#788,.T.);
#469=ORIENTED_EDGE('',*,*,#789,.F.);
#470=ORIENTED_EDGE('',*,*,#790,.F.);
#471=ORIENTED_EDGE('',*,*,#791,.T.);
#472=ORIENTED_EDGE('',*,*,#792,.T.);
#473=ORIENTED_EDGE('',*,*,#793,.F.);
#474=ORIENTED_EDGE('',*,*,#794,.F.);
#475=ORIENTED_EDGE('',*,*,#795,.F.);
#476=ORIENTED_EDGE('',*,*,#796,.F.);
#477=ORIENTED_EDGE('',*,*,#775,.F.);
#478=ORIENTED_EDGE('',*,*,#754,.F.);
#479=ORIENTED_EDGE('',*,*,#797,.F.);
#480=ORIENTED_EDGE('',*,*,#798,.F.);
#481=ORIENTED_EDGE('',*,*,#779,.T.);
#482=ORIENTED_EDGE('',*,*,#799,.T.);
#483=ORIENTED_EDGE('',*,*,#728,.T.);
#484=ORIENTED_EDGE('',*,*,#800,.T.);
#485=ORIENTED_EDGE('',*,*,#801,.F.);
#486=ORIENTED_EDGE('',*,*,#802,.F.);
#487=ORIENTED_EDGE('',*,*,#725,.T.);
#488=ORIENTED_EDGE('',*,*,#803,.T.);
#489=ORIENTED_EDGE('',*,*,#804,.F.);
#490=ORIENTED_EDGE('',*,*,#805,.F.);
#491=ORIENTED_EDGE('',*,*,#806,.T.);
#492=ORIENTED_EDGE('',*,*,#807,.T.);
#493=ORIENTED_EDGE('',*,*,#808,.F.);
#494=ORIENTED_EDGE('',*,*,#809,.F.);
#495=ORIENTED_EDGE('',*,*,#810,.F.);
#496=ORIENTED_EDGE('',*,*,#811,.F.);
#497=ORIENTED_EDGE('',*,*,#812,.F.);
#498=ORIENTED_EDGE('',*,*,#813,.F.);
#499=ORIENTED_EDGE('',*,*,#814,.T.);
#500=ORIENTED_EDGE('',*,*,#794,.T.);
#501=ORIENTED_EDGE('',*,*,#815,.F.);
#502=ORIENTED_EDGE('',*,*,#816,.F.);
#503=ORIENTED_EDGE('',*,*,#817,.F.);
#504=ORIENTED_EDGE('',*,*,#811,.T.);
#505=ORIENTED_EDGE('',*,*,#818,.F.);
#506=ORIENTED_EDGE('',*,*,#819,.F.);
#507=ORIENTED_EDGE('',*,*,#699,.T.);
#508=ORIENTED_EDGE('',*,*,#816,.T.);
#509=ORIENTED_EDGE('',*,*,#820,.F.);
#510=ORIENTED_EDGE('',*,*,#821,.F.);
#511=ORIENTED_EDGE('',*,*,#822,.T.);
#512=ORIENTED_EDGE('',*,*,#819,.T.);
#513=ORIENTED_EDGE('',*,*,#821,.T.);
#514=ORIENTED_EDGE('',*,*,#823,.F.);
#515=ORIENTED_EDGE('',*,*,#784,.T.);
#516=ORIENTED_EDGE('',*,*,#824,.F.);
#517=ORIENTED_EDGE('',*,*,#825,.F.);
#518=ORIENTED_EDGE('',*,*,#826,.T.);
#519=ORIENTED_EDGE('',*,*,#827,.F.);
#520=ORIENTED_EDGE('',*,*,#776,.T.);
#521=ORIENTED_EDGE('',*,*,#796,.T.);
#522=ORIENTED_EDGE('',*,*,#828,.F.);
#523=ORIENTED_EDGE('',*,*,#829,.F.);
#524=ORIENTED_EDGE('',*,*,#830,.F.);
#525=ORIENTED_EDGE('',*,*,#828,.T.);
#526=ORIENTED_EDGE('',*,*,#795,.T.);
#527=ORIENTED_EDGE('',*,*,#814,.F.);
#528=ORIENTED_EDGE('',*,*,#831,.F.);
#529=ORIENTED_EDGE('',*,*,#832,.T.);
#530=ORIENTED_EDGE('',*,*,#833,.F.);
#531=ORIENTED_EDGE('',*,*,#824,.T.);
#532=ORIENTED_EDGE('',*,*,#783,.T.);
#533=ORIENTED_EDGE('',*,*,#770,.F.);
#534=ORIENTED_EDGE('',*,*,#834,.T.);
#535=ORIENTED_EDGE('',*,*,#831,.T.);
#536=ORIENTED_EDGE('',*,*,#782,.T.);
#537=ORIENTED_EDGE('',*,*,#825,.T.);
#538=ORIENTED_EDGE('',*,*,#833,.T.);
#539=ORIENTED_EDGE('',*,*,#835,.T.);
#540=ORIENTED_EDGE('',*,*,#826,.F.);
#541=ORIENTED_EDGE('',*,*,#835,.F.);
#542=ORIENTED_EDGE('',*,*,#832,.F.);
#543=ORIENTED_EDGE('',*,*,#834,.F.);
#544=ORIENTED_EDGE('',*,*,#694,.T.);
#545=ORIENTED_EDGE('',*,*,#822,.F.);
#546=ORIENTED_EDGE('',*,*,#829,.T.);
#547=ORIENTED_EDGE('',*,*,#813,.T.);
#548=ORIENTED_EDGE('',*,*,#836,.F.);
#549=ORIENTED_EDGE('',*,*,#827,.T.);
#550=ORIENTED_EDGE('',*,*,#830,.T.);
#551=ORIENTED_EDGE('',*,*,#836,.T.);
#552=ORIENTED_EDGE('',*,*,#812,.T.);
#553=ORIENTED_EDGE('',*,*,#817,.T.);
#554=ORIENTED_EDGE('',*,*,#698,.F.);
#555=ORIENTED_EDGE('',*,*,#789,.T.);
#556=ORIENTED_EDGE('',*,*,#837,.T.);
#557=ORIENTED_EDGE('',*,*,#785,.T.);
#558=ORIENTED_EDGE('',*,*,#823,.T.);
#559=ORIENTED_EDGE('',*,*,#820,.T.);
#560=ORIENTED_EDGE('',*,*,#818,.T.);
#561=ORIENTED_EDGE('',*,*,#815,.T.);
#562=ORIENTED_EDGE('',*,*,#810,.T.);
#563=ORIENTED_EDGE('',*,*,#793,.T.);
#564=ORIENTED_EDGE('',*,*,#838,.T.);
#565=ORIENTED_EDGE('',*,*,#773,.F.);
#566=ORIENTED_EDGE('',*,*,#768,.F.);
#567=ORIENTED_EDGE('',*,*,#717,.T.);
#568=ORIENTED_EDGE('',*,*,#839,.T.);
#569=ORIENTED_EDGE('',*,*,#766,.T.);
#570=ORIENTED_EDGE('',*,*,#748,.F.);
#571=ORIENTED_EDGE('',*,*,#840,.F.);
#572=ORIENTED_EDGE('',*,*,#841,.T.);
#573=ORIENTED_EDGE('',*,*,#842,.F.);
#574=ORIENTED_EDGE('',*,*,#840,.T.);
#575=ORIENTED_EDGE('',*,*,#747,.T.);
#576=ORIENTED_EDGE('',*,*,#720,.F.);
#577=ORIENTED_EDGE('',*,*,#719,.T.);
#578=ORIENTED_EDGE('',*,*,#767,.F.);
#579=ORIENTED_EDGE('',*,*,#841,.F.);
#580=ORIENTED_EDGE('',*,*,#842,.T.);
#581=ORIENTED_EDGE('',*,*,#774,.T.);
#582=ORIENTED_EDGE('',*,*,#839,.F.);
#583=ORIENTED_EDGE('',*,*,#716,.F.);
#584=ORIENTED_EDGE('',*,*,#756,.F.);
#585=ORIENTED_EDGE('',*,*,#806,.F.);
#586=ORIENTED_EDGE('',*,*,#843,.F.);
#587=ORIENTED_EDGE('',*,*,#700,.F.);
#588=ORIENTED_EDGE('',*,*,#844,.T.);
#589=ORIENTED_EDGE('',*,*,#729,.T.);
#590=ORIENTED_EDGE('',*,*,#799,.F.);
#591=ORIENTED_EDGE('',*,*,#778,.F.);
#592=ORIENTED_EDGE('',*,*,#707,.F.);
#593=ORIENTED_EDGE('',*,*,#709,.T.);
#594=ORIENTED_EDGE('',*,*,#777,.T.);
#595=ORIENTED_EDGE('',*,*,#798,.T.);
#596=ORIENTED_EDGE('',*,*,#845,.F.);
#597=ORIENTED_EDGE('',*,*,#710,.T.);
#598=ORIENTED_EDGE('',*,*,#845,.T.);
#599=ORIENTED_EDGE('',*,*,#797,.T.);
#600=ORIENTED_EDGE('',*,*,#753,.F.);
#601=ORIENTED_EDGE('',*,*,#690,.T.);
#602=ORIENTED_EDGE('',*,*,#846,.T.);
#603=ORIENTED_EDGE('',*,*,#762,.T.);
#604=ORIENTED_EDGE('',*,*,#847,.F.);
#605=ORIENTED_EDGE('',*,*,#691,.T.);
#606=ORIENTED_EDGE('',*,*,#847,.T.);
#607=ORIENTED_EDGE('',*,*,#761,.T.);
#608=ORIENTED_EDGE('',*,*,#848,.F.);
#609=ORIENTED_EDGE('',*,*,#692,.T.);
#610=ORIENTED_EDGE('',*,*,#848,.T.);
#611=ORIENTED_EDGE('',*,*,#764,.T.);
#612=ORIENTED_EDGE('',*,*,#849,.F.);
#613=ORIENTED_EDGE('',*,*,#693,.T.);
#614=ORIENTED_EDGE('',*,*,#849,.T.);
#615=ORIENTED_EDGE('',*,*,#763,.T.);
#616=ORIENTED_EDGE('',*,*,#846,.F.);
#617=ORIENTED_EDGE('',*,*,#850,.T.);
#618=ORIENTED_EDGE('',*,*,#760,.T.);
#619=ORIENTED_EDGE('',*,*,#851,.T.);
#620=ORIENTED_EDGE('',*,*,#759,.T.);
#621=ORIENTED_EDGE('',*,*,#688,.F.);
#622=ORIENTED_EDGE('',*,*,#850,.F.);
#623=ORIENTED_EDGE('',*,*,#689,.F.);
#624=ORIENTED_EDGE('',*,*,#851,.F.);
#625=ORIENTED_EDGE('',*,*,#852,.F.);
#626=ORIENTED_EDGE('',*,*,#786,.T.);
#627=ORIENTED_EDGE('',*,*,#837,.F.);
#628=ORIENTED_EDGE('',*,*,#788,.F.);
#629=ORIENTED_EDGE('',*,*,#787,.F.);
#630=ORIENTED_EDGE('',*,*,#852,.T.);
#631=ORIENTED_EDGE('',*,*,#741,.F.);
#632=ORIENTED_EDGE('',*,*,#853,.F.);
#633=ORIENTED_EDGE('',*,*,#790,.T.);
#634=ORIENTED_EDGE('',*,*,#838,.F.);
#635=ORIENTED_EDGE('',*,*,#792,.F.);
#636=ORIENTED_EDGE('',*,*,#791,.F.);
#637=ORIENTED_EDGE('',*,*,#853,.T.);
#638=ORIENTED_EDGE('',*,*,#742,.F.);
#639=ORIENTED_EDGE('',*,*,#746,.F.);
#640=ORIENTED_EDGE('',*,*,#854,.T.);
#641=ORIENTED_EDGE('',*,*,#807,.F.);
#642=ORIENTED_EDGE('',*,*,#844,.F.);
#643=ORIENTED_EDGE('',*,*,#703,.F.);
#644=ORIENTED_EDGE('',*,*,#736,.F.);
#645=ORIENTED_EDGE('',*,*,#723,.T.);
#646=ORIENTED_EDGE('',*,*,#740,.F.);
#647=ORIENTED_EDGE('',*,*,#732,.T.);
#648=ORIENTED_EDGE('',*,*,#809,.T.);
#649=ORIENTED_EDGE('',*,*,#855,.F.);
#650=ORIENTED_EDGE('',*,*,#744,.T.);
#651=ORIENTED_EDGE('',*,*,#745,.F.);
#652=ORIENTED_EDGE('',*,*,#855,.T.);
#653=ORIENTED_EDGE('',*,*,#808,.T.);
#654=ORIENTED_EDGE('',*,*,#854,.F.);
#655=ORIENTED_EDGE('',*,*,#752,.F.);
#656=ORIENTED_EDGE('',*,*,#781,.T.);
#657=ORIENTED_EDGE('',*,*,#856,.T.);
#658=ORIENTED_EDGE('',*,*,#734,.T.);
#659=ORIENTED_EDGE('',*,*,#743,.T.);
#660=ORIENTED_EDGE('',*,*,#856,.F.);
#661=ORIENTED_EDGE('',*,*,#780,.F.);
#662=ORIENTED_EDGE('',*,*,#803,.F.);
#663=ORIENTED_EDGE('',*,*,#726,.T.);
#664=ORIENTED_EDGE('',*,*,#802,.T.);
#665=ORIENTED_EDGE('',*,*,#857,.F.);
#666=ORIENTED_EDGE('',*,*,#800,.F.);
#667=ORIENTED_EDGE('',*,*,#727,.T.);
#668=ORIENTED_EDGE('',*,*,#705,.T.);
#669=ORIENTED_EDGE('',*,*,#737,.T.);
#670=ORIENTED_EDGE('',*,*,#713,.F.);
#671=ORIENTED_EDGE('',*,*,#735,.T.);
#672=ORIENTED_EDGE('',*,*,#701,.T.);
#673=ORIENTED_EDGE('',*,*,#843,.T.);
#674=ORIENTED_EDGE('',*,*,#805,.T.);
#675=ORIENTED_EDGE('',*,*,#858,.T.);
#676=ORIENTED_EDGE('',*,*,#857,.T.);
#677=ORIENTED_EDGE('',*,*,#801,.T.);
#678=ORIENTED_EDGE('',*,*,#858,.F.);
#679=ORIENTED_EDGE('',*,*,#804,.T.);
#680=ORIENTED_EDGE('',*,*,#859,.T.);
#681=ORIENTED_EDGE('',*,*,#758,.T.);
#682=ORIENTED_EDGE('',*,*,#757,.F.);
#683=ORIENTED_EDGE('',*,*,#686,.F.);
#684=ORIENTED_EDGE('',*,*,#859,.F.);
#685=ORIENTED_EDGE('',*,*,#687,.F.);
#686=EDGE_CURVE('',#860,#860,#980,.T.);
#687=EDGE_CURVE('',#861,#861,#981,.T.);
#688=EDGE_CURVE('',#862,#862,#982,.T.);
#689=EDGE_CURVE('',#863,#863,#983,.T.);
#690=EDGE_CURVE('',#864,#865,#102,.T.);
#691=EDGE_CURVE('',#866,#864,#984,.T.);
#692=EDGE_CURVE('',#867,#866,#103,.F.);
#693=EDGE_CURVE('',#865,#867,#985,.T.);
#694=EDGE_CURVE('',#868,#869,#104,.T.);
#695=EDGE_CURVE('',#868,#870,#72,.F.);
#696=EDGE_CURVE('',#870,#871,#73,.T.);
#697=EDGE_CURVE('',#871,#872,#74,.T.);
#698=EDGE_CURVE('',#872,#873,#105,.T.);
#699=EDGE_CURVE('',#869,#873,#75,.T.);
#700=EDGE_CURVE('',#874,#875,#106,.T.);
#701=EDGE_CURVE('',#876,#875,#107,.T.);
#702=EDGE_CURVE('',#877,#876,#108,.T.);
#703=EDGE_CURVE('',#877,#874,#109,.T.);
#704=EDGE_CURVE('',#878,#879,#110,.T.);
#705=EDGE_CURVE('',#880,#878,#111,.F.);
#706=EDGE_CURVE('',#880,#881,#112,.T.);
#707=EDGE_CURVE('',#881,#882,#113,.T.);
#708=EDGE_CURVE('',#882,#883,#114,.T.);
#709=EDGE_CURVE('',#884,#883,#115,.T.);
#710=EDGE_CURVE('',#885,#884,#116,.T.);
#711=EDGE_CURVE('',#879,#885,#117,.T.);
#712=EDGE_CURVE('',#886,#887,#118,.T.);
#713=EDGE_CURVE('',#887,#888,#76,.T.);
#714=EDGE_CURVE('',#888,#889,#119,.T.);
#715=EDGE_CURVE('',#890,#889,#120,.T.);
#716=EDGE_CURVE('',#890,#891,#121,.T.);
#717=EDGE_CURVE('',#892,#891,#122,.T.);
#718=EDGE_CURVE('',#893,#892,#123,.T.);
#719=EDGE_CURVE('',#894,#893,#124,.T.);
#720=EDGE_CURVE('',#894,#895,#125,.T.);
#721=EDGE_CURVE('',#895,#896,#126,.T.);
#722=EDGE_CURVE('',#896,#897,#127,.T.);
#723=EDGE_CURVE('',#886,#897,#77,.F.);
#724=EDGE_CURVE('',#898,#898,#78,.T.);
#725=EDGE_CURVE('',#899,#900,#128,.T.);
#726=EDGE_CURVE('',#900,#899,#79,.T.);
#727=EDGE_CURVE('',#901,#880,#80,.T.);
#728=EDGE_CURVE('',#902,#901,#129,.T.);
#729=EDGE_CURVE('',#881,#902,#130,.T.);
#730=EDGE_CURVE('',#903,#903,#81,.T.);
#731=EDGE_CURVE('',#904,#905,#131,.T.);
#732=EDGE_CURVE('',#906,#904,#82,.T.);
#733=EDGE_CURVE('',#907,#906,#132,.T.);
#734=EDGE_CURVE('',#905,#907,#83,.T.);
#735=EDGE_CURVE('',#887,#876,#16,.T.);
#736=EDGE_CURVE('',#886,#877,#17,.F.);
#737=EDGE_CURVE('',#878,#888,#18,.T.);
#738=EDGE_CURVE('',#889,#879,#133,.T.);
#739=EDGE_CURVE('',#908,#896,#134,.T.);
#740=EDGE_CURVE('',#908,#897,#19,.F.);
#741=EDGE_CURVE('',#909,#909,#84,.T.);
#742=EDGE_CURVE('',#910,#910,#85,.T.);
#743=EDGE_CURVE('',#907,#911,#135,.T.);
#744=EDGE_CURVE('',#912,#906,#136,.F.);
#745=EDGE_CURVE('',#912,#913,#137,.T.);
#746=EDGE_CURVE('',#913,#908,#138,.F.);
#747=EDGE_CURVE('',#914,#895,#139,.T.);
#748=EDGE_CURVE('',#914,#915,#140,.T.);
#749=EDGE_CURVE('',#915,#916,#141,.T.);
#750=EDGE_CURVE('',#916,#917,#142,.T.);
#751=EDGE_CURVE('',#918,#917,#143,.T.);
#752=EDGE_CURVE('',#918,#911,#144,.T.);
#753=EDGE_CURVE('',#885,#919,#145,.T.);
#754=EDGE_CURVE('',#919,#920,#146,.T.);
#755=EDGE_CURVE('',#921,#920,#147,.T.);
#756=EDGE_CURVE('',#921,#890,#148,.T.);
#757=EDGE_CURVE('',#922,#922,#986,.T.);
#758=EDGE_CURVE('',#923,#923,#86,.F.);
#759=EDGE_CURVE('',#924,#924,#87,.T.);
#760=EDGE_CURVE('',#925,#925,#88,.T.);
#761=EDGE_CURVE('',#926,#927,#89,.T.);
#762=EDGE_CURVE('',#928,#926,#149,.T.);
#763=EDGE_CURVE('',#929,#928,#90,.T.);
#764=EDGE_CURVE('',#927,#929,#150,.T.);
#765=EDGE_CURVE('',#916,#930,#151,.T.);
#766=EDGE_CURVE('',#931,#915,#152,.T.);
#767=EDGE_CURVE('',#931,#893,#153,.T.);
#768=EDGE_CURVE('',#892,#932,#154,.T.);
#769=EDGE_CURVE('',#932,#930,#155,.T.);
#770=EDGE_CURVE('',#868,#933,#156,.T.);
#771=EDGE_CURVE('',#933,#917,#157,.T.);
#772=EDGE_CURVE('',#870,#930,#158,.T.);
#773=EDGE_CURVE('',#932,#934,#159,.T.);
#774=EDGE_CURVE('',#921,#934,#160,.T.);
#775=EDGE_CURVE('',#920,#935,#161,.T.);
#776=EDGE_CURVE('',#872,#935,#162,.T.);
#777=EDGE_CURVE('',#883,#936,#163,.T.);
#778=EDGE_CURVE('',#882,#937,#164,.T.);
#779=EDGE_CURVE('',#936,#937,#165,.T.);
#780=EDGE_CURVE('',#905,#938,#166,.T.);
#781=EDGE_CURVE('',#918,#938,#167,.T.);
#782=EDGE_CURVE('',#939,#933,#91,.T.);
#783=EDGE_CURVE('',#940,#939,#168,.T.);
#784=EDGE_CURVE('',#941,#940,#169,.T.);
#785=EDGE_CURVE('',#942,#941,#170,.T.);
#786=EDGE_CURVE('',#943,#942,#171,.T.);
#787=EDGE_CURVE('',#943,#944,#172,.T.);
#788=EDGE_CURVE('',#944,#945,#173,.T.);
#789=EDGE_CURVE('',#946,#945,#174,.T.);
#790=EDGE_CURVE('',#947,#946,#175,.T.);
#791=EDGE_CURVE('',#947,#948,#176,.T.);
#792=EDGE_CURVE('',#948,#949,#177,.T.);
#793=EDGE_CURVE('',#950,#949,#178,.T.);
#794=EDGE_CURVE('',#951,#950,#179,.T.);
#795=EDGE_CURVE('',#952,#951,#180,.T.);
#796=EDGE_CURVE('',#935,#952,#92,.T.);
#797=EDGE_CURVE('',#953,#919,#181,.T.);
#798=EDGE_CURVE('',#936,#953,#182,.T.);
#799=EDGE_CURVE('',#937,#902,#183,.T.);
#800=EDGE_CURVE('',#901,#954,#184,.T.);
#801=EDGE_CURVE('',#955,#954,#185,.T.);
#802=EDGE_CURVE('',#899,#955,#186,.T.);
#803=EDGE_CURVE('',#900,#956,#187,.T.);
#804=EDGE_CURVE('',#957,#956,#188,.T.);
#805=EDGE_CURVE('',#958,#957,#189,.T.);
#806=EDGE_CURVE('',#958,#959,#190,.T.);
#807=EDGE_CURVE('',#959,#960,#191,.T.);
#808=EDGE_CURVE('',#961,#960,#192,.T.);
#809=EDGE_CURVE('',#904,#961,#193,.T.);
#810=EDGE_CURVE('',#962,#950,#194,.T.);
#811=EDGE_CURVE('',#963,#962,#195,.T.);
#812=EDGE_CURVE('',#964,#963,#196,.T.);
#813=EDGE_CURVE('',#965,#964,#20,.T.);
#814=EDGE_CURVE('',#965,#951,#197,.T.);
#815=EDGE_CURVE('',#966,#962,#21,.T.);
#816=EDGE_CURVE('',#873,#966,#198,.T.);
#817=EDGE_CURVE('',#963,#873,#22,.T.);
#818=EDGE_CURVE('',#967,#966,#199,.T.);
#819=EDGE_CURVE('',#869,#967,#200,.T.);
#820=EDGE_CURVE('',#968,#967,#23,.T.);
#821=EDGE_CURVE('',#969,#968,#201,.T.);
#822=EDGE_CURVE('',#969,#869,#24,.T.);
#823=EDGE_CURVE('',#941,#968,#202,.T.);
#824=EDGE_CURVE('',#970,#940,#203,.T.);
#825=EDGE_CURVE('',#971,#970,#25,.T.);
#826=EDGE_CURVE('',#971,#969,#204,.T.);
#827=EDGE_CURVE('',#872,#972,#26,.T.);
#828=EDGE_CURVE('',#972,#952,#205,.T.);
#829=EDGE_CURVE('',#973,#965,#27,.T.);
#830=EDGE_CURVE('',#972,#973,#206,.T.);
#831=EDGE_CURVE('',#974,#939,#207,.T.);
#832=EDGE_CURVE('',#974,#975,#208,.T.);
#833=EDGE_CURVE('',#970,#975,#28,.T.);
#834=EDGE_CURVE('',#868,#974,#29,.T.);
#835=EDGE_CURVE('',#975,#971,#209,.T.);
#836=EDGE_CURVE('',#973,#964,#210,.T.);
#837=EDGE_CURVE('',#945,#942,#30,.F.);
#838=EDGE_CURVE('',#949,#946,#31,.F.);
#839=EDGE_CURVE('',#891,#934,#211,.T.);
#840=EDGE_CURVE('',#976,#914,#212,.T.);
#841=EDGE_CURVE('',#976,#931,#213,.T.);
#842=EDGE_CURVE('',#976,#894,#214,.T.);
#843=EDGE_CURVE('',#875,#958,#93,.T.);
#844=EDGE_CURVE('',#874,#959,#94,.F.);
#845=EDGE_CURVE('',#884,#953,#215,.T.);
#846=EDGE_CURVE('',#865,#928,#216,.T.);
#847=EDGE_CURVE('',#864,#926,#217,.T.);
#848=EDGE_CURVE('',#866,#927,#218,.T.);
#849=EDGE_CURVE('',#867,#929,#219,.T.);
#850=EDGE_CURVE('',#977,#977,#987,.T.);
#851=EDGE_CURVE('',#978,#978,#988,.T.);
#852=EDGE_CURVE('',#943,#944,#95,.T.);
#853=EDGE_CURVE('',#947,#948,#96,.T.);
#854=EDGE_CURVE('',#913,#960,#97,.T.);
#855=EDGE_CURVE('',#912,#961,#98,.T.);
#856=EDGE_CURVE('',#938,#911,#99,.T.);
#857=EDGE_CURVE('',#956,#955,#100,.T.);
#858=EDGE_CURVE('',#957,#954,#101,.T.);
#859=EDGE_CURVE('',#979,#979,#989,.T.);
#860=VERTEX_POINT('',#1727);
#861=VERTEX_POINT('',#1747);
#862=VERTEX_POINT('',#1767);
#863=VERTEX_POINT('',#1787);
#864=VERTEX_POINT('',#1789);
#865=VERTEX_POINT('',#1790);
#866=VERTEX_POINT('',#1799);
#867=VERTEX_POINT('',#1801);
#868=VERTEX_POINT('',#1811);
#869=VERTEX_POINT('',#1812);
#870=VERTEX_POINT('',#1814);
#871=VERTEX_POINT('',#1816);
#872=VERTEX_POINT('',#1818);
#873=VERTEX_POINT('',#1820);
#874=VERTEX_POINT('',#1824);
#875=VERTEX_POINT('',#1825);
#876=VERTEX_POINT('',#1827);
#877=VERTEX_POINT('',#1829);
#878=VERTEX_POINT('',#1833);
#879=VERTEX_POINT('',#1834);
#880=VERTEX_POINT('',#1836);
#881=VERTEX_POINT('',#1838);
#882=VERTEX_POINT('',#1840);
#883=VERTEX_POINT('',#1842);
#884=VERTEX_POINT('',#1844);
#885=VERTEX_POINT('',#1846);
#886=VERTEX_POINT('',#1850);
#887=VERTEX_POINT('',#1851);
#888=VERTEX_POINT('',#1853);
#889=VERTEX_POINT('',#1855);
#890=VERTEX_POINT('',#1857);
#891=VERTEX_POINT('',#1859);
#892=VERTEX_POINT('',#1861);
#893=VERTEX_POINT('',#1863);
#894=VERTEX_POINT('',#1865);
#895=VERTEX_POINT('',#1867);
#896=VERTEX_POINT('',#1869);
#897=VERTEX_POINT('',#1871);
#898=VERTEX_POINT('',#1875);
#899=VERTEX_POINT('',#1877);
#900=VERTEX_POINT('',#1878);
#901=VERTEX_POINT('',#1882);
#902=VERTEX_POINT('',#1884);
#903=VERTEX_POINT('',#1888);
#904=VERTEX_POINT('',#1890);
#905=VERTEX_POINT('',#1891);
#906=VERTEX_POINT('',#1893);
#907=VERTEX_POINT('',#1895);
#908=VERTEX_POINT('',#1905);
#909=VERTEX_POINT('',#1909);
#910=VERTEX_POINT('',#1912);
#911=VERTEX_POINT('',#1915);
#912=VERTEX_POINT('',#1917);
#913=VERTEX_POINT('',#1919);
#914=VERTEX_POINT('',#1922);
#915=VERTEX_POINT('',#1924);
#916=VERTEX_POINT('',#1926);
#917=VERTEX_POINT('',#1928);
#918=VERTEX_POINT('',#1930);
#919=VERTEX_POINT('',#1934);
#920=VERTEX_POINT('',#1936);
#921=VERTEX_POINT('',#1938);
#922=VERTEX_POINT('',#1960);
#923=VERTEX_POINT('',#1962);
#924=VERTEX_POINT('',#1964);
#925=VERTEX_POINT('',#1966);
#926=VERTEX_POINT('',#1968);
#927=VERTEX_POINT('',#1969);
#928=VERTEX_POINT('',#1971);
#929=VERTEX_POINT('',#1973);
#930=VERTEX_POINT('',#1976);
#931=VERTEX_POINT('',#1978);
#932=VERTEX_POINT('',#1981);
#933=VERTEX_POINT('',#1985);
#934=VERTEX_POINT('',#1990);
#935=VERTEX_POINT('',#1993);
#936=VERTEX_POINT('',#1997);
#937=VERTEX_POINT('',#1999);
#938=VERTEX_POINT('',#2003);
#939=VERTEX_POINT('',#2006);
#940=VERTEX_POINT('',#2008);
#941=VERTEX_POINT('',#2010);
#942=VERTEX_POINT('',#2012);
#943=VERTEX_POINT('',#2014);
#944=VERTEX_POINT('',#2016);
#945=VERTEX_POINT('',#2018);
#946=VERTEX_POINT('',#2020);
#947=VERTEX_POINT('',#2022);
#948=VERTEX_POINT('',#2024);
#949=VERTEX_POINT('',#2026);
#950=VERTEX_POINT('',#2028);
#951=VERTEX_POINT('',#2030);
#952=VERTEX_POINT('',#2032);
#953=VERTEX_POINT('',#2035);
#954=VERTEX_POINT('',#2039);
#955=VERTEX_POINT('',#2041);
#956=VERTEX_POINT('',#2044);
#957=VERTEX_POINT('',#2046);
#958=VERTEX_POINT('',#2048);
#959=VERTEX_POINT('',#2050);
#960=VERTEX_POINT('',#2052);
#961=VERTEX_POINT('',#2054);
#962=VERTEX_POINT('',#2058);
#963=VERTEX_POINT('',#2060);
#964=VERTEX_POINT('',#2062);
#965=VERTEX_POINT('',#2064);
#966=VERTEX_POINT('',#2068);
#967=VERTEX_POINT('',#2073);
#968=VERTEX_POINT('',#2077);
#969=VERTEX_POINT('',#2079);
#970=VERTEX_POINT('',#2084);
#971=VERTEX_POINT('',#2086);
#972=VERTEX_POINT('',#2090);
#973=VERTEX_POINT('',#2094);
#974=VERTEX_POINT('',#2098);
#975=VERTEX_POINT('',#2100);
#976=VERTEX_POINT('',#2117);
#977=VERTEX_POINT('',#2165);
#978=VERTEX_POINT('',#2193);
#979=VERTEX_POINT('',#2309);
#980=B_SPLINE_CURVE_WITH_KNOTS('',3,(#1708,#1709,#1710,#1711,#1712,#1713,
#1714,#1715,#1716,#1717,#1718,#1719,#1720,#1721,#1722,#1723,#1724,#1725,
#1726),.UNSPECIFIED.,.T.,.F.,(1,1,1,1,1,1,1,1,1,1,1,1,1,1,1,1,1,1,1,1,1,
1,1),(-0.190789473684211,-0.128289473684211,-0.0657894736842105,0.,0.059375,
0.12171875,0.1842109375,0.246710546875,0.30921052734375,0.371710526367187,
0.434210526318359,0.496710526315918,0.559210526315796,0.62171052631579,
0.684210526315789,0.746710526315789,0.809210526315789,0.871710526315789,
0.934210526315789,1.,1.059375,1.12171875,1.1842109375),.UNSPECIFIED.);
#981=B_SPLINE_CURVE_WITH_KNOTS('',3,(#1728,#1729,#1730,#1731,#1732,#1733,
#1734,#1735,#1736,#1737,#1738,#1739,#1740,#1741,#1742,#1743,#1744,#1745,
#1746),.UNSPECIFIED.,.T.,.F.,(1,1,1,1,1,1,1,1,1,1,1,1,1,1,1,1,1,1,1,1,1,
1,1),(-0.190789473684211,-0.128289473684211,-0.0657894736842105,0.,0.059375,
0.12171875,0.1842109375,0.246710546875,0.30921052734375,0.371710526367187,
0.434210526318359,0.496710526315918,0.559210526315796,0.62171052631579,
0.684210526315789,0.746710526315789,0.809210526315789,0.871710526315789,
0.934210526315789,1.,1.059375,1.12171875,1.1842109375),.UNSPECIFIED.);
#982=B_SPLINE_CURVE_WITH_KNOTS('',3,(#1748,#1749,#1750,#1751,#1752,#1753,
#1754,#1755,#1756,#1757,#1758,#1759,#1760,#1761,#1762,#1763,#1764,#1765,
#1766),.UNSPECIFIED.,.T.,.F.,(1,1,1,1,1,1,1,1,1,1,1,1,1,1,1,1,1,1,1,1,1,
1,1),(-0.190789473684211,-0.128289473684211,-0.0657894736842105,0.,0.059375,
0.12171875,0.1842109375,0.246710546875,0.30921052734375,0.371710526367187,
0.434210526318359,0.496710526315918,0.559210526315796,0.62171052631579,
0.684210526315789,0.746710526315789,0.809210526315789,0.871710526315789,
0.934210526315789,1.,1.059375,1.12171875,1.1842109375),.UNSPECIFIED.);
#983=B_SPLINE_CURVE_WITH_KNOTS('',3,(#1768,#1769,#1770,#1771,#1772,#1773,
#1774,#1775,#1776,#1777,#1778,#1779,#1780,#1781,#1782,#1783,#1784,#1785,
#1786),.UNSPECIFIED.,.T.,.F.,(1,1,1,1,1,1,1,1,1,1,1,1,1,1,1,1,1,1,1,1,1,
1,1),(-0.190789473684211,-0.128289473684211,-0.0657894736842105,0.,0.059375,
0.12171875,0.1842109375,0.246710546875,0.30921052734375,0.371710526367187,
0.434210526318359,0.496710526315918,0.559210526315796,0.62171052631579,
0.684210526315789,0.746710526315789,0.809210526315789,0.871710526315789,
0.934210526315789,1.,1.059375,1.12171875,1.1842109375),.UNSPECIFIED.);
#984=B_SPLINE_CURVE_WITH_KNOTS('',3,(#1791,#1792,#1793,#1794,#1795,#1796,
#1797,#1798),.UNSPECIFIED.,.F.,.F.,(4,1,1,1,1,4),(1.04083408558608E-17,
0.00239321357015986,0.00478642714031971,0.00957285428063941,0.0143592814209591,
0.0191457085612788),.UNSPECIFIED.);
#985=B_SPLINE_CURVE_WITH_KNOTS('',3,(#1802,#1803,#1804,#1805,#1806,#1807,
#1808,#1809),.UNSPECIFIED.,.F.,.F.,(4,1,1,1,1,4),(0.,0.00239321369649483,
0.00478642739298966,0.00957285478597932,0.014359282178969,0.0191457095719586),
 .UNSPECIFIED.);
#986=B_SPLINE_CURVE_WITH_KNOTS('',3,(#1941,#1942,#1943,#1944,#1945,#1946,
#1947,#1948,#1949,#1950,#1951,#1952,#1953,#1954,#1955,#1956,#1957,#1958,
#1959),.UNSPECIFIED.,.T.,.F.,(1,1,1,1,1,1,1,1,1,1,1,1,1,1,1,1,1,1,1,1,1,
1,1),(-0.190789473684211,-0.128289473684211,-0.0657894736842105,0.,0.059375,
0.12171875,0.1842109375,0.246710546875,0.30921052734375,0.371710526367187,
0.434210526318359,0.496710526315918,0.559210526315796,0.62171052631579,
0.684210526315789,0.746710526315789,0.809210526315789,0.871710526315789,
0.934210526315789,1.,1.059375,1.12171875,1.1842109375),.UNSPECIFIED.);
#987=B_SPLINE_CURVE_WITH_KNOTS('',3,(#2139,#2140,#2141,#2142,#2143,#2144,
#2145,#2146,#2147,#2148,#2149,#2150,#2151,#2152,#2153,#2154,#2155,#2156,
#2157,#2158,#2159,#2160,#2161,#2162,#2163,#2164),.UNSPECIFIED.,.T.,.F.,
(1,1,1,1,1,1,1,1,1,1,1,1,1,1,1,1,1,1,1,1,1,1,1,1,1,1,1,1,1,1),(-0.256358978271484,
-0.128179489135742,-0.0640897445678711,0.,0.0007537841796875,0.00817094802856445,
0.0155881118774414,0.0304224395751953,0.0600910949707031,0.0897597503662109,
0.119428405761719,0.178765716552734,0.23810302734375,0.30039778137207,0.362692535400391,
0.424987289428711,0.456134666442871,0.487282043457031,0.503304479598999,
0.519326915740967,0.551371788024902,0.615461532592773,0.679551277160645,
0.743641021728516,0.871820510864258,0.935910255432129,1.,1.00075378417969,
1.00817094802856,1.01558811187744),.UNSPECIFIED.);
#988=B_SPLINE_CURVE_WITH_KNOTS('',3,(#2167,#2168,#2169,#2170,#2171,#2172,
#2173,#2174,#2175,#2176,#2177,#2178,#2179,#2180,#2181,#2182,#2183,#2184,
#2185,#2186,#2187,#2188,#2189,#2190,#2191,#2192),.UNSPECIFIED.,.T.,.F.,
(1,1,1,1,1,1,1,1,1,1,1,1,1,1,1,1,1,1,1,1,1,1,1,1,1,1,1,1,1,1),(-0.256358978271484,
-0.128179489135742,-0.0640897445678711,0.,0.0007537841796875,0.00817094802856445,
0.0155881118774414,0.0304224395751953,0.0600910949707031,0.0897597503662109,
0.119428405761719,0.178765716552734,0.23810302734375,0.30039778137207,0.362692535400391,
0.424987289428711,0.456134666442871,0.487282043457031,0.503304479598999,
0.519326915740967,0.551371788024902,0.615461532592773,0.679551277160645,
0.743641021728516,0.871820510864258,0.935910255432129,1.,1.00075378417969,
1.00817094802856,1.01558811187744),.UNSPECIFIED.);
#989=B_SPLINE_CURVE_WITH_KNOTS('',3,(#2286,#2287,#2288,#2289,#2290,#2291,
#2292,#2293,#2294,#2295,#2296,#2297,#2298,#2299,#2300,#2301,#2302,#2303,
#2304,#2305,#2306,#2307,#2308),.UNSPECIFIED.,.T.,.F.,(1,1,1,1,1,1,1,1,1,
1,1,1,1,1,1,1,1,1,1,1,1,1,1,1,1,1,1),(-0.23026171875,-0.1973671875,-0.131578125,
0.,0.11875,0.178125,0.2078125,0.2375,0.2530859375,0.268671875,0.29984375,
0.3621875,0.42453125,0.486875,0.5493671875,0.611859375,0.6743515625,0.70559765625,
0.73684375,0.753291015625,0.76973828125,0.8026328125,0.868421875,1.,1.11875,
1.178125,1.2078125),.UNSPECIFIED.);
#990=EDGE_LOOP('',(#338));
#991=EDGE_LOOP('',(#339));
#992=EDGE_LOOP('',(#340));
#993=EDGE_LOOP('',(#341));
#994=EDGE_LOOP('',(#342,#343,#344,#345));
#995=EDGE_LOOP('',(#346,#347,#348,#349,#350,#351));
#996=EDGE_LOOP('',(#352,#353,#354,#355));
#997=EDGE_LOOP('',(#356,#357,#358,#359,#360,#361,#362,#363));
#998=EDGE_LOOP('',(#364,#365,#366,#367,#368,#369,#370,#371,#372,#373,#374,
#375));
#999=EDGE_LOOP('',(#376));
#1000=EDGE_LOOP('',(#377,#378));
#1001=EDGE_LOOP('',(#379,#380,#381,#382));
#1002=EDGE_LOOP('',(#383));
#1003=EDGE_LOOP('',(#384,#385,#386,#387));
#1004=EDGE_LOOP('',(#388,#389,#390,#391));
#1005=EDGE_LOOP('',(#392,#393,#394,#395));
#1006=EDGE_LOOP('',(#396,#397,#398));
#1007=EDGE_LOOP('',(#399));
#1008=EDGE_LOOP('',(#400));
#1009=EDGE_LOOP('',(#401));
#1010=EDGE_LOOP('',(#402));
#1011=EDGE_LOOP('',(#403,#404,#405,#406,#407,#408,#409,#410,#411,#412,#413,
#414,#415));
#1012=EDGE_LOOP('',(#416,#417,#418,#419,#420,#421,#422));
#1013=EDGE_LOOP('',(#423));
#1014=EDGE_LOOP('',(#424));
#1015=EDGE_LOOP('',(#425));
#1016=EDGE_LOOP('',(#426));
#1017=EDGE_LOOP('',(#427,#428,#429,#430));
#1018=EDGE_LOOP('',(#431,#432,#433,#434,#435,#436,#437));
#1019=EDGE_LOOP('',(#438,#439,#440,#441,#442,#443));
#1020=EDGE_LOOP('',(#444,#445,#446,#447,#448,#449,#450,#451,#452));
#1021=EDGE_LOOP('',(#453,#454,#455,#456));
#1022=EDGE_LOOP('',(#457,#458,#459,#460,#461,#462,#463,#464,#465,#466,#467,
#468,#469,#470,#471,#472,#473,#474,#475,#476,#477,#478,#479,#480,#481,#482,
#483,#484,#485,#486,#487,#488,#489,#490,#491,#492,#493,#494));
#1023=EDGE_LOOP('',(#495,#496,#497,#498,#499,#500));
#1024=EDGE_LOOP('',(#501,#502,#503,#504));
#1025=EDGE_LOOP('',(#505,#506,#507,#508));
#1026=EDGE_LOOP('',(#509,#510,#511,#512));
#1027=EDGE_LOOP('',(#513,#514,#515,#516,#517,#518));
#1028=EDGE_LOOP('',(#519,#520,#521,#522));
#1029=EDGE_LOOP('',(#523,#524,#525,#526,#527));
#1030=EDGE_LOOP('',(#528,#529,#530,#531,#532));
#1031=EDGE_LOOP('',(#533,#534,#535,#536));
#1032=EDGE_LOOP('',(#537,#538,#539));
#1033=EDGE_LOOP('',(#540,#541,#542,#543,#544,#545));
#1034=EDGE_LOOP('',(#546,#547,#548));
#1035=EDGE_LOOP('',(#549,#550,#551,#552,#553,#554));
#1036=EDGE_LOOP('',(#555,#556,#557,#558,#559,#560,#561,#562,#563,#564));
#1037=EDGE_LOOP('',(#565,#566,#567,#568));
#1038=EDGE_LOOP('',(#569,#570,#571,#572));
#1039=EDGE_LOOP('',(#573,#574,#575,#576));
#1040=EDGE_LOOP('',(#577,#578,#579,#580));
#1041=EDGE_LOOP('',(#581,#582,#583,#584));
#1042=EDGE_LOOP('',(#585,#586,#587,#588));
#1043=EDGE_LOOP('',(#589,#590,#591,#592));
#1044=EDGE_LOOP('',(#593,#594,#595,#596));
#1045=EDGE_LOOP('',(#597,#598,#599,#600));
#1046=EDGE_LOOP('',(#601,#602,#603,#604));
#1047=EDGE_LOOP('',(#605,#606,#607,#608));
#1048=EDGE_LOOP('',(#609,#610,#611,#612));
#1049=EDGE_LOOP('',(#613,#614,#615,#616));
#1050=EDGE_LOOP('',(#617));
#1051=EDGE_LOOP('',(#618));
#1052=EDGE_LOOP('',(#619));
#1053=EDGE_LOOP('',(#620));
#1054=EDGE_LOOP('',(#621));
#1055=EDGE_LOOP('',(#622));
#1056=EDGE_LOOP('',(#623));
#1057=EDGE_LOOP('',(#624));
#1058=EDGE_LOOP('',(#625,#626,#627,#628));
#1059=EDGE_LOOP('',(#629,#630));
#1060=EDGE_LOOP('',(#631));
#1061=EDGE_LOOP('',(#632,#633,#634,#635));
#1062=EDGE_LOOP('',(#636,#637));
#1063=EDGE_LOOP('',(#638));
#1064=EDGE_LOOP('',(#639,#640,#641,#642,#643,#644,#645,#646));
#1065=EDGE_LOOP('',(#647,#648,#649,#650));
#1066=EDGE_LOOP('',(#651,#652,#653,#654));
#1067=EDGE_LOOP('',(#655,#656,#657));
#1068=EDGE_LOOP('',(#658,#659,#660,#661));
#1069=EDGE_LOOP('',(#662,#663,#664,#665));
#1070=EDGE_LOOP('',(#666,#667,#668,#669,#670,#671,#672,#673,#674,#675));
#1071=EDGE_LOOP('',(#676,#677,#678,#679));
#1072=EDGE_LOOP('',(#680));
#1073=EDGE_LOOP('',(#681));
#1074=EDGE_LOOP('',(#682));
#1075=EDGE_LOOP('',(#683));
#1076=EDGE_LOOP('',(#684));
#1077=EDGE_LOOP('',(#685));
#1078=FACE_BOUND('',#990,.T.);
#1079=FACE_BOUND('',#991,.T.);
#1080=FACE_BOUND('',#992,.T.);
#1081=FACE_BOUND('',#993,.T.);
#1082=FACE_BOUND('',#994,.T.);
#1083=FACE_BOUND('',#995,.T.);
#1084=FACE_BOUND('',#996,.T.);
#1085=FACE_BOUND('',#997,.T.);
#1086=FACE_BOUND('',#998,.T.);
#1087=FACE_BOUND('',#999,.T.);
#1088=FACE_BOUND('',#1000,.T.);
#1089=FACE_BOUND('',#1001,.T.);
#1090=FACE_BOUND('',#1002,.T.);
#1091=FACE_BOUND('',#1003,.T.);
#1092=FACE_BOUND('',#1004,.T.);
#1093=FACE_BOUND('',#1005,.T.);
#1094=FACE_BOUND('',#1006,.T.);
#1095=FACE_BOUND('',#1007,.T.);
#1096=FACE_BOUND('',#1008,.T.);
#1097=FACE_BOUND('',#1009,.T.);
#1098=FACE_BOUND('',#1010,.T.);
#1099=FACE_BOUND('',#1011,.T.);
#1100=FACE_BOUND('',#1012,.T.);
#1101=FACE_BOUND('',#1013,.T.);
#1102=FACE_BOUND('',#1014,.T.);
#1103=FACE_BOUND('',#1015,.T.);
#1104=FACE_BOUND('',#1016,.T.);
#1105=FACE_BOUND('',#1017,.T.);
#1106=FACE_BOUND('',#1018,.T.);
#1107=FACE_BOUND('',#1019,.T.);
#1108=FACE_BOUND('',#1020,.T.);
#1109=FACE_BOUND('',#1021,.T.);
#1110=FACE_BOUND('',#1022,.T.);
#1111=FACE_BOUND('',#1023,.T.);
#1112=FACE_BOUND('',#1024,.T.);
#1113=FACE_BOUND('',#1025,.T.);
#1114=FACE_BOUND('',#1026,.T.);
#1115=FACE_BOUND('',#1027,.T.);
#1116=FACE_BOUND('',#1028,.T.);
#1117=FACE_BOUND('',#1029,.T.);
#1118=FACE_BOUND('',#1030,.T.);
#1119=FACE_BOUND('',#1031,.T.);
#1120=FACE_BOUND('',#1032,.T.);
#1121=FACE_BOUND('',#1033,.T.);
#1122=FACE_BOUND('',#1034,.T.);
#1123=FACE_BOUND('',#1035,.T.);
#1124=FACE_BOUND('',#1036,.T.);
#1125=FACE_BOUND('',#1037,.T.);
#1126=FACE_BOUND('',#1038,.T.);
#1127=FACE_BOUND('',#1039,.T.);
#1128=FACE_BOUND('',#1040,.T.);
#1129=FACE_BOUND('',#1041,.T.);
#1130=FACE_BOUND('',#1042,.T.);
#1131=FACE_BOUND('',#1043,.T.);
#1132=FACE_BOUND('',#1044,.T.);
#1133=FACE_BOUND('',#1045,.T.);
#1134=FACE_BOUND('',#1046,.T.);
#1135=FACE_BOUND('',#1047,.T.);
#1136=FACE_BOUND('',#1048,.T.);
#1137=FACE_BOUND('',#1049,.T.);
#1138=FACE_BOUND('',#1050,.T.);
#1139=FACE_BOUND('',#1051,.T.);
#1140=FACE_BOUND('',#1052,.T.);
#1141=FACE_BOUND('',#1053,.T.);
#1142=FACE_BOUND('',#1054,.T.);
#1143=FACE_BOUND('',#1055,.T.);
#1144=FACE_BOUND('',#1056,.T.);
#1145=FACE_BOUND('',#1057,.T.);
#1146=FACE_BOUND('',#1058,.T.);
#1147=FACE_BOUND('',#1059,.T.);
#1148=FACE_BOUND('',#1060,.T.);
#1149=FACE_BOUND('',#1061,.T.);
#1150=FACE_BOUND('',#1062,.T.);
#1151=FACE_BOUND('',#1063,.T.);
#1152=FACE_BOUND('',#1064,.T.);
#1153=FACE_BOUND('',#1065,.T.);
#1154=FACE_BOUND('',#1066,.T.);
#1155=FACE_BOUND('',#1067,.T.);
#1156=FACE_BOUND('',#1068,.T.);
#1157=FACE_BOUND('',#1069,.T.);
#1158=FACE_BOUND('',#1070,.T.);
#1159=FACE_BOUND('',#1071,.T.);
#1160=FACE_BOUND('',#1072,.T.);
#1161=FACE_BOUND('',#1073,.T.);
#1162=FACE_BOUND('',#1074,.T.);
#1163=FACE_BOUND('',#1075,.T.);
#1164=FACE_BOUND('',#1076,.T.);
#1165=FACE_BOUND('',#1077,.T.);
#1166=CYLINDRICAL_SURFACE('',#1265,1.51587085872689);
#1167=CYLINDRICAL_SURFACE('',#1291,0.00175);
#1168=CYLINDRICAL_SURFACE('',#1293,0.00175);
#1169=CYLINDRICAL_SURFACE('',#1311,0.001);
#1170=CYLINDRICAL_SURFACE('',#1315,0.001);
#1171=CYLINDRICAL_SURFACE('',#1320,0.00100000000000003);
#1172=CYLINDRICAL_SURFACE('',#1326,0.001);
#1173=CYLINDRICAL_SURFACE('',#1328,0.001);
#1174=CYLINDRICAL_SURFACE('',#1330,0.001);
#1175=CYLINDRICAL_SURFACE('',#1347,0.006125);
#1176=CYLINDRICAL_SURFACE('',#1349,0.006125);
#1177=CYLINDRICAL_SURFACE('',#1350,0.001375);
#1178=CYLINDRICAL_SURFACE('',#1351,0.001375);
#1179=CYLINDRICAL_SURFACE('',#1352,0.003625);
#1180=CYLINDRICAL_SURFACE('',#1355,0.003625);
#1181=CYLINDRICAL_SURFACE('',#1358,0.005125);
#1182=CYLINDRICAL_SURFACE('',#1360,0.003625);
#1183=CYLINDRICAL_SURFACE('',#1365,0.003625);
#1184=CYLINDRICAL_SURFACE('',#1366,0.003625);
#1185=CYLINDRICAL_SURFACE('',#1368,0.005125);
#1186=CYLINDRICAL_SURFACE('',#1371,0.00125);
#1187=ADVANCED_FACE('',(#1078,#1079,#1080,#1081,#1082,#1083),#1166,.T.);
#1188=ADVANCED_FACE('',(#1084),#32,.T.);
#1189=ADVANCED_FACE('',(#1085),#33,.T.);
#1190=ADVANCED_FACE('',(#1086),#34,.F.);
#1191=ADVANCED_FACE('',(#1087,#1088),#35,.T.);
#1192=ADVANCED_FACE('',(#1089),#36,.T.);
#1193=ADVANCED_FACE('',(#1090,#1091),#37,.T.);
#1194=ADVANCED_FACE('',(#1092),#38,.T.);
#1195=ADVANCED_FACE('',(#1093),#39,.T.);
#1196=ADVANCED_FACE('',(#1094),#40,.T.);
#1197=ADVANCED_FACE('',(#1095,#1096),#1167,.F.);
#1198=ADVANCED_FACE('',(#1097,#1098),#1168,.F.);
#1199=ADVANCED_FACE('',(#1099),#41,.T.);
#1200=ADVANCED_FACE('',(#1100),#42,.T.);
#1201=ADVANCED_FACE('',(#1101,#1102,#1103,#1104,#1105,#1106),#43,.F.);
#1202=ADVANCED_FACE('',(#1107),#44,.F.);
#1203=ADVANCED_FACE('',(#1108),#45,.F.);
#1204=ADVANCED_FACE('',(#1109),#46,.T.);
#1205=ADVANCED_FACE('',(#1110),#47,.F.);
#1206=ADVANCED_FACE('',(#1111),#48,.F.);
#1207=ADVANCED_FACE('',(#1112),#1169,.T.);
#1208=ADVANCED_FACE('',(#1113),#49,.F.);
#1209=ADVANCED_FACE('',(#1114),#1170,.T.);
#1210=ADVANCED_FACE('',(#1115),#50,.F.);
#1211=ADVANCED_FACE('',(#1116),#1171,.T.);
#1212=ADVANCED_FACE('',(#1117),#51,.F.);
#1213=ADVANCED_FACE('',(#1118),#52,.F.);
#1214=ADVANCED_FACE('',(#1119),#1172,.T.);
#1215=ADVANCED_FACE('',(#1120),#1173,.T.);
#1216=ADVANCED_FACE('',(#1121),#53,.F.);
#1217=ADVANCED_FACE('',(#1122),#1174,.T.);
#1218=ADVANCED_FACE('',(#1123),#54,.T.);
#1219=ADVANCED_FACE('',(#1124),#55,.T.);
#1220=ADVANCED_FACE('',(#1125),#56,.F.);
#1221=ADVANCED_FACE('',(#1126),#57,.F.);
#1222=ADVANCED_FACE('',(#1127),#58,.F.);
#1223=ADVANCED_FACE('',(#1128),#59,.T.);
#1224=ADVANCED_FACE('',(#1129),#60,.F.);
#1225=ADVANCED_FACE('',(#1130),#61,.T.);
#1226=ADVANCED_FACE('',(#1131),#62,.T.);
#1227=ADVANCED_FACE('',(#1132),#63,.F.);
#1228=ADVANCED_FACE('',(#1133),#64,.F.);
#1229=ADVANCED_FACE('',(#1134),#65,.F.);
#1230=ADVANCED_FACE('',(#1135),#1175,.F.);
#1231=ADVANCED_FACE('',(#1136),#66,.F.);
#1232=ADVANCED_FACE('',(#1137),#1176,.F.);
#1233=ADVANCED_FACE('',(#1138,#1139),#1177,.F.);
#1234=ADVANCED_FACE('',(#1140,#1141),#1178,.F.);
#1235=ADVANCED_FACE('',(#1142,#1143),#12,.T.);
#1236=ADVANCED_FACE('',(#1144,#1145),#13,.T.);
#1237=ADVANCED_FACE('',(#1146),#1179,.F.);
#1238=ADVANCED_FACE('',(#1147,#1148),#67,.T.);
#1239=ADVANCED_FACE('',(#1149),#1180,.F.);
#1240=ADVANCED_FACE('',(#1150,#1151),#68,.T.);
#1241=ADVANCED_FACE('',(#1152),#1181,.T.);
#1242=ADVANCED_FACE('',(#1153),#1182,.F.);
#1243=ADVANCED_FACE('',(#1154),#69,.F.);
#1244=ADVANCED_FACE('',(#1155),#70,.F.);
#1245=ADVANCED_FACE('',(#1156),#1183,.F.);
#1246=ADVANCED_FACE('',(#1157),#1184,.F.);
#1247=ADVANCED_FACE('',(#1158),#1185,.T.);
#1248=ADVANCED_FACE('',(#1159),#71,.F.);
#1249=ADVANCED_FACE('',(#1160,#1161),#1186,.F.);
#1250=ADVANCED_FACE('',(#1162,#1163),#14,.T.);
#1251=ADVANCED_FACE('',(#1164,#1165),#15,.T.);
#1252=CLOSED_SHELL('',(#1187,#1188,#1189,#1190,#1191,#1192,#1193,#1194,
#1195,#1196,#1197,#1198,#1199,#1200,#1201,#1202,#1203,#1204,#1205,#1206,
#1207,#1208,#1209,#1210,#1211,#1212,#1213,#1214,#1215,#1216,#1217,#1218,
#1219,#1220,#1221,#1222,#1223,#1224,#1225,#1226,#1227,#1228,#1229,#1230,
#1231,#1232,#1233,#1234,#1235,#1236,#1237,#1238,#1239,#1240,#1241,#1242,
#1243,#1244,#1245,#1246,#1247,#1248,#1249,#1250,#1251));
#1253=STYLED_ITEM('',(#1254),#1261);
#1254=PRESENTATION_STYLE_ASSIGNMENT((#1255));
#1255=SURFACE_STYLE_USAGE(.BOTH.,#1256);
#1256=SURFACE_SIDE_STYLE('',(#1257));
#1257=SURFACE_STYLE_FILL_AREA(#1258);
#1258=FILL_AREA_STYLE('',(#1259));
#1259=FILL_AREA_STYLE_COLOUR('',#1260);
#1260=COLOUR_RGB('',0.972549019607843,0.529411764705882,0.00392156862745098);
#1261=MANIFOLD_SOLID_BREP('Upper Shell',#1252);
#1262=SHAPE_DEFINITION_REPRESENTATION(#2388,#1263);
#1263=SHAPE_REPRESENTATION('Upper Shell',(#1264),#2383);
#1264=AXIS2_PLACEMENT_3D('',#1706,#1372,#1373);
#1265=AXIS2_PLACEMENT_3D('',#1707,#1374,#1375);
#1266=AXIS2_PLACEMENT_3D('',#1813,#1379,#1380);
#1267=AXIS2_PLACEMENT_3D('',#1815,#1381,#1382);
#1268=AXIS2_PLACEMENT_3D('',#1817,#1383,#1384);
#1269=AXIS2_PLACEMENT_3D('',#1821,#1386,#1387);
#1270=AXIS2_PLACEMENT_3D('',#1822,#1388,#1389);
#1271=AXIS2_PLACEMENT_3D('',#1831,#1394,#1395);
#1272=AXIS2_PLACEMENT_3D('',#1848,#1404,#1405);
#1273=AXIS2_PLACEMENT_3D('',#1852,#1407,#1408);
#1274=AXIS2_PLACEMENT_3D('',#1872,#1418,#1419);
#1275=AXIS2_PLACEMENT_3D('',#1873,#1420,#1421);
#1276=AXIS2_PLACEMENT_3D('',#1874,#1422,#1423);
#1277=AXIS2_PLACEMENT_3D('',#1879,#1425,#1426);
#1278=AXIS2_PLACEMENT_3D('',#1880,#1427,#1428);
#1279=AXIS2_PLACEMENT_3D('',#1881,#1429,#1430);
#1280=AXIS2_PLACEMENT_3D('',#1886,#1433,#1434);
#1281=AXIS2_PLACEMENT_3D('',#1887,#1435,#1436);
#1282=AXIS2_PLACEMENT_3D('',#1892,#1438,#1439);
#1283=AXIS2_PLACEMENT_3D('',#1896,#1441,#1442);
#1284=AXIS2_PLACEMENT_3D('',#1897,#1443,#1444);
#1285=AXIS2_PLACEMENT_3D('',#1898,#1445,#1446);
#1286=AXIS2_PLACEMENT_3D('',#1899,#1447,#1448);
#1287=AXIS2_PLACEMENT_3D('',#1900,#1449,#1450);
#1288=AXIS2_PLACEMENT_3D('',#1901,#1451,#1452);
#1289=AXIS2_PLACEMENT_3D('',#1903,#1454,#1455);
#1290=AXIS2_PLACEMENT_3D('',#1906,#1457,#1458);
#1291=AXIS2_PLACEMENT_3D('',#1907,#1459,#1460);
#1292=AXIS2_PLACEMENT_3D('',#1908,#1461,#1462);
#1293=AXIS2_PLACEMENT_3D('',#1910,#1463,#1464);
#1294=AXIS2_PLACEMENT_3D('',#1911,#1465,#1466);
#1295=AXIS2_PLACEMENT_3D('',#1913,#1467,#1468);
#1296=AXIS2_PLACEMENT_3D('',#1932,#1479,#1480);
#1297=AXIS2_PLACEMENT_3D('',#1940,#1485,#1486);
#1298=AXIS2_PLACEMENT_3D('',#1961,#1487,#1488);
#1299=AXIS2_PLACEMENT_3D('',#1963,#1489,#1490);
#1300=AXIS2_PLACEMENT_3D('',#1965,#1491,#1492);
#1301=AXIS2_PLACEMENT_3D('',#1967,#1493,#1494);
#1302=AXIS2_PLACEMENT_3D('',#1972,#1496,#1497);
#1303=AXIS2_PLACEMENT_3D('',#1983,#1504,#1505);
#1304=AXIS2_PLACEMENT_3D('',#1988,#1509,#1510);
#1305=AXIS2_PLACEMENT_3D('',#1995,#1515,#1516);
#1306=AXIS2_PLACEMENT_3D('',#2001,#1520,#1521);
#1307=AXIS2_PLACEMENT_3D('',#2005,#1524,#1525);
#1308=AXIS2_PLACEMENT_3D('',#2033,#1539,#1540);
#1309=AXIS2_PLACEMENT_3D('',#2056,#1554,#1555);
#1310=AXIS2_PLACEMENT_3D('',#2063,#1559,#1560);
#1311=AXIS2_PLACEMENT_3D('',#2066,#1562,#1563);
#1312=AXIS2_PLACEMENT_3D('',#2067,#1564,#1565);
#1313=AXIS2_PLACEMENT_3D('',#2070,#1567,#1568);
#1314=AXIS2_PLACEMENT_3D('',#2071,#1569,#1570);
#1315=AXIS2_PLACEMENT_3D('',#2075,#1573,#1574);
#1316=AXIS2_PLACEMENT_3D('',#2076,#1575,#1576);
#1317=AXIS2_PLACEMENT_3D('',#2080,#1578,#1579);
#1318=AXIS2_PLACEMENT_3D('',#2081,#1580,#1581);
#1319=AXIS2_PLACEMENT_3D('',#2085,#1584,#1585);
#1320=AXIS2_PLACEMENT_3D('',#2088,#1587,#1588);
#1321=AXIS2_PLACEMENT_3D('',#2089,#1589,#1590);
#1322=AXIS2_PLACEMENT_3D('',#2092,#1592,#1593);
#1323=AXIS2_PLACEMENT_3D('',#2093,#1594,#1595);
#1324=AXIS2_PLACEMENT_3D('',#2096,#1597,#1598);
#1325=AXIS2_PLACEMENT_3D('',#2101,#1601,#1602);
#1326=AXIS2_PLACEMENT_3D('',#2102,#1603,#1604);
#1327=AXIS2_PLACEMENT_3D('',#2103,#1605,#1606);
#1328=AXIS2_PLACEMENT_3D('',#2104,#1607,#1608);
#1329=AXIS2_PLACEMENT_3D('',#2106,#1610,#1611);
#1330=AXIS2_PLACEMENT_3D('',#2107,#1612,#1613);
#1331=AXIS2_PLACEMENT_3D('',#2109,#1615,#1616);
#1332=AXIS2_PLACEMENT_3D('',#2110,#1617,#1618);
#1333=AXIS2_PLACEMENT_3D('',#2111,#1619,#1620);
#1334=AXIS2_PLACEMENT_3D('',#2112,#1621,#1622);
#1335=AXIS2_PLACEMENT_3D('',#2113,#1623,#1624);
#1336=AXIS2_PLACEMENT_3D('',#2115,#1626,#1627);
#1337=AXIS2_PLACEMENT_3D('',#2119,#1630,#1631);
#1338=AXIS2_PLACEMENT_3D('',#2121,#1633,#1634);
#1339=AXIS2_PLACEMENT_3D('',#2122,#1635,#1636);
#1340=AXIS2_PLACEMENT_3D('',#2123,#1637,#1638);
#1341=AXIS2_PLACEMENT_3D('',#2124,#1639,#1640);
#1342=AXIS2_PLACEMENT_3D('',#2125,#1641,#1642);
#1343=AXIS2_PLACEMENT_3D('',#2126,#1643,#1644);
#1344=AXIS2_PLACEMENT_3D('',#2127,#1645,#1646);
#1345=AXIS2_PLACEMENT_3D('',#2129,#1648,#1649);
#1346=AXIS2_PLACEMENT_3D('',#2130,#1650,#1651);
#1347=AXIS2_PLACEMENT_3D('',#2133,#1654,#1655);
#1348=AXIS2_PLACEMENT_3D('',#2135,#1657,#1658);
#1349=AXIS2_PLACEMENT_3D('',#2137,#1660,#1661);
#1350=AXIS2_PLACEMENT_3D('',#2138,#1662,#1663);
#1351=AXIS2_PLACEMENT_3D('',#2166,#1664,#1665);
#1352=AXIS2_PLACEMENT_3D('',#2266,#1666,#1667);
#1353=AXIS2_PLACEMENT_3D('',#2267,#1668,#1669);
#1354=AXIS2_PLACEMENT_3D('',#2268,#1670,#1671);
#1355=AXIS2_PLACEMENT_3D('',#2269,#1672,#1673);
#1356=AXIS2_PLACEMENT_3D('',#2270,#1674,#1675);
#1357=AXIS2_PLACEMENT_3D('',#2271,#1676,#1677);
#1358=AXIS2_PLACEMENT_3D('',#2272,#1678,#1679);
#1359=AXIS2_PLACEMENT_3D('',#2273,#1680,#1681);
#1360=AXIS2_PLACEMENT_3D('',#2274,#1682,#1683);
#1361=AXIS2_PLACEMENT_3D('',#2275,#1684,#1685);
#1362=AXIS2_PLACEMENT_3D('',#2276,#1686,#1687);
#1363=AXIS2_PLACEMENT_3D('',#2277,#1688,#1689);
#1364=AXIS2_PLACEMENT_3D('',#2278,#1690,#1691);
#1365=AXIS2_PLACEMENT_3D('',#2279,#1692,#1693);
#1366=AXIS2_PLACEMENT_3D('',#2280,#1694,#1695);
#1367=AXIS2_PLACEMENT_3D('',#2281,#1696,#1697);
#1368=AXIS2_PLACEMENT_3D('',#2282,#1698,#1699);
#1369=AXIS2_PLACEMENT_3D('',#2283,#1700,#1701);
#1370=AXIS2_PLACEMENT_3D('',#2284,#1702,#1703);
#1371=AXIS2_PLACEMENT_3D('',#2285,#1704,#1705);
#1372=DIRECTION('',(0.,0.,1.));
#1373=DIRECTION('',(1.,0.,0.));
#1374=DIRECTION('',(-1.26112372572051E-16,0.,1.));
#1375=DIRECTION('',(1.,0.,1.26112372572051E-16));
#1376=DIRECTION('',(-1.26112372572051E-16,0.,1.));
#1377=DIRECTION('',(-1.26112372572051E-16,0.,1.));
#1378=DIRECTION('',(-1.26112372572051E-16,0.,1.));
#1379=DIRECTION('',(0.,0.,-1.));
#1380=DIRECTION('',(-1.,0.,0.));
#1381=DIRECTION('',(0.,0.,1.));
#1382=DIRECTION('',(1.,0.,0.));
#1383=DIRECTION('',(0.,0.,1.));
#1384=DIRECTION('',(1.,0.,0.));
#1385=DIRECTION('',(-1.26112372572051E-16,0.,1.));
#1386=DIRECTION('',(-1.26112372572051E-16,0.,1.));
#1387=DIRECTION('',(1.,0.,1.26112372572051E-16));
#1388=DIRECTION('',(0.,-1.,0.));
#1389=DIRECTION('',(0.,0.,-1.));
#1390=DIRECTION('',(1.,0.,-1.21380068289922E-16));
#1391=DIRECTION('',(-1.21806212473503E-16,0.,-1.));
#1392=DIRECTION('',(1.,0.,0.));
#1393=DIRECTION('',(-1.21806212473503E-16,0.,-1.));
#1394=DIRECTION('',(0.,-1.,0.));
#1395=DIRECTION('',(0.,0.,-1.));
#1396=DIRECTION('',(1.,0.,0.));
#1397=DIRECTION('',(-1.21806212473503E-16,0.,-1.));
#1398=DIRECTION('',(1.,0.,-1.21380068289922E-16));
#1399=DIRECTION('',(0.,0.,-1.));
#1400=DIRECTION('',(1.,0.,0.));
#1401=DIRECTION('',(0.,0.,-1.));
#1402=DIRECTION('',(-1.,0.,0.));
#1403=DIRECTION('',(0.,0.,-1.));
#1404=DIRECTION('',(0.,0.,1.));
#1405=DIRECTION('',(1.,0.,0.));
#1406=DIRECTION('',(1.,0.,0.));
#1407=DIRECTION('',(0.,0.,1.));
#1408=DIRECTION('',(1.,0.,0.));
#1409=DIRECTION('',(1.,0.,0.));
#1410=DIRECTION('',(0.,1.,0.));
#1411=DIRECTION('',(-1.,0.,0.));
#1412=DIRECTION('',(0.998342648179792,0.057549603172921,0.));
#1413=DIRECTION('',(1.,0.,0.));
#1414=DIRECTION('',(0.,-1.,0.));
#1415=DIRECTION('',(-1.,0.,0.));
#1416=DIRECTION('',(0.,1.,0.));
#1417=DIRECTION('',(1.,0.,0.));
#1418=DIRECTION('',(0.,0.,1.));
#1419=DIRECTION('',(1.,0.,0.));
#1420=DIRECTION('',(-1.21380068289922E-16,0.,-1.));
#1421=DIRECTION('',(-1.,0.,1.21380068289922E-16));
#1422=DIRECTION('',(1.21806212473503E-16,0.,1.));
#1423=DIRECTION('',(1.,0.,-1.21806212473503E-16));
#1424=DIRECTION('',(-1.,0.,1.21380068289922E-16));
#1425=DIRECTION('',(1.21806212473503E-16,0.,1.));
#1426=DIRECTION('',(1.,0.,-1.21806212473503E-16));
#1427=DIRECTION('',(-1.21380068289922E-16,0.,-1.));
#1428=DIRECTION('',(-1.,0.,1.21380068289922E-16));
#1429=DIRECTION('',(-1.21380068289922E-16,0.,-1.));
#1430=DIRECTION('',(-1.,0.,1.21380068289922E-16));
#1431=DIRECTION('',(-1.,0.,1.21380068289922E-16));
#1432=DIRECTION('',(0.,1.,0.));
#1433=DIRECTION('',(-1.21380068289922E-16,0.,-1.));
#1434=DIRECTION('',(-1.,0.,1.21380068289922E-16));
#1435=DIRECTION('',(1.21806212473503E-16,0.,1.));
#1436=DIRECTION('',(1.,0.,-1.21806212473503E-16));
#1437=DIRECTION('',(-1.,0.,1.21380068289922E-16));
#1438=DIRECTION('',(1.21806212473503E-16,0.,1.));
#1439=DIRECTION('',(1.,0.,-1.21806212473503E-16));
#1440=DIRECTION('',(0.,-1.,0.));
#1441=DIRECTION('',(1.21806212473503E-16,0.,1.));
#1442=DIRECTION('',(1.,0.,-1.21806212473503E-16));
#1443=DIRECTION('',(0.,-0.64278760968654,-0.766044443118978));
#1444=DIRECTION('',(0.,0.766044443118978,-0.64278760968654));
#1445=DIRECTION('',(0.,-0.64278760968654,-0.766044443118978));
#1446=DIRECTION('',(-1.89496827004651E-16,0.766044443118978,-0.64278760968654));
#1447=DIRECTION('',(0.,-0.64278760968654,-0.766044443118978));
#1448=DIRECTION('',(-1.89496827004651E-16,0.766044443118978,-0.64278760968654));
#1449=DIRECTION('',(0.,-0.64278760968654,-0.766044443118978));
#1450=DIRECTION('',(0.,0.766044443118978,-0.64278760968654));
#1451=DIRECTION('',(0.,-0.64278760968654,-0.766044443118978));
#1452=DIRECTION('',(-1.89496827004651E-16,0.766044443118978,-0.64278760968654));
#1453=DIRECTION('',(0.,0.766044443118978,-0.64278760968654));
#1454=DIRECTION('',(0.,-0.64278760968654,-0.766044443118978));
#1455=DIRECTION('',(0.,0.766044443118978,-0.64278760968654));
#1456=DIRECTION('',(0.,-0.766044443118978,0.64278760968654));
#1457=DIRECTION('',(0.,-0.64278760968654,-0.766044443118978));
#1458=DIRECTION('',(-1.89496827004651E-16,0.766044443118978,-0.64278760968654));
#1459=DIRECTION('',(-1.21806212473503E-16,0.,-1.));
#1460=DIRECTION('',(-1.,0.,1.21806212473503E-16));
#1461=DIRECTION('',(1.21806212473503E-16,0.,1.));
#1462=DIRECTION('',(1.,0.,-1.21806212473503E-16));
#1463=DIRECTION('',(-1.21806212473503E-16,0.,-1.));
#1464=DIRECTION('',(-1.,0.,1.21806212473503E-16));
#1465=DIRECTION('',(1.21806212473503E-16,0.,1.));
#1466=DIRECTION('',(1.,0.,-1.21806212473503E-16));
#1467=DIRECTION('',(1.,0.,0.));
#1468=DIRECTION('',(0.,1.,0.));
#1469=DIRECTION('',(-1.21806212473503E-16,0.,-1.));
#1470=DIRECTION('',(-1.21806212473503E-16,0.,-1.));
#1471=DIRECTION('',(0.,-1.,0.));
#1472=DIRECTION('',(-1.21806212473503E-16,0.,-1.));
#1473=DIRECTION('',(0.,0.,-1.));
#1474=DIRECTION('',(0.,-1.,0.));
#1475=DIRECTION('',(0.,0.,-1.));
#1476=DIRECTION('',(0.,1.,0.));
#1477=DIRECTION('',(-1.5419764230905E-15,0.,-1.));
#1478=DIRECTION('',(0.,-1.,0.));
#1479=DIRECTION('',(-1.,0.,0.));
#1480=DIRECTION('',(0.,-1.,0.));
#1481=DIRECTION('',(0.,1.,0.));
#1482=DIRECTION('',(0.,0.,-1.));
#1483=DIRECTION('',(0.,1.,0.));
#1484=DIRECTION('',(0.,0.,1.));
#1485=DIRECTION('',(0.,-1.,0.));
#1486=DIRECTION('',(0.,0.,-1.));
#1487=DIRECTION('',(0.,-1.,0.));
#1488=DIRECTION('',(0.,0.,-1.));
#1489=DIRECTION('',(0.,1.,0.));
#1490=DIRECTION('',(0.,0.,1.));
#1491=DIRECTION('',(0.,1.,0.));
#1492=DIRECTION('',(0.,0.,1.));
#1493=DIRECTION('',(0.,1.,0.));
#1494=DIRECTION('',(0.,0.,1.));
#1495=DIRECTION('',(0.,0.,-1.));
#1496=DIRECTION('',(0.,1.,0.));
#1497=DIRECTION('',(0.,0.,1.));
#1498=DIRECTION('',(0.,0.,1.));
#1499=DIRECTION('',(1.,0.,0.));
#1500=DIRECTION('',(-1.,0.,0.));
#1501=DIRECTION('',(0.,0.,-1.));
#1502=DIRECTION('',(0.,0.,-1.));
#1503=DIRECTION('',(-1.,0.,0.));
#1504=DIRECTION('',(0.,0.,1.));
#1505=DIRECTION('',(1.,0.,0.));
#1506=DIRECTION('',(0.,1.,0.));
#1507=DIRECTION('',(1.,0.,0.));
#1508=DIRECTION('',(0.,1.,0.));
#1509=DIRECTION('',(0.,0.,1.));
#1510=DIRECTION('',(1.,0.,0.));
#1511=DIRECTION('',(0.998342648179792,0.0575496031729211,0.));
#1512=DIRECTION('',(-1.,0.,0.));
#1513=DIRECTION('',(1.,0.,0.));
#1514=DIRECTION('',(0.,1.,0.));
#1515=DIRECTION('',(0.,0.,-1.));
#1516=DIRECTION('',(-1.,0.,0.));
#1517=DIRECTION('',(0.,1.,0.));
#1518=DIRECTION('',(0.,1.,0.));
#1519=DIRECTION('',(-1.,0.,0.));
#1520=DIRECTION('',(0.,-1.,0.));
#1521=DIRECTION('',(1.,0.,0.));
#1522=DIRECTION('',(-1.21806212473503E-16,0.,-1.));
#1523=DIRECTION('',(1.,0.,-1.21806212473503E-16));
#1524=DIRECTION('',(0.,-1.,0.));
#1525=DIRECTION('',(0.,0.,-1.));
#1526=DIRECTION('',(0.0697564737441253,0.,-0.997564050259824));
#1527=DIRECTION('',(-0.0697564737441251,0.,-0.997564050259824));
#1528=DIRECTION('',(-1.,0.,1.09045061454838E-16));
#1529=DIRECTION('',(1.21806212473503E-16,0.,1.));
#1530=DIRECTION('',(1.,0.,-1.21806212473503E-16));
#1531=DIRECTION('',(1.21806212473503E-16,0.,1.));
#1532=DIRECTION('',(-1.,0.,1.09045061454838E-16));
#1533=DIRECTION('',(1.21806212473503E-16,0.,1.));
#1534=DIRECTION('',(1.,0.,-1.21806212473503E-16));
#1535=DIRECTION('',(1.21806212473503E-16,0.,1.));
#1536=DIRECTION('',(-1.,0.,1.09045061454838E-16));
#1537=DIRECTION('',(-0.0697564737441263,0.,0.997564050259824));
#1538=DIRECTION('',(0.0697564737441247,0.,0.997564050259824));
#1539=DIRECTION('',(0.,-1.,0.));
#1540=DIRECTION('',(0.,0.,-1.));
#1541=DIRECTION('',(1.,0.,0.));
#1542=DIRECTION('',(0.,0.,1.));
#1543=DIRECTION('',(0.,0.,1.));
#1544=DIRECTION('',(-1.21806212473503E-16,0.,-1.));
#1545=DIRECTION('',(1.,0.,-1.21806212473503E-16));
#1546=DIRECTION('',(-1.21806212473503E-16,0.,-1.));
#1547=DIRECTION('',(-1.21806212473503E-16,0.,-1.));
#1548=DIRECTION('',(1.,0.,-1.21806212473503E-16));
#1549=DIRECTION('',(-1.21806212473503E-16,0.,-1.));
#1550=DIRECTION('',(-1.,0.,1.21380068289922E-16));
#1551=DIRECTION('',(-1.21806212473503E-16,0.,-1.));
#1552=DIRECTION('',(1.,0.,-1.21806212473503E-16));
#1553=DIRECTION('',(-1.21806212473503E-16,0.,-1.));
#1554=DIRECTION('',(-0.997564050259824,0.,-0.0697564737441263));
#1555=DIRECTION('',(-0.0697564737441263,0.,0.997564050259824));
#1556=DIRECTION('',(0.0449027519863284,0.765271782164226,-0.642139270164381));
#1557=DIRECTION('',(0.,1.,0.));
#1558=DIRECTION('',(-0.0697557766384306,-0.00447065306928241,0.997554081183924));
#1559=DIRECTION('',(-0.997564050259824,0.,-0.0697564737441263));
#1560=DIRECTION('',(-0.0697564737441263,0.,0.997564050259824));
#1561=DIRECTION('',(0.,1.,0.));
#1562=DIRECTION('',(0.,1.,0.));
#1563=DIRECTION('',(0.,0.,1.));
#1564=DIRECTION('',(8.35333633770458E-17,0.642787609686539,0.766044443118978));
#1565=DIRECTION('',(-7.00928144006769E-17,0.766044443118978,-0.642787609686539));
#1566=DIRECTION('',(0.,1.,0.));
#1567=DIRECTION('',(0.0639588545193651,-0.997952536410711,8.06600289042781E-18));
#1568=DIRECTION('',(0.997952536410711,0.0639588545193651,1.25854162081051E-16));
#1569=DIRECTION('',(1.26112372572051E-16,0.,-1.));
#1570=DIRECTION('',(-1.,0.,-1.26112372572051E-16));
#1571=DIRECTION('',(1.,-2.80249716826781E-16,1.26112372572051E-16));
#1572=DIRECTION('',(0.,1.,0.));
#1573=DIRECTION('',(0.,1.,0.));
#1574=DIRECTION('',(0.,0.,1.));
#1575=DIRECTION('',(8.35333633770458E-17,0.642787609686539,0.766044443118978));
#1576=DIRECTION('',(-7.00928144006769E-17,0.766044443118978,-0.642787609686539));
#1577=DIRECTION('',(0.,1.,0.));
#1578=DIRECTION('',(0.00947293895185622,0.99995513070718,1.19465480644879E-18));
#1579=DIRECTION('',(-0.99995513070718,0.00947293895185622,-1.26106713999078E-16));
#1580=DIRECTION('',(0.997564050259824,0.,-0.0697564737441251));
#1581=DIRECTION('',(-0.0697564737441251,0.,-0.997564050259824));
#1582=DIRECTION('',(0.0449027519863276,-0.765271782164226,0.642139270164382));
#1583=DIRECTION('',(0.,1.,0.));
#1584=DIRECTION('',(0.997564050259824,0.,-0.0697564737441251));
#1585=DIRECTION('',(0.0697564737441251,0.,0.997564050259824));
#1586=DIRECTION('',(0.0697564585130041,-0.000660828323890949,0.997563832444646));
#1587=DIRECTION('',(0.,1.,0.));
#1588=DIRECTION('',(0.,0.,1.));
#1589=DIRECTION('',(0.0639588545193651,-0.997952536410711,8.06600289042781E-18));
#1590=DIRECTION('',(0.997952536410711,0.0639588545193651,1.25854162081051E-16));
#1591=DIRECTION('',(0.,1.,0.));
#1592=DIRECTION('',(-0.997564050259824,0.,0.0697564737441247));
#1593=DIRECTION('',(0.0697564737441247,0.,0.997564050259824));
#1594=DIRECTION('',(-0.997564050259824,0.,0.0697564737441247));
#1595=DIRECTION('',(0.0697564737441247,0.,0.997564050259824));
#1596=DIRECTION('',(0.069755776638429,0.00447065306928232,0.997554081183924));
#1597=DIRECTION('',(0.997564050259824,0.,0.0697564737441253));
#1598=DIRECTION('',(0.0697564737441253,0.,-0.997564050259824));
#1599=DIRECTION('',(0.,1.,0.));
#1600=DIRECTION('',(-0.0697564585130043,0.000660828323890948,0.997563832444646));
#1601=DIRECTION('',(0.997564050259824,0.,0.0697564737441253));
#1602=DIRECTION('',(-0.0697564737441253,0.,0.997564050259824));
#1603=DIRECTION('',(0.,1.,0.));
#1604=DIRECTION('',(0.,0.,1.));
#1605=DIRECTION('',(0.00947293895185622,0.99995513070718,1.19465480644879E-18));
#1606=DIRECTION('',(-0.99995513070718,0.00947293895185622,-1.26106713999078E-16));
#1607=DIRECTION('',(-1.26112372572051E-16,0.,1.));
#1608=DIRECTION('',(1.,0.,1.26112372572051E-16));
#1609=DIRECTION('',(-1.26112372572051E-16,0.,1.));
#1610=DIRECTION('',(0.00947293895185622,0.99995513070718,1.19465480644879E-18));
#1611=DIRECTION('',(-0.99995513070718,0.00947293895185622,0.));
#1612=DIRECTION('',(-1.26112372572051E-16,0.,1.));
#1613=DIRECTION('',(1.,0.,1.26112372572051E-16));
#1614=DIRECTION('',(-1.26112372572051E-16,0.,1.));
#1615=DIRECTION('',(0.0639588545193651,-0.997952536410711,8.06600289042781E-18));
#1616=DIRECTION('',(0.997952536410711,0.0639588545193651,0.));
#1617=DIRECTION('',(8.35333633770458E-17,0.642787609686539,0.766044443118978));
#1618=DIRECTION('',(-2.9574720877831E-16,-0.766044443118978,0.642787609686539));
#1619=DIRECTION('',(8.35333633770458E-17,0.642787609686539,0.766044443118978));
#1620=DIRECTION('',(-8.99456410985789E-17,0.766044443118978,-0.642787609686539));
#1621=DIRECTION('',(8.35333633770458E-17,0.642787609686539,0.766044443118978));
#1622=DIRECTION('',(-8.99456410985789E-17,0.766044443118978,-0.642787609686539));
#1623=DIRECTION('',(0.057549603172921,-0.998342648179792,0.));
#1624=DIRECTION('',(0.998342648179792,0.057549603172921,0.));
#1625=DIRECTION('',(0.,0.,-1.));
#1626=DIRECTION('',(0.,0.,1.));
#1627=DIRECTION('',(1.,0.,0.));
#1628=DIRECTION('',(-1.,0.,0.));
#1629=DIRECTION('',(0.,-1.,0.));
#1630=DIRECTION('',(0.,1.,0.));
#1631=DIRECTION('',(-1.,0.,0.));
#1632=DIRECTION('',(0.,0.,-1.));
#1633=DIRECTION('',(-1.,0.,0.));
#1634=DIRECTION('',(0.,0.,1.));
#1635=DIRECTION('',(0.,-1.,0.));
#1636=DIRECTION('',(0.,0.,-1.));
#1637=DIRECTION('',(-1.21380068289922E-16,0.,-1.));
#1638=DIRECTION('',(-1.,0.,1.21380068289922E-16));
#1639=DIRECTION('',(-1.21380068289922E-16,0.,-1.));
#1640=DIRECTION('',(-1.,0.,1.21380068289922E-16));
#1641=DIRECTION('',(-1.21380068289922E-16,0.,-1.));
#1642=DIRECTION('',(-1.,0.,1.21380068289922E-16));
#1643=DIRECTION('',(-1.,0.,0.));
#1644=DIRECTION('',(0.,0.,1.));
#1645=DIRECTION('',(-1.,0.,0.));
#1646=DIRECTION('',(0.,0.,1.));
#1647=DIRECTION('',(0.,1.,0.));
#1648=DIRECTION('',(0.,0.,1.));
#1649=DIRECTION('',(1.,0.,0.));
#1650=DIRECTION('',(1.,0.,0.));
#1651=DIRECTION('',(0.,0.,-1.));
#1652=DIRECTION('',(0.,1.,0.));
#1653=DIRECTION('',(0.,1.,0.));
#1654=DIRECTION('',(0.,1.,0.));
#1655=DIRECTION('',(0.,0.,1.));
#1656=DIRECTION('',(0.,1.,0.));
#1657=DIRECTION('',(-1.,0.,0.));
#1658=DIRECTION('',(0.,0.,1.));
#1659=DIRECTION('',(0.,1.,0.));
#1660=DIRECTION('',(0.,1.,0.));
#1661=DIRECTION('',(0.,0.,1.));
#1662=DIRECTION('',(0.,1.,0.));
#1663=DIRECTION('',(0.,0.,1.));
#1664=DIRECTION('',(0.,1.,0.));
#1665=DIRECTION('',(0.,0.,1.));
#1666=DIRECTION('',(1.21806212473503E-16,0.,1.));
#1667=DIRECTION('',(1.,0.,-1.21806212473503E-16));
#1668=DIRECTION('',(1.21806212473503E-16,0.,1.));
#1669=DIRECTION('',(1.,0.,-1.21806212473503E-16));
#1670=DIRECTION('',(1.21806212473503E-16,0.,1.));
#1671=DIRECTION('',(1.,0.,-1.21806212473503E-16));
#1672=DIRECTION('',(1.21806212473503E-16,0.,1.));
#1673=DIRECTION('',(1.,0.,-1.21806212473503E-16));
#1674=DIRECTION('',(1.21806212473503E-16,0.,1.));
#1675=DIRECTION('',(1.,0.,-1.21806212473503E-16));
#1676=DIRECTION('',(1.21806212473503E-16,0.,1.));
#1677=DIRECTION('',(1.,0.,-1.21806212473503E-16));
#1678=DIRECTION('',(-1.21806212473503E-16,0.,-1.));
#1679=DIRECTION('',(-1.,0.,1.21806212473503E-16));
#1680=DIRECTION('',(1.21806212473503E-16,0.,1.));
#1681=DIRECTION('',(1.,0.,-1.21806212473503E-16));
#1682=DIRECTION('',(-1.21806212473503E-16,0.,-1.));
#1683=DIRECTION('',(-1.,0.,1.21806212473503E-16));
#1684=DIRECTION('',(1.21806212473503E-16,0.,1.));
#1685=DIRECTION('',(1.,0.,-1.21806212473503E-16));
#1686=DIRECTION('',(1.21806212473503E-16,0.,1.));
#1687=DIRECTION('',(1.,0.,-1.21806212473503E-16));
#1688=DIRECTION('',(1.21806212473503E-16,0.,1.));
#1689=DIRECTION('',(1.,0.,-1.21806212473503E-16));
#1690=DIRECTION('',(1.21806212473503E-16,0.,1.));
#1691=DIRECTION('',(1.,0.,-1.21806212473503E-16));
#1692=DIRECTION('',(-1.21806212473503E-16,0.,-1.));
#1693=DIRECTION('',(-1.,0.,1.21806212473503E-16));
#1694=DIRECTION('',(-1.21806212473503E-16,0.,-1.));
#1695=DIRECTION('',(-1.,0.,1.21806212473503E-16));
#1696=DIRECTION('',(1.21806212473503E-16,0.,1.));
#1697=DIRECTION('',(1.,0.,-1.21806212473503E-16));
#1698=DIRECTION('',(-1.21806212473503E-16,0.,-1.));
#1699=DIRECTION('',(-1.,0.,1.21806212473503E-16));
#1700=DIRECTION('',(1.21806212473503E-16,0.,1.));
#1701=DIRECTION('',(1.,0.,-1.21806212473503E-16));
#1702=DIRECTION('',(1.21806212473503E-16,0.,1.));
#1703=DIRECTION('',(1.,0.,-1.21806212473503E-16));
#1704=DIRECTION('',(3.38327478647246E-14,1.,-2.07165831894472E-30));
#1705=DIRECTION('',(-1.,3.38327478647246E-14,0.));
#1706=CARTESIAN_POINT('',(0.,0.,0.));
#1707=CARTESIAN_POINT('',(0.0399692175773823,1.48280860214831,-0.0318808930441737));
#1708=CARTESIAN_POINT('',(0.110180051379771,-0.0314354223220089,-0.0216131848196595));
#1709=CARTESIAN_POINT('',(0.109932622370847,-0.0314468493054392,-0.0204663970386114));
#1710=CARTESIAN_POINT('',(0.110154858431972,-0.0314365842868357,-0.0193269521572013));
#1711=CARTESIAN_POINT('',(0.11076872017538,-0.031408061213968,-0.0183542788067109));
#1712=CARTESIAN_POINT('',(0.111726803124223,-0.0313630185763971,-0.0176952907744529));
#1713=CARTESIAN_POINT('',(0.112868399053956,-0.0313085093303328,-0.0174365614089944));
#1714=CARTESIAN_POINT('',(0.114012000129615,-0.0312529969044988,-0.0176457951468624));
#1715=CARTESIAN_POINT('',(0.115001643987954,-0.0312042215439549,-0.0182679793801843));
#1716=CARTESIAN_POINT('',(0.115663329877766,-0.0311712277918342,-0.0192258339568685));
#1717=CARTESIAN_POINT('',(0.115924145333443,-0.031158141049846,-0.0203714836251941));
#1718=CARTESIAN_POINT('',(0.11571311429673,-0.031168733690007,-0.0215147844704861));
#1719=CARTESIAN_POINT('',(0.115087794713947,-0.0311999425804979,-0.0225024156034323));
#1720=CARTESIAN_POINT('',(0.114129777688736,-0.0312472287227809,-0.0231618279846174));
#1721=CARTESIAN_POINT('',(0.112987913248804,-0.0313027506279386,-0.0234204740165787));
#1722=CARTESIAN_POINT('',(0.11184346993438,-0.031357489068402,-0.0232098433095128));
#1723=CARTESIAN_POINT('',(0.110852924998535,-0.0314041292394054,-0.0225861605108045));
#1724=CARTESIAN_POINT('',(0.110180051379771,-0.0314354223220089,-0.0216131848196595));
#1725=CARTESIAN_POINT('',(0.109932622370847,-0.0314468493054392,-0.0204663970386114));
#1726=CARTESIAN_POINT('',(0.110154858431972,-0.0314365842868357,-0.0193269521572013));
#1727=CARTESIAN_POINT('',(0.110010743432351,-0.0314432411701353,-0.0204283773082038));
#1728=CARTESIAN_POINT('',(0.0467435116871166,-0.0330471425449048,-0.0216413766778873));
#1729=CARTESIAN_POINT('',(0.0464903987020686,-0.0330482261876926,-0.020467292043908));
#1730=CARTESIAN_POINT('',(0.0467176762586575,-0.0330472515759533,-0.0193007791733859));
#1731=CARTESIAN_POINT('',(0.0473459980502999,-0.0330443808591442,-0.0183045711126769));
#1732=CARTESIAN_POINT('',(0.0483274287662303,-0.0330393476516423,-0.0176290098051474));
#1733=CARTESIAN_POINT('',(0.0494975661486063,-0.0330324682496639,-0.0173635283697778));
#1734=CARTESIAN_POINT('',(0.0506698299923464,-0.033024625938889,-0.017578051827595));
#1735=CARTESIAN_POINT('',(0.0516837733793894,-0.0330170723225034,-0.0182159427895686));
#1736=CARTESIAN_POINT('',(0.0523612014211765,-0.0330116265310629,-0.0191971805247205));
#1737=CARTESIAN_POINT('',(0.052628043761083,-0.0330093962415205,-0.0203700968789394));
#1738=CARTESIAN_POINT('',(0.0524121108148773,-0.0330112050832645,-0.0215406802487459));
#1739=CARTESIAN_POINT('',(0.0517720204503162,-0.0330163804209331,-0.0225522458908495));
#1740=CARTESIAN_POINT('',(0.0507906980517886,-0.0330237637924283,-0.0232282524386936));
#1741=CARTESIAN_POINT('',(0.0496203399923439,-0.0330316917231821,-0.0234935153420343));
#1742=CARTESIAN_POINT('',(0.0484472688601524,-0.033038686264622,-0.0232774631121361));
#1743=CARTESIAN_POINT('',(0.0474323365240579,-0.0330439661161608,-0.0226381080083843));
#1744=CARTESIAN_POINT('',(0.0467435116871166,-0.0330471425449048,-0.0216413766778873));
#1745=CARTESIAN_POINT('',(0.0464903987020686,-0.0330482261876926,-0.020467292043908));
#1746=CARTESIAN_POINT('',(0.0467176762586575,-0.0330472515759533,-0.0193007791733859));
#1747=CARTESIAN_POINT('',(0.0465703026164055,-0.0330478838073063,-0.0204283773082038));
#1748=CARTESIAN_POINT('',(0.0329333160306749,-0.033046083423355,0.0121651414434535));
#1749=CARTESIAN_POINT('',(0.0341661843820174,-0.0330513232240342,0.0124257821371379));
#1750=CARTESIAN_POINT('',(0.0353882121452588,-0.0330554770632584,0.0121813218184257));
#1751=CARTESIAN_POINT('',(0.0364281715488076,-0.0330582087121373,0.0115191401467494));
#1752=CARTESIAN_POINT('',(0.0371314828262264,-0.0330596236936819,0.0104917636363288));
#1753=CARTESIAN_POINT('',(0.037403204151836,-0.0330600809813133,0.00926812240748136));
#1754=CARTESIAN_POINT('',(0.0371731208028691,-0.0330596975862641,0.00804318872725917));
#1755=CARTESIAN_POINT('',(0.0364985290616389,-0.0330583647459817,0.00698415366479865));
#1756=CARTESIAN_POINT('',(0.0354697304352522,-0.0330557258642385,0.00628020582134958));
#1757=CARTESIAN_POINT('',(0.034241549532311,-0.0330516103363754,0.00600813830926413));
#1758=CARTESIAN_POINT('',(0.0330113356497421,-0.033046438933762,0.00623941454572887));
#1759=CARTESIAN_POINT('',(0.0319546690003955,-0.0330411573220089,0.00691393844376275));
#1760=CARTESIAN_POINT('',(0.0312502954268069,-0.0330372052048993,0.00794420772852535));
#1761=CARTESIAN_POINT('',(0.0309796270002514,-0.033035596965255,0.00916864470119948));
#1762=CARTESIAN_POINT('',(0.0312101132729076,-0.033036969957048,0.0103927501087312));
#1763=CARTESIAN_POINT('',(0.0318846999093613,-0.0330407794495254,0.0114497770269638));
#1764=CARTESIAN_POINT('',(0.0329333160306749,-0.033046083423355,0.0121651414434535));
#1765=CARTESIAN_POINT('',(0.0341661843820174,-0.0330513232240342,0.0124257821371379));
#1766=CARTESIAN_POINT('',(0.0353882121452588,-0.0330554770632584,0.0121813218184257));
#1767=CARTESIAN_POINT('',(0.0342065145619727,-0.0330513028532564,0.0123415795390581));
#1768=CARTESIAN_POINT('',(0.0329333160306749,-0.033046083423355,-0.0155848585565473));
#1769=CARTESIAN_POINT('',(0.0341661843820174,-0.0330513232240342,-0.015324217862862));
#1770=CARTESIAN_POINT('',(0.0353882121452588,-0.0330554770632584,-0.0155686781815743));
#1771=CARTESIAN_POINT('',(0.0364281715488076,-0.0330582087121373,-0.0162308598532508));
#1772=CARTESIAN_POINT('',(0.0371314828262264,-0.0330596236936819,-0.0172582363636724));
#1773=CARTESIAN_POINT('',(0.037403204151836,-0.0330600809813133,-0.0184818775925183));
#1774=CARTESIAN_POINT('',(0.0371731208028691,-0.0330596975862641,-0.0197068112727411));
#1775=CARTESIAN_POINT('',(0.0364985290616389,-0.0330583647459817,-0.0207658463352007));
#1776=CARTESIAN_POINT('',(0.0354697304352521,-0.0330557258642385,-0.0214697941786499));
#1777=CARTESIAN_POINT('',(0.0342415495323116,-0.0330516103363754,-0.0217418616907357));
#1778=CARTESIAN_POINT('',(0.0330113356497397,-0.033046438933762,-0.0215105854542716));
#1779=CARTESIAN_POINT('',(0.0319546690003962,-0.0330411573220089,-0.0208360615562361));
#1780=CARTESIAN_POINT('',(0.0312502954268067,-0.0330372052048993,-0.0198057922714748));
#1781=CARTESIAN_POINT('',(0.0309796270002514,-0.033035596965255,-0.0185813552988009));
#1782=CARTESIAN_POINT('',(0.0312101132729076,-0.033036969957048,-0.0173572498912689));
#1783=CARTESIAN_POINT('',(0.0318846999093613,-0.0330407794495254,-0.0163002229730356));
#1784=CARTESIAN_POINT('',(0.0329333160306749,-0.033046083423355,-0.0155848585565473));
#1785=CARTESIAN_POINT('',(0.0341661843820174,-0.0330513232240342,-0.015324217862862));
#1786=CARTESIAN_POINT('',(0.0353882121452588,-0.0330554770632584,-0.0155686781815743));
#1787=CARTESIAN_POINT('',(0.0342065145619727,-0.0330513028532564,-0.0154084204609419));
#1788=CARTESIAN_POINT('',(0.0403230253001319,-0.0330622152888149,-0.0318808930441737));
#1789=CARTESIAN_POINT('',(0.0403230253001319,-0.0330622152888149,-0.0089583773082038));
#1790=CARTESIAN_POINT('',(0.0403230253001319,-0.0330622152888149,-0.00035837730820379));
#1791=CARTESIAN_POINT('',(0.0280730253001319,-0.0330155766226663,-0.0089583773082038));
#1792=CARTESIAN_POINT('',(0.0280730253001319,-0.0330155766226663,-0.00976760110173902));
#1793=CARTESIAN_POINT('',(0.0283931876294357,-0.033018125679667,-0.0113607456484156));
#1794=CARTESIAN_POINT('',(0.0302055716452653,-0.0330315560215135,-0.0140879153457211));
#1795=CARTESIAN_POINT('',(0.0341899933312909,-0.0330542861178794,-0.0157472610766604));
#1796=CARTESIAN_POINT('',(0.0389944697443702,-0.0330633735699884,-0.0137551648250659));
#1797=CARTESIAN_POINT('',(0.0403230253001319,-0.033062215288815,-0.0105768244088705));
#1798=CARTESIAN_POINT('',(0.0403230253001319,-0.033062215288815,-0.0089583773082038));
#1799=CARTESIAN_POINT('',(0.0280730253001319,-0.0330155766226663,-0.00895837730820379));
#1800=CARTESIAN_POINT('',(0.0280730253001319,-0.0330155766226663,-0.0318808930441737));
#1801=CARTESIAN_POINT('',(0.0280730253001319,-0.0330155766226663,-0.000358377308203791));
#1802=CARTESIAN_POINT('',(0.0403230253001319,-0.0330622152888149,-0.00035837730820379));
#1803=CARTESIAN_POINT('',(0.0403230253001319,-0.0330622152888149,0.000450846329098056));
#1804=CARTESIAN_POINT('',(0.040002864042516,-0.0330623264314058,0.00204399098195179));
#1805=CARTESIAN_POINT('',(0.0381904631342045,-0.0330619562812701,0.00477118653724528));
#1806=CARTESIAN_POINT('',(0.0342059626999767,-0.0330543469167319,0.00643050602795268));
#1807=CARTESIAN_POINT('',(0.0294015789131679,-0.0330268512993115,0.00443838113883528));
#1808=CARTESIAN_POINT('',(0.0280730253001319,-0.0330155766226663,0.00126007043045822));
#1809=CARTESIAN_POINT('',(0.0280730253001319,-0.0330155766226663,-0.000358377308203791));
#1810=CARTESIAN_POINT('',(0.026230877408757,-0.033,-0.0318808930441737));
#1811=CARTESIAN_POINT('',(0.026230885113492,-0.033,-0.0234807461337025));
#1812=CARTESIAN_POINT('',(0.026230877408757,-0.033,0.0137191069558263));
#1813=CARTESIAN_POINT('',(0.0399692175773823,1.48280860214831,-0.0234807461337157));
#1814=CARTESIAN_POINT('',(0.108273944537395,-0.0315225800762082,-0.0234808195889447));
#1815=CARTESIAN_POINT('',(0.0399692175773823,1.48280860214831,-0.0234808930441737));
#1816=CARTESIAN_POINT('',(0.110998278164864,-0.0313972401629201,-0.0234808930441737));
#1817=CARTESIAN_POINT('',(0.0399692175773823,1.48280860214831,-0.0234808930441737));
#1818=CARTESIAN_POINT('',(0.13627390906995,-0.03,-0.0234808930441737));
#1819=CARTESIAN_POINT('',(0.13627390906995,-0.03,-0.0318808930441737));
#1820=CARTESIAN_POINT('',(0.13627390906995,-0.03,0.0137191069558263));
#1821=CARTESIAN_POINT('',(0.0399692175773823,1.48280860214831,0.0137191069558263));
#1822=CARTESIAN_POINT('',(0.0263982781648636,0.004,-0.0084808930441737));
#1823=CARTESIAN_POINT('',(0.0263982781648636,0.004,0.0027191069558263));
#1824=CARTESIAN_POINT('',(0.0346169246869078,0.004,0.00271910695582629));
#1825=CARTESIAN_POINT('',(0.102029631642819,0.004,0.00271910695582629));
#1826=CARTESIAN_POINT('',(0.102029631642819,0.004,0.0137211069558263));
#1827=CARTESIAN_POINT('',(0.102029631642819,0.004,0.00401820151060761));
#1828=CARTESIAN_POINT('',(0.0239957338934499,0.004,0.00401820151060761));
#1829=CARTESIAN_POINT('',(0.0346169246869078,0.004,0.00401820151060761));
#1830=CARTESIAN_POINT('',(0.0346169246869078,0.004,0.0137211069558263));
#1831=CARTESIAN_POINT('',(0.0263982781648636,0.004,-0.0084808930441737));
#1832=CARTESIAN_POINT('',(0.0239957338934499,0.004,0.00401820151060761));
#1833=CARTESIAN_POINT('',(0.111466924686908,0.004,0.00401820151060761));
#1834=CARTESIAN_POINT('',(0.135998278164864,0.004,0.00401820151060761));
#1835=CARTESIAN_POINT('',(0.111466924686908,0.004,0.0137211069558263));
#1836=CARTESIAN_POINT('',(0.111466924686908,0.004,0.00271910695582629));
#1837=CARTESIAN_POINT('',(0.0263982781648636,0.004,0.0027191069558263));
#1838=CARTESIAN_POINT('',(0.112148278164864,0.004,0.00271910695582629));
#1839=CARTESIAN_POINT('',(0.112148278164864,0.004,-0.0084808930441737));
#1840=CARTESIAN_POINT('',(0.112148278164864,0.004,-0.000480893044173704));
#1841=CARTESIAN_POINT('',(0.122498278164864,0.004,-0.000480893044173704));
#1842=CARTESIAN_POINT('',(0.132848278164864,0.004,-0.000480893044173704));
#1843=CARTESIAN_POINT('',(0.132848278164864,0.004,-0.0084808930441737));
#1844=CARTESIAN_POINT('',(0.132848278164864,0.004,0.0027191069558263));
#1845=CARTESIAN_POINT('',(0.0263982781648636,0.004,0.0027191069558263));
#1846=CARTESIAN_POINT('',(0.135998278164864,0.004,0.0027191069558263));
#1847=CARTESIAN_POINT('',(0.135998278164864,0.004,0.0095191069558263));
#1848=CARTESIAN_POINT('',(0.0796982781648636,-0.0129250003811626,0.0095191069558263));
#1849=CARTESIAN_POINT('',(0.0239957338934499,-0.00255572382686041,0.0095191069558263));
#1850=CARTESIAN_POINT('',(0.0322458312342054,-0.00255572382686041,0.0095191069558263));
#1851=CARTESIAN_POINT('',(0.104400725095522,-0.00255572382686041,0.0095191069558263));
#1852=CARTESIAN_POINT('',(0.106748278164864,0.002,0.0095191069558263));
#1853=CARTESIAN_POINT('',(0.109095831234205,-0.00255572382686041,0.0095191069558263));
#1854=CARTESIAN_POINT('',(0.0239957338934499,-0.00255572382686041,0.0095191069558263));
#1855=CARTESIAN_POINT('',(0.135998278164864,-0.00255572382686041,0.0095191069558263));
#1856=CARTESIAN_POINT('',(0.135998278164864,-0.0703,0.0095191069558263));
#1857=CARTESIAN_POINT('',(0.135998278164864,-0.02920496495002,0.0095191069558263));
#1858=CARTESIAN_POINT('',(0.135998278164864,-0.02920496495002,0.0095191069558263));
#1859=CARTESIAN_POINT('',(0.132998278164864,-0.02920496495002,0.0095191069558263));
#1860=CARTESIAN_POINT('',(0.127403393704126,-0.0295274828561726,0.0095191069558263));
#1861=CARTESIAN_POINT('',(0.121808509243388,-0.0298500007623252,0.0095191069558263));
#1862=CARTESIAN_POINT('',(0.0263982781648636,-0.0298500007623253,0.0095191069558263));
#1863=CARTESIAN_POINT('',(0.0417482781648636,-0.0298500007623253,0.0095191069558263));
#1864=CARTESIAN_POINT('',(0.0417482781648636,-0.0129250003811626,0.0095191069558263));
#1865=CARTESIAN_POINT('',(0.0417482781648636,-0.0170500007623253,0.0095191069558263));
#1866=CARTESIAN_POINT('',(0.0796982781648636,-0.0170500007623253,0.0095191069558263));
#1867=CARTESIAN_POINT('',(0.0263982781648636,-0.0170500007623253,0.0095191069558263));
#1868=CARTESIAN_POINT('',(0.0263982781648636,-0.0703,0.0095191069558263));
#1869=CARTESIAN_POINT('',(0.0263982781648636,-0.00255572382686041,0.0095191069558263));
#1870=CARTESIAN_POINT('',(0.0239957338934499,-0.00255572382686041,0.0095191069558263));
#1871=CARTESIAN_POINT('',(0.0275507250955218,-0.00255572382686041,0.0095191069558263));
#1872=CARTESIAN_POINT('',(0.0298982781648636,0.002,0.0095191069558263));
#1873=CARTESIAN_POINT('',(0.0692732781648636,0.0005,0.0027191069558263));
#1874=CARTESIAN_POINT('',(0.106748278164864,0.002,0.00271910695582629));
#1875=CARTESIAN_POINT('',(0.108498278164864,0.002,0.00271910695582629));
#1876=CARTESIAN_POINT('',(0.0692732781648636,0.0055,0.0027191069558263));
#1877=CARTESIAN_POINT('',(0.107692007469272,0.0055,0.00271910695582629));
#1878=CARTESIAN_POINT('',(0.105804548860455,0.0055,0.00271910695582629));
#1879=CARTESIAN_POINT('',(0.106748278164864,0.002,0.00271910695582629));
#1880=CARTESIAN_POINT('',(0.0692732781648636,0.0005,0.0027191069558263));
#1881=CARTESIAN_POINT('',(0.106748278164864,0.002,0.00271910695582629));
#1882=CARTESIAN_POINT('',(0.110492022947832,0.0055,0.00271910695582629));
#1883=CARTESIAN_POINT('',(0.0692732781648636,0.0055,0.0027191069558263));
#1884=CARTESIAN_POINT('',(0.112148278164864,0.0055,0.00271910695582629));
#1885=CARTESIAN_POINT('',(0.112148278164864,0.0005,0.00271910695582629));
#1886=CARTESIAN_POINT('',(0.0692732781648636,0.0005,0.0027191069558263));
#1887=CARTESIAN_POINT('',(0.0298982781648636,0.002,0.0027191069558263));
#1888=CARTESIAN_POINT('',(0.0316482781648636,0.002,0.0027191069558263));
#1889=CARTESIAN_POINT('',(0.0692732781648636,0.0055,0.0027191069558263));
#1890=CARTESIAN_POINT('',(0.0308420074692725,0.0055,0.0027191069558263));
#1891=CARTESIAN_POINT('',(0.0289545488604547,0.0055,0.0027191069558263));
#1892=CARTESIAN_POINT('',(0.0298982781648636,0.002,0.0027191069558263));
#1893=CARTESIAN_POINT('',(0.0263982781648636,0.00105627069559115,0.0027191069558263));
#1894=CARTESIAN_POINT('',(0.0263982781648636,-0.0129250003811626,0.0027191069558263));
#1895=CARTESIAN_POINT('',(0.0263982781648636,0.00294372930440887,0.0027191069558263));
#1896=CARTESIAN_POINT('',(0.0298982781648636,0.002,0.0027191069558263));
#1897=CARTESIAN_POINT('',(0.0239957338934499,0.000722138086569797,0.00676865423321696));
#1898=CARTESIAN_POINT('',(0.106748278164864,0.002,0.00569640077296218));
#1899=CARTESIAN_POINT('',(0.0298982781648636,0.002,0.00569640077296218));
#1900=CARTESIAN_POINT('',(0.0239957338934499,0.000722138086569797,0.00676865423321696));
#1901=CARTESIAN_POINT('',(0.106748278164864,0.002,0.00569640077296218));
#1902=CARTESIAN_POINT('',(0.135998278164864,0.000722138086569797,0.00676865423321696));
#1903=CARTESIAN_POINT('',(0.0239957338934499,0.000722138086569797,0.00676865423321696));
#1904=CARTESIAN_POINT('',(0.0263982781648636,0.000722138086569797,0.00676865423321696));
#1905=CARTESIAN_POINT('',(0.0263982781648636,-0.00174374478296799,0.00883777563957248));
#1906=CARTESIAN_POINT('',(0.0298982781648636,0.002,0.00569640077296218));
#1907=CARTESIAN_POINT('',(0.0298982781648636,0.002,0.0127191069558263));
#1908=CARTESIAN_POINT('',(0.0298982781648636,0.002,0.0047191069558263));
#1909=CARTESIAN_POINT('',(0.0316482781648636,0.002,0.0047191069558263));
#1910=CARTESIAN_POINT('',(0.106748278164864,0.002,0.0127191069558263));
#1911=CARTESIAN_POINT('',(0.106748278164864,0.002,0.00471910695582629));
#1912=CARTESIAN_POINT('',(0.108498278164864,0.002,0.00471910695582629));
#1913=CARTESIAN_POINT('',(0.0263982781648636,-0.0129250003811626,-0.0084808930441737));
#1914=CARTESIAN_POINT('',(0.0263982781648636,0.00294372930440887,0.0137211069558263));
#1915=CARTESIAN_POINT('',(0.0263982781648636,0.00294372930440887,0.0025691069558263));
#1916=CARTESIAN_POINT('',(0.0263982781648636,0.00105627069559115,0.0137211069558263));
#1917=CARTESIAN_POINT('',(0.0263982781648636,0.00105627069559115,0.0025691069558263));
#1918=CARTESIAN_POINT('',(0.0263982781648636,-0.0129250003811626,0.0025691069558263));
#1919=CARTESIAN_POINT('',(0.0263982781648636,-0.00174374478296799,0.0025691069558263));
#1920=CARTESIAN_POINT('',(0.0263982781648636,-0.00174374478296799,0.0137211069558263));
#1921=CARTESIAN_POINT('',(0.0263982781648636,-0.0170500007623253,-0.00465589304417371));
#1922=CARTESIAN_POINT('',(0.0263982781648636,-0.0170500007623253,0.0126691069558263));
#1923=CARTESIAN_POINT('',(0.0263982781648636,-0.0170500007623253,0.0126691069558263));
#1924=CARTESIAN_POINT('',(0.0263982781648636,-0.0298500007623253,0.0126691069558263));
#1925=CARTESIAN_POINT('',(0.0263982781648636,-0.0298500007623253,-0.00848089304417371));
#1926=CARTESIAN_POINT('',(0.0263982781648636,-0.0298500007623253,-0.0234807461337157));
#1927=CARTESIAN_POINT('',(0.0263982781648636,0.0005,-0.0234807461337157));
#1928=CARTESIAN_POINT('',(0.0263982781648636,0.0055,-0.0234807461337157));
#1929=CARTESIAN_POINT('',(0.0263982781648636,0.0055,-0.0223557461337157));
#1930=CARTESIAN_POINT('',(0.0263982781648636,0.0055,0.0025691069558263));
#1931=CARTESIAN_POINT('',(0.0263982781648636,-0.0129250003811626,0.0025691069558263));
#1932=CARTESIAN_POINT('',(0.135998278164864,-0.01235248247501,-0.00598089304417371));
#1933=CARTESIAN_POINT('',(0.135998278164864,0.0005,0.0027191069558263));
#1934=CARTESIAN_POINT('',(0.135998278164864,0.0055,0.0027191069558263));
#1935=CARTESIAN_POINT('',(0.135998278164864,0.0055,-0.0222308930441737));
#1936=CARTESIAN_POINT('',(0.135998278164864,0.0055,-0.0234808930441737));
#1937=CARTESIAN_POINT('',(0.135998278164864,0.0005,-0.0234808930441737));
#1938=CARTESIAN_POINT('',(0.135998278164864,-0.02920496495002,-0.0234808930441737));
#1939=CARTESIAN_POINT('',(0.135998278164864,-0.02920496495002,-0.0214808930441737));
#1940=CARTESIAN_POINT('',(0.0263982781648636,-0.0298500007623253,-0.00848089304417371));
#1941=CARTESIAN_POINT('',(0.113427518850583,-0.0298500007623253,-0.0189877033277428));
#1942=CARTESIAN_POINT('',(0.112837458276405,-0.0298500007623253,-0.0189326237975677));
#1943=CARTESIAN_POINT('',(0.112281076141156,-0.0298500007623253,-0.0191119747453746));
#1944=CARTESIAN_POINT('',(0.111832221479669,-0.0298500007623253,-0.0194761260419056));
#1945=CARTESIAN_POINT('',(0.111559337390401,-0.0298500007623253,-0.0199933191897372));
#1946=CARTESIAN_POINT('',(0.111499721988684,-0.0298500007623253,-0.0205772648332153));
#1947=CARTESIAN_POINT('',(0.111672283894039,-0.0298500007623253,-0.0211380560623931));
#1948=CARTESIAN_POINT('',(0.112044547969005,-0.0298500007623253,-0.0215907109650627));
#1949=CARTESIAN_POINT('',(0.11256435459171,-0.0298500007623253,-0.0218666846704736));
#1950=CARTESIAN_POINT('',(0.113146952446825,-0.0298500007623253,-0.0219233782302899));
#1951=CARTESIAN_POINT('',(0.113708582038363,-0.0298500007623253,-0.0217525898499526));
#1952=CARTESIAN_POINT('',(0.114162889271568,-0.0298500007623253,-0.0213826947314976));
#1953=CARTESIAN_POINT('',(0.114439217492294,-0.0298500007623253,-0.0208651131311557));
#1954=CARTESIAN_POINT('',(0.11449904544012,-0.0298500007623253,-0.0202813159620793));
#1955=CARTESIAN_POINT('',(0.114324687163389,-0.0298500007623253,-0.0197204230270831));
#1956=CARTESIAN_POINT('',(0.113953723575081,-0.0298500007623253,-0.0192644312963916));
#1957=CARTESIAN_POINT('',(0.113427518850583,-0.0298500007623253,-0.0189877033277428));
#1958=CARTESIAN_POINT('',(0.112837458276405,-0.0298500007623253,-0.0189326237975677));
#1959=CARTESIAN_POINT('',(0.112281076141156,-0.0298500007623253,-0.0191119747453746));
#1960=CARTESIAN_POINT('',(0.112823410108104,-0.0298500007623253,-0.0189739666999852));
#1961=CARTESIAN_POINT('',(0.0495482781648636,-0.0298500007623253,-0.0204283773082038));
#1962=CARTESIAN_POINT('',(0.0495482781648636,-0.0298500007623253,-0.0216783773082038));
#1963=CARTESIAN_POINT('',(0.0341980253001319,-0.0298500007623253,-0.0185333773082038));
#1964=CARTESIAN_POINT('',(0.0341980253001319,-0.0298500007623253,-0.0171583773082038));
#1965=CARTESIAN_POINT('',(0.0341980253001319,-0.0298500007623253,0.00921662269179621));
#1966=CARTESIAN_POINT('',(0.0341980253001319,-0.0298500007623253,0.0105916226917962));
#1967=CARTESIAN_POINT('',(0.0341980253001319,-0.0298500007623253,-0.0089583773082038));
#1968=CARTESIAN_POINT('',(0.0403230253001319,-0.0298500007623253,-0.0089583773082038));
#1969=CARTESIAN_POINT('',(0.0280730253001319,-0.0298500007623253,-0.00895837730820379));
#1970=CARTESIAN_POINT('',(0.0403230253001319,-0.0298500007623253,-0.00250837730820379));
#1971=CARTESIAN_POINT('',(0.0403230253001319,-0.0298500007623253,-0.00035837730820379));
#1972=CARTESIAN_POINT('',(0.0341980253001319,-0.0298500007623253,-0.000358377308203785));
#1973=CARTESIAN_POINT('',(0.0280730253001319,-0.0298500007623253,-0.000358377308203791));
#1974=CARTESIAN_POINT('',(0.0280730253001319,-0.0298500007623253,-0.00465837730820379));
#1975=CARTESIAN_POINT('',(0.0812982767820358,-0.0298500007623253,-0.0234807461337157));
#1976=CARTESIAN_POINT('',(0.108273944537395,-0.0298500007623253,-0.0234808195889447));
#1977=CARTESIAN_POINT('',(0.0340732781648636,-0.0298500007623253,0.0126691069558263));
#1978=CARTESIAN_POINT('',(0.0417482781648636,-0.0298500007623253,0.0126691069558263));
#1979=CARTESIAN_POINT('',(0.0417482781648636,-0.0298500007623253,-0.0046558930441737));
#1980=CARTESIAN_POINT('',(0.121808509243388,-0.0298500007623252,0.0095191069558263));
#1981=CARTESIAN_POINT('',(0.121808509243388,-0.0298500007623252,-0.0234808930441737));
#1982=CARTESIAN_POINT('',(0.12227390906995,-0.0298500007623253,-0.0234808930441737));
#1983=CARTESIAN_POINT('',(0.040230887681737,-0.04,-0.0234807461337157));
#1984=CARTESIAN_POINT('',(0.0262308876817369,-0.04,-0.0234807461337157));
#1985=CARTESIAN_POINT('',(0.0262308876817369,0.0055,-0.0234807461337157));
#1986=CARTESIAN_POINT('',(0.040230887681737,0.0055,-0.0234807461337157));
#1987=CARTESIAN_POINT('',(0.10827390906995,-0.04,-0.0234808930441737));
#1988=CARTESIAN_POINT('',(0.12227390906995,-0.04,-0.0234808930441737));
#1989=CARTESIAN_POINT('',(0.121689207363798,-0.0298568779360498,-0.0234808930441737));
#1990=CARTESIAN_POINT('',(0.132998278164864,-0.02920496495002,-0.0234808930441737));
#1991=CARTESIAN_POINT('',(0.12227390906995,-0.02920496495002,-0.0234808930441737));
#1992=CARTESIAN_POINT('',(0.12227390906995,0.0055,-0.0234808930441737));
#1993=CARTESIAN_POINT('',(0.13627390906995,0.0055,-0.0234808930441737));
#1994=CARTESIAN_POINT('',(0.13627390906995,-0.04,-0.0234808930441737));
#1995=CARTESIAN_POINT('',(0.122498278164864,-0.0703,-0.000480893044173704));
#1996=CARTESIAN_POINT('',(0.132848278164864,0.0005,-0.000480893044173704));
#1997=CARTESIAN_POINT('',(0.132848278164864,0.0055,-0.000480893044173704));
#1998=CARTESIAN_POINT('',(0.112148278164864,0.0005,-0.000480893044173704));
#1999=CARTESIAN_POINT('',(0.112148278164864,0.0055,-0.000480893044173704));
#2000=CARTESIAN_POINT('',(0.122498278164864,0.0055,-0.000480893044173704));
#2001=CARTESIAN_POINT('',(0.0812523983758436,0.0055,-0.0074808195889447));
#2002=CARTESIAN_POINT('',(0.0289545488604547,0.0055,0.0137211069558263));
#2003=CARTESIAN_POINT('',(0.0289545488604547,0.0055,0.0025691069558263));
#2004=CARTESIAN_POINT('',(0.0692732781648636,0.0055,0.0025691069558263));
#2005=CARTESIAN_POINT('',(0.0262308876817369,0.0055,-0.0224807461337157));
#2006=CARTESIAN_POINT('',(0.0252333236314771,0.0055,-0.0225505026074598));
#2007=CARTESIAN_POINT('',(0.0246155287624636,0.0055,-0.0137156243705877));
#2008=CARTESIAN_POINT('',(0.0239977338934499,0.0055,-0.00488074613371568));
#2009=CARTESIAN_POINT('',(0.0246155236259736,0.0055,0.00395405864792735));
#2010=CARTESIAN_POINT('',(0.0247116067015072,0.0055,0.00532811064405351));
#2011=CARTESIAN_POINT('',(0.0812523983758436,0.0055,0.0053281106440535));
#2012=CARTESIAN_POINT('',(0.0289545488604547,0.0055,0.00532811064405351));
#2013=CARTESIAN_POINT('',(0.0289545488604547,0.0055,0.0047191069558263));
#2014=CARTESIAN_POINT('',(0.0289545488604547,0.0055,0.0047191069558263));
#2015=CARTESIAN_POINT('',(0.0692732781648636,0.0055,0.0047191069558263));
#2016=CARTESIAN_POINT('',(0.0308420074692725,0.0055,0.0047191069558263));
#2017=CARTESIAN_POINT('',(0.0308420074692725,0.0055,0.0047191069558263));
#2018=CARTESIAN_POINT('',(0.0308420074692725,0.0055,0.00532811064405351));
#2019=CARTESIAN_POINT('',(0.0812523983758436,0.0055,0.0053281106440535));
#2020=CARTESIAN_POINT('',(0.105804548860455,0.0055,0.0053281106440535));
#2021=CARTESIAN_POINT('',(0.105804548860455,0.0055,0.00471910695582629));
#2022=CARTESIAN_POINT('',(0.105804548860455,0.0055,0.00471910695582629));
#2023=CARTESIAN_POINT('',(0.0692732781648636,0.0055,0.0047191069558263));
#2024=CARTESIAN_POINT('',(0.107692007469272,0.0055,0.00471910695582629));
#2025=CARTESIAN_POINT('',(0.107692007469272,0.0055,0.00471910695582629));
#2026=CARTESIAN_POINT('',(0.107692007469272,0.0055,0.0053281106440535));
#2027=CARTESIAN_POINT('',(0.0812523983758436,0.0055,0.0053281106440535));
#2028=CARTESIAN_POINT('',(0.1377931797772,0.0055,0.0053281106440535));
#2029=CARTESIAN_POINT('',(0.137889267989224,0.0055,0.00395398519269836));
#2030=CARTESIAN_POINT('',(0.138507062858237,0.0055,-0.00488089304417371));
#2031=CARTESIAN_POINT('',(0.137889267989224,0.0055,-0.0137157712810458));
#2032=CARTESIAN_POINT('',(0.13727147312021,0.0055,-0.0225506495179178));
#2033=CARTESIAN_POINT('',(0.13627390906995,0.0055,-0.0224808930441736));
#2034=CARTESIAN_POINT('',(0.134423278164864,0.0055,0.0027191069558263));
#2035=CARTESIAN_POINT('',(0.132848278164864,0.0055,0.0027191069558263));
#2036=CARTESIAN_POINT('',(0.132848278164864,0.0055,0.0011191069558263));
#2037=CARTESIAN_POINT('',(0.112148278164864,0.0055,0.00111910695582629));
#2038=CARTESIAN_POINT('',(0.110492022947832,0.0055,0.0137211069558263));
#2039=CARTESIAN_POINT('',(0.110492022947832,0.0055,0.00256910695582629));
#2040=CARTESIAN_POINT('',(0.0692732781648636,0.0055,0.0025691069558263));
#2041=CARTESIAN_POINT('',(0.107692007469272,0.0055,0.00256910695582629));
#2042=CARTESIAN_POINT('',(0.107692007469272,0.0055,0.0137211069558263));
#2043=CARTESIAN_POINT('',(0.105804548860455,0.0055,0.0137211069558263));
#2044=CARTESIAN_POINT('',(0.105804548860455,0.0055,0.00256910695582629));
#2045=CARTESIAN_POINT('',(0.0692732781648636,0.0055,0.0025691069558263));
#2046=CARTESIAN_POINT('',(0.103004533381896,0.0055,0.00256910695582629));
#2047=CARTESIAN_POINT('',(0.103004533381896,0.0055,0.0137211069558263));
#2048=CARTESIAN_POINT('',(0.103004533381896,0.0055,0.00271910695582629));
#2049=CARTESIAN_POINT('',(0.0692732781648636,0.0055,0.0027191069558263));
#2050=CARTESIAN_POINT('',(0.0336420229478316,0.0055,0.0027191069558263));
#2051=CARTESIAN_POINT('',(0.0336420229478316,0.0055,0.0137211069558263));
#2052=CARTESIAN_POINT('',(0.0336420229478316,0.0055,0.0025691069558263));
#2053=CARTESIAN_POINT('',(0.0692732781648636,0.0055,0.0025691069558263));
#2054=CARTESIAN_POINT('',(0.0308420074692725,0.0055,0.0025691069558263));
#2055=CARTESIAN_POINT('',(0.0308420074692725,0.0055,0.0137211069558263));
#2056=CARTESIAN_POINT('',(0.137889267989224,-0.04,0.00395398519269836));
#2057=CARTESIAN_POINT('',(0.136269486991031,-0.0204680986656893,0.0271179326568086));
#2058=CARTESIAN_POINT('',(0.13727147312021,-0.00339137893559704,0.0127888634295704));
#2059=CARTESIAN_POINT('',(0.13727147312021,-0.04,0.0127888634295704));
#2060=CARTESIAN_POINT('',(0.13727147312021,-0.0299360660435878,0.0127888634295704));
#2061=CARTESIAN_POINT('',(0.137886117164697,-0.029896673459684,0.00399904408268075));
#2062=CARTESIAN_POINT('',(0.137571021712757,-0.0299168679513408,0.00850511897989428));
#2063=CARTESIAN_POINT('',(0.137507062858237,-0.0289189154149301,0.00941977321253831));
#2064=CARTESIAN_POINT('',(0.138507062858237,-0.0289189154149301,-0.00488089304417337));
#2065=CARTESIAN_POINT('',(0.138507062858237,-0.04,-0.00488089304417371));
#2066=CARTESIAN_POINT('',(0.13627390906995,-0.04,0.0127191069558263));
#2067=CARTESIAN_POINT('',(0.13627390906995,-0.00330824640740579,0.0127191069558263));
#2068=CARTESIAN_POINT('',(0.13627390906995,-0.0045,0.0137191069558263));
#2069=CARTESIAN_POINT('',(0.13627390906995,-0.04,0.0137191069558263));
#2070=CARTESIAN_POINT('',(0.13627390906995,-0.03,0.0127191069558263));
#2071=CARTESIAN_POINT('',(0.0812523932393536,-0.04,0.0137191069558263));
#2072=CARTESIAN_POINT('',(0.0812523932393536,-0.0045,0.0137191069558263));
#2073=CARTESIAN_POINT('',(0.026230877408757,-0.0045,0.0137191069558263));
#2074=CARTESIAN_POINT('',(0.026230877408757,-0.04,0.0137191069558263));
#2075=CARTESIAN_POINT('',(0.026230877408757,-0.04,0.0127191069558263));
#2076=CARTESIAN_POINT('',(0.026230877408757,-0.00330824640740575,0.0127191069558263));
#2077=CARTESIAN_POINT('',(0.0252333133584971,-0.00339137893559703,0.0127888634295704));
#2078=CARTESIAN_POINT('',(0.0252333133584971,-0.04,0.0127888634295704));
#2079=CARTESIAN_POINT('',(0.0252333133584971,-0.0329905497126236,0.0127888634295704));
#2080=CARTESIAN_POINT('',(0.026230877408757,-0.033,0.0127191069558263));
#2081=CARTESIAN_POINT('',(0.0246155236259736,-0.04,0.00395405864792735));
#2082=CARTESIAN_POINT('',(0.0262353016160271,-0.0204681349389057,0.0271179630936511));
#2083=CARTESIAN_POINT('',(0.0239977338934499,-0.04,-0.00488074613371568));
#2084=CARTESIAN_POINT('',(0.0239977338934499,-0.0319882731112906,-0.0048807461337157));
#2085=CARTESIAN_POINT('',(0.02499773389345,-0.0319882731112906,0.00941992012299623));
#2086=CARTESIAN_POINT('',(0.0249882609544981,-0.0329882282419978,0.00928445078457568));
#2087=CARTESIAN_POINT('',(0.0246158470106939,-0.0329847002291438,0.00395868326488549));
#2088=CARTESIAN_POINT('',(0.13627390906995,-0.04,-0.0224808930441736));
#2089=CARTESIAN_POINT('',(0.13627390906995,-0.03,-0.0224808930441736));
#2090=CARTESIAN_POINT('',(0.13727147312021,-0.0299360660435878,-0.0225506495179178));
#2091=CARTESIAN_POINT('',(0.13727147312021,-0.04,-0.0225506495179178));
#2092=CARTESIAN_POINT('',(0.137889267989224,-0.04,-0.0137157712810458));
#2093=CARTESIAN_POINT('',(0.137507062858237,-0.0289189154149301,-0.0191815593008862));
#2094=CARTESIAN_POINT('',(0.137571021712757,-0.0299168679513408,-0.0182669050682422));
#2095=CARTESIAN_POINT('',(0.137886117164697,-0.029896673459684,-0.0137608301710282));
#2096=CARTESIAN_POINT('',(0.0246155287624636,-0.04,-0.0137156243705877));
#2097=CARTESIAN_POINT('',(0.0252333236314771,-0.04,-0.0225505026074598));
#2098=CARTESIAN_POINT('',(0.0252333236314771,-0.0329905498099433,-0.0225505026074598));
#2099=CARTESIAN_POINT('',(0.0246158521471816,-0.0329847002778037,-0.0137202489875138));
#2100=CARTESIAN_POINT('',(0.0249882609544981,-0.0329882282419978,-0.019045943052007));
#2101=CARTESIAN_POINT('',(0.02499773389345,-0.0319882731112906,-0.0191814123904276));
#2102=CARTESIAN_POINT('',(0.0262308876817369,-0.04,-0.0224807461337157));
#2103=CARTESIAN_POINT('',(0.0262308876817369,-0.0330000000973197,-0.0224807461337157));
#2104=CARTESIAN_POINT('',(0.02499773389345,-0.0319882731112906,-0.0318808930441737));
#2105=CARTESIAN_POINT('',(0.0249882609544981,-0.0329882282419978,-0.0318808930441737));
#2106=CARTESIAN_POINT('',(0.0256095691816276,-0.0329941141209989,-0.0318808930441737));
#2107=CARTESIAN_POINT('',(0.137507062858237,-0.0289189154149301,-0.0318808930441737));
#2108=CARTESIAN_POINT('',(0.137571021712757,-0.0299168679513408,-0.0318808930441737));
#2109=CARTESIAN_POINT('',(0.136922465391353,-0.0299584339756704,-0.0318808930441737));
#2110=CARTESIAN_POINT('',(0.0812523932393536,-0.0045,0.0137191069558263));
#2111=CARTESIAN_POINT('',(0.0298982781648636,0.002,0.00826495935317398));
#2112=CARTESIAN_POINT('',(0.106748278164864,0.002,0.00826495935317399));
#2113=CARTESIAN_POINT('',(0.127403393704126,-0.0295274828561726,-0.0214808930441737));
#2114=CARTESIAN_POINT('',(0.132998278164864,-0.02920496495002,0.0095191069558263));
#2115=CARTESIAN_POINT('',(0.0340732781648636,-0.0170500007623253,0.0126691069558263));
#2116=CARTESIAN_POINT('',(0.0340732781648636,-0.0170500007623253,0.0126691069558263));
#2117=CARTESIAN_POINT('',(0.0417482781648636,-0.0170500007623253,0.0126691069558263));
#2118=CARTESIAN_POINT('',(0.0417482781648636,-0.0170500007623253,0.0126691069558263));
#2119=CARTESIAN_POINT('',(0.0741033937041257,-0.0170500007623253,-0.0046558930441737));
#2120=CARTESIAN_POINT('',(0.0417482781648636,-0.0170500007623253,-0.0046558930441737));
#2121=CARTESIAN_POINT('',(0.0417482781648636,-0.0170500007623253,-0.0046558930441737));
#2122=CARTESIAN_POINT('',(0.135998278164864,-0.02920496495002,-0.0214808930441737));
#2123=CARTESIAN_POINT('',(0.0692732781648636,0.0005,0.0027191069558263));
#2124=CARTESIAN_POINT('',(0.106748278164864,0.002,0.00271910695582629));
#2125=CARTESIAN_POINT('',(0.0298982781648636,0.002,0.0027191069558263));
#2126=CARTESIAN_POINT('',(0.112148278164864,0.0005,0.00111910695582629));
#2127=CARTESIAN_POINT('',(0.132848278164864,0.0005,0.0011191069558263));
#2128=CARTESIAN_POINT('',(0.132848278164864,0.0005,0.0027191069558263));
#2129=CARTESIAN_POINT('',(0.134423278164864,0.0005,0.0027191069558263));
#2130=CARTESIAN_POINT('',(0.0403230253001319,-0.0348500007623253,-0.00250837730820379));
#2131=CARTESIAN_POINT('',(0.0403230253001319,-0.0348500007623253,-0.00035837730820379));
#2132=CARTESIAN_POINT('',(0.0403230253001319,-0.0348500007623253,-0.0089583773082038));
#2133=CARTESIAN_POINT('',(0.0341980253001319,-0.0348500007623253,-0.0089583773082038));
#2134=CARTESIAN_POINT('',(0.0280730253001319,-0.0348500007623253,-0.00895837730820379));
#2135=CARTESIAN_POINT('',(0.0280730253001319,-0.0348500007623253,-0.00465837730820379));
#2136=CARTESIAN_POINT('',(0.0280730253001319,-0.0348500007623253,-0.000358377308203791));
#2137=CARTESIAN_POINT('',(0.0341980253001319,-0.0348500007623253,-0.000358377308203785));
#2138=CARTESIAN_POINT('',(0.0341980253001319,-0.0348500007623253,0.00921662269179621));
#2139=CARTESIAN_POINT('',(0.034762553375227,-0.0313057011492445,0.0105135977173676));
#2140=CARTESIAN_POINT('',(0.0343758000574462,-0.0313027667413519,0.0105909578325146));
#2141=CARTESIAN_POINT('',(0.0341805732886066,-0.0313010768689121,0.0105917038565631));
#2142=CARTESIAN_POINT('',(0.0340901492719818,-0.0313002952272241,0.0105890823372062));
#2143=CARTESIAN_POINT('',(0.0339659561514902,-0.0312992254540055,0.0105741747595532));
#2144=CARTESIAN_POINT('',(0.0337399199483907,-0.0312972685324893,0.0105246939503012));
#2145=CARTESIAN_POINT('',(0.0334693268695929,-0.0312948327281696,0.0103986891785082));
#2146=CARTESIAN_POINT('',(0.0332170322910376,-0.0312922965498063,0.0101959969822213));
#2147=CARTESIAN_POINT('',(0.0329809596782936,-0.031289497784014,0.00989935214242188));
#2148=CARTESIAN_POINT('',(0.0328438200920335,-0.0312870611391691,0.00953790984154155));
#2149=CARTESIAN_POINT('',(0.0328186163690205,-0.0312858258540693,0.00924409251964697));
#2150=CARTESIAN_POINT('',(0.0328234268229567,-0.0312863762615566,0.00903682712108254));
#2151=CARTESIAN_POINT('',(0.0329280452949594,-0.0312888192055079,0.00861083310317133));
#2152=CARTESIAN_POINT('',(0.0332183610176091,-0.0312924136543951,0.00820535616919593));
#2153=CARTESIAN_POINT('',(0.0336232109150721,-0.0312962489293153,0.00794930785695205));
#2154=CARTESIAN_POINT('',(0.0339418110380145,-0.0312990096417324,0.00785092130700835));
#2155=CARTESIAN_POINT('',(0.0342379654280393,-0.0313015811294286,0.00783850192984519));
#2156=CARTESIAN_POINT('',(0.0343941518313235,-0.0313028748592176,0.00785226991873442));
#2157=CARTESIAN_POINT('',(0.0347288425130322,-0.0313054344467263,0.00792121630337682));
#2158=CARTESIAN_POINT('',(0.0351279096499944,-0.0313080275014228,0.00815538767939821));
#2159=CARTESIAN_POINT('',(0.0354719588537776,-0.0313100345178253,0.00860540080267081));
#2160=CARTESIAN_POINT('',(0.0356567928985884,-0.0313110327957842,0.00933685323184386));
#2161=CARTESIAN_POINT('',(0.0353744713956244,-0.0313095498295052,0.0100833748887301));
#2162=CARTESIAN_POINT('',(0.034762553375227,-0.0313057011492445,0.0105135977173676));
#2163=CARTESIAN_POINT('',(0.0343758000574462,-0.0313027667413519,0.0105909578325146));
#2164=CARTESIAN_POINT('',(0.0341805732886066,-0.0313010768689121,0.0105917038565631));
#2165=CARTESIAN_POINT('',(0.0342046878551699,-0.0313012855752179,0.0105916065500143));
#2166=CARTESIAN_POINT('',(0.0341980253001319,-0.0348500007623253,-0.0185333773082038));
#2167=CARTESIAN_POINT('',(0.034762553375234,-0.0313057011492446,-0.0172364022826327));
#2168=CARTESIAN_POINT('',(0.0343758000574321,-0.0313027667413517,-0.0171590421674853));
#2169=CARTESIAN_POINT('',(0.0341805732886086,-0.0313010768689121,-0.017158296143437));
#2170=CARTESIAN_POINT('',(0.034090149271981,-0.0313002952272241,-0.0171609176627938));
#2171=CARTESIAN_POINT('',(0.0339659561514907,-0.0312992254540055,-0.0171758252404468));
#2172=CARTESIAN_POINT('',(0.0337399199483904,-0.0312972685324893,-0.0172253060496988));
#2173=CARTESIAN_POINT('',(0.033469326869593,-0.0312948327281696,-0.0173513108214918));
#2174=CARTESIAN_POINT('',(0.0332170322910376,-0.0312922965498063,-0.0175540030177787));
#2175=CARTESIAN_POINT('',(0.0329809596782936,-0.031289497784014,-0.0178506478575781));
#2176=CARTESIAN_POINT('',(0.0328438200920335,-0.0312870611391691,-0.0182120901584585));
#2177=CARTESIAN_POINT('',(0.0328186163690205,-0.0312858258540693,-0.018505907480353));
#2178=CARTESIAN_POINT('',(0.0328234268229567,-0.0312863762615566,-0.0187131728789175));
#2179=CARTESIAN_POINT('',(0.0329280452949594,-0.0312888192055079,-0.0191391668968287));
#2180=CARTESIAN_POINT('',(0.0332183610176091,-0.0312924136543951,-0.0195446438308041));
#2181=CARTESIAN_POINT('',(0.0336232109150721,-0.0312962489293153,-0.019800692143048));
#2182=CARTESIAN_POINT('',(0.0339418110380145,-0.0312990096417324,-0.0198990786929917));
#2183=CARTESIAN_POINT('',(0.0342379654280393,-0.0313015811294286,-0.0199114980701548));
#2184=CARTESIAN_POINT('',(0.0343941518313232,-0.0313028748592176,-0.0198977300812656));
#2185=CARTESIAN_POINT('',(0.0347288425130317,-0.0313054344467263,-0.0198287836966234));
#2186=CARTESIAN_POINT('',(0.0351279096499937,-0.0313080275014228,-0.0195946123206024));
#2187=CARTESIAN_POINT('',(0.035471958853777,-0.0313100345178253,-0.0191445991973303));
#2188=CARTESIAN_POINT('',(0.0356567928985891,-0.0313110327957842,-0.0184131467681575));
#2189=CARTESIAN_POINT('',(0.0353744713956214,-0.0313095498295051,-0.0176666251112708));
#2190=CARTESIAN_POINT('',(0.034762553375234,-0.0313057011492446,-0.0172364022826327));
#2191=CARTESIAN_POINT('',(0.0343758000574321,-0.0313027667413517,-0.0171590421674853));
#2192=CARTESIAN_POINT('',(0.0341805732886086,-0.0313010768689121,-0.017158296143437));
#2193=CARTESIAN_POINT('',(0.0342046878551699,-0.0313012855752179,-0.0171583934499857));
#2194=CARTESIAN_POINT('',(0.0345615969033612,-0.0313043739099184,0.0105908854685702));
#2195=CARTESIAN_POINT('',(0.0338403168660977,-0.0312981327264261,0.0105923536646963));
#2196=CARTESIAN_POINT('',(0.0334831194589676,-0.0312942901285709,0.0104448850961896));
#2197=CARTESIAN_POINT('',(0.0329722655215786,-0.0312881422170425,0.00993677424558681));
#2198=CARTESIAN_POINT('',(0.0328237718481149,-0.0312861019584479,0.00958037894944131));
#2199=CARTESIAN_POINT('',(0.0328222881155137,-0.031286081676255,0.00886004267401729));
#2200=CARTESIAN_POINT('',(0.0329686604242314,-0.0312880957379841,0.00850255434874881));
#2201=CARTESIAN_POINT('',(0.0334777146554038,-0.0312942286626815,0.00799129283842762));
#2202=CARTESIAN_POINT('',(0.0338326358856047,-0.0312980589167741,0.00784241694550609));
#2203=CARTESIAN_POINT('',(0.0345576002092805,-0.0313043465595671,0.00784083458508826));
#2204=CARTESIAN_POINT('',(0.0349131282720643,-0.0313066770192887,0.00798818448788619));
#2205=CARTESIAN_POINT('',(0.0354243074016956,-0.0313093821190924,0.00849736379492116));
#2206=CARTESIAN_POINT('',(0.0355722342518876,-0.0313099110305683,0.00885427516834446));
#2207=CARTESIAN_POINT('',(0.0355738130506078,-0.0313099175571293,0.00957471137560482));
#2208=CARTESIAN_POINT('',(0.0354267048551741,-0.0313093910063129,0.00993169016421893));
#2209=CARTESIAN_POINT('',(0.0349180986296832,-0.0313067075128433,0.0104418805000388));
#2210=CARTESIAN_POINT('',(0.0345615969033612,-0.0313043739099184,0.0105908854685702));
#2211=CARTESIAN_POINT('',(0.0338403168660977,-0.0312981327264261,0.0105923536646963));
#2212=CARTESIAN_POINT('',(0.035018607256067,-0.0330543947551464,0.0123399404180656));
#2213=CARTESIAN_POINT('',(0.0333774433441951,-0.0330481463581556,0.0123432772201613));
#2214=CARTESIAN_POINT('',(0.0325646945055982,-0.0330442993189538,0.0120081221088279));
#2215=CARTESIAN_POINT('',(0.0314023234204011,-0.0330381443016318,0.0108533272227318));
#2216=CARTESIAN_POINT('',(0.0310644484630713,-0.0330361016848945,0.0100433396835931));
#2217=CARTESIAN_POINT('',(0.0310610724532561,-0.033036081379259,0.00840621530072532));
#2218=CARTESIAN_POINT('',(0.0313941205650895,-0.0330380977688522,0.00759374360990675));
#2219=CARTESIAN_POINT('',(0.0325523966903031,-0.033044237782022,0.00643178814898218));
#2220=CARTESIAN_POINT('',(0.0333599664290159,-0.0330480724631844,0.00609343457998584));
#2221=CARTESIAN_POINT('',(0.0350095133840371,-0.0330543673731929,0.00608983831414551));
#2222=CARTESIAN_POINT('',(0.0358184638789555,-0.0330567005265139,0.00642472373142713));
#2223=CARTESIAN_POINT('',(0.0369815748897477,-0.0330594087528877,0.0075819469220296));
#2224=CARTESIAN_POINT('',(0.0373181601263619,-0.0330599382756828,0.0083931073593363));
#2225=CARTESIAN_POINT('',(0.0373217524448049,-0.0330599448097874,0.0100304588642181));
#2226=CARTESIAN_POINT('',(0.0369870299335688,-0.0330594176503802,0.0108417725175106));
#2227=CARTESIAN_POINT('',(0.0358297731780384,-0.0330567310553131,0.0120012934958781));
#2228=CARTESIAN_POINT('',(0.035018607256067,-0.0330543947551464,0.0123399404180656));
#2229=CARTESIAN_POINT('',(0.0333774433441951,-0.0330481463581556,0.0123432772201613));
#2230=CARTESIAN_POINT('',(0.0345615969033612,-0.0313043739099184,-0.0171591145314297));
#2231=CARTESIAN_POINT('',(0.0338403168660977,-0.0312981327264261,-0.0171576463353037));
#2232=CARTESIAN_POINT('',(0.0334831194589676,-0.0312942901285709,-0.0173051149038104));
#2233=CARTESIAN_POINT('',(0.0329722655215786,-0.0312881422170425,-0.0178132257544132));
#2234=CARTESIAN_POINT('',(0.0328237718481149,-0.0312861019584479,-0.0181696210505587));
#2235=CARTESIAN_POINT('',(0.0328222881155137,-0.031286081676255,-0.0188899573259827));
#2236=CARTESIAN_POINT('',(0.0329686604242314,-0.0312880957379841,-0.0192474456512512));
#2237=CARTESIAN_POINT('',(0.0334777146554038,-0.0312942286626815,-0.0197587071615724));
#2238=CARTESIAN_POINT('',(0.0338326358856047,-0.0312980589167741,-0.0199075830544939));
#2239=CARTESIAN_POINT('',(0.0345576002092805,-0.0313043465595671,-0.0199091654149118));
#2240=CARTESIAN_POINT('',(0.0349131282720643,-0.0313066770192887,-0.0197618155121138));
#2241=CARTESIAN_POINT('',(0.0354243074016956,-0.0313093821190924,-0.0192526362050788));
#2242=CARTESIAN_POINT('',(0.0355722342518876,-0.0313099110305683,-0.0188957248316555));
#2243=CARTESIAN_POINT('',(0.0355738130506078,-0.0313099175571293,-0.0181752886243952));
#2244=CARTESIAN_POINT('',(0.0354267048551741,-0.0313093910063129,-0.0178183098357811));
#2245=CARTESIAN_POINT('',(0.0349180986296832,-0.0313067075128433,-0.0173081194999612));
#2246=CARTESIAN_POINT('',(0.0345615969033612,-0.0313043739099184,-0.0171591145314297));
#2247=CARTESIAN_POINT('',(0.0338403168660977,-0.0312981327264261,-0.0171576463353037));
#2248=CARTESIAN_POINT('',(0.035018607256067,-0.0330543947551464,-0.0154100595819344));
#2249=CARTESIAN_POINT('',(0.0333774433441951,-0.0330481463581556,-0.0154067227798387));
#2250=CARTESIAN_POINT('',(0.0325646945055982,-0.0330442993189538,-0.0157418778911721));
#2251=CARTESIAN_POINT('',(0.0314023234204011,-0.0330381443016318,-0.0168966727772682));
#2252=CARTESIAN_POINT('',(0.0310644484630713,-0.0330361016848945,-0.0177066603164069));
#2253=CARTESIAN_POINT('',(0.0310610724532561,-0.033036081379259,-0.0193437846992747));
#2254=CARTESIAN_POINT('',(0.0313941205650895,-0.0330380977688522,-0.0201562563900932));
#2255=CARTESIAN_POINT('',(0.0325523966903031,-0.033044237782022,-0.0213182118510178));
#2256=CARTESIAN_POINT('',(0.0333599664290159,-0.0330480724631844,-0.0216565654200142));
#2257=CARTESIAN_POINT('',(0.0350095133840371,-0.0330543673731929,-0.0216601616858545));
#2258=CARTESIAN_POINT('',(0.0358184638789555,-0.0330567005265139,-0.0213252762685729));
#2259=CARTESIAN_POINT('',(0.0369815748897477,-0.0330594087528877,-0.0201680530779704));
#2260=CARTESIAN_POINT('',(0.0373181601263619,-0.0330599382756828,-0.0193568926406637));
#2261=CARTESIAN_POINT('',(0.0373217524448049,-0.0330599448097874,-0.0177195411357818));
#2262=CARTESIAN_POINT('',(0.0369870299335688,-0.0330594176503802,-0.0169082274824894));
#2263=CARTESIAN_POINT('',(0.0358297731780384,-0.0330567310553131,-0.0157487065041219));
#2264=CARTESIAN_POINT('',(0.035018607256067,-0.0330543947551464,-0.0154100595819344));
#2265=CARTESIAN_POINT('',(0.0333774433441951,-0.0330481463581556,-0.0154067227798387));
#2266=CARTESIAN_POINT('',(0.0298982781648636,0.002,0.0047191069558263));
#2267=CARTESIAN_POINT('',(0.0298982781648636,0.002,0.0047191069558263));
#2268=CARTESIAN_POINT('',(0.0685107781648636,0.002,0.0047191069558263));
#2269=CARTESIAN_POINT('',(0.106748278164864,0.002,0.00471910695582629));
#2270=CARTESIAN_POINT('',(0.106748278164864,0.002,0.00471910695582629));
#2271=CARTESIAN_POINT('',(0.0685107781648636,0.002,0.0047191069558263));
#2272=CARTESIAN_POINT('',(0.0298982781648636,0.002,0.0137211069558263));
#2273=CARTESIAN_POINT('',(0.0298982781648636,0.002,0.0025691069558263));
#2274=CARTESIAN_POINT('',(0.0298982781648636,0.002,0.0137211069558263));
#2275=CARTESIAN_POINT('',(0.0298982781648636,0.002,0.0025691069558263));
#2276=CARTESIAN_POINT('',(0.0685107781648636,0.002,0.0025691069558263));
#2277=CARTESIAN_POINT('',(0.0685107781648636,0.002,0.0025691069558263));
#2278=CARTESIAN_POINT('',(0.0298982781648636,0.002,0.0025691069558263));
#2279=CARTESIAN_POINT('',(0.0298982781648636,0.002,0.0137211069558263));
#2280=CARTESIAN_POINT('',(0.106748278164864,0.002,0.0137211069558263));
#2281=CARTESIAN_POINT('',(0.106748278164864,0.002,0.00256910695582629));
#2282=CARTESIAN_POINT('',(0.106748278164864,0.002,0.0137211069558263));
#2283=CARTESIAN_POINT('',(0.106748278164864,0.002,0.00256910695582629));
#2284=CARTESIAN_POINT('',(0.0685107781648636,0.002,0.0025691069558263));
#2285=CARTESIAN_POINT('',(0.0495482781648628,-0.0539499999999985,-0.0204283773082038));
#2286=CARTESIAN_POINT('',(0.0484968532734866,-0.0313090962203565,-0.0196098031016285));
#2287=CARTESIAN_POINT('',(0.0481804884572582,-0.031312695011913,-0.0203974448838847));
#2288=CARTESIAN_POINT('',(0.0484554994427535,-0.0313095537728386,-0.0211644915692982));
#2289=CARTESIAN_POINT('',(0.0488957427511479,-0.0313043153591294,-0.0215158070934532));
#2290=CARTESIAN_POINT('',(0.049197628716668,-0.0313004122468985,-0.0216367031473237));
#2291=CARTESIAN_POINT('',(0.0494025282249802,-0.0312975914566864,-0.0216741865243843));
#2292=CARTESIAN_POINT('',(0.0495740827582884,-0.0312950161736831,-0.0216817216839321));
#2293=CARTESIAN_POINT('',(0.049823624972683,-0.0312912850770064,-0.0216587581230821));
#2294=CARTESIAN_POINT('',(0.050182029577109,-0.031285964305594,-0.0215396647008472));
#2295=CARTESIAN_POINT('',(0.0505599323982964,-0.031279738850579,-0.021223823883202));
#2296=CARTESIAN_POINT('',(0.0507614690591232,-0.031275121340187,-0.0208051180344725));
#2297=CARTESIAN_POINT('',(0.0508065397137974,-0.0312731807994864,-0.0204747370972532));
#2298=CARTESIAN_POINT('',(0.0507940053853553,-0.03127397090976,-0.0202135912447252));
#2299=CARTESIAN_POINT('',(0.0506693041210406,-0.0312774905037314,-0.0198098999475159));
#2300=CARTESIAN_POINT('',(0.050386774530763,-0.0312826904588507,-0.0194650059489215));
#2301=CARTESIAN_POINT('',(0.0500300517409046,-0.0312882320356129,-0.019260406776511));
#2302=CARTESIAN_POINT('',(0.0497567791508423,-0.0312922668536326,-0.0191848623395144));
#2303=CARTESIAN_POINT('',(0.0495100018739857,-0.0312959956114553,-0.0191756015076575));
#2304=CARTESIAN_POINT('',(0.0493427670072895,-0.0312984264474291,-0.0191907365376544));
#2305=CARTESIAN_POINT('',(0.0490226834849568,-0.0313027601364278,-0.0192668560171356));
#2306=CARTESIAN_POINT('',(0.0484968532734866,-0.0313090962203565,-0.0196098031016285));
#2307=CARTESIAN_POINT('',(0.0481804884572582,-0.031312695011913,-0.0203974448838847));
#2308=CARTESIAN_POINT('',(0.0484554994427535,-0.0313095537728386,-0.0211644915692982));
#2309=CARTESIAN_POINT('',(0.0482982781648635,-0.0313113522280994,-0.0204283773082038));
#2310=CARTESIAN_POINT('',(0.110010337202888,-0.0314432600885366,-0.0211922598585602));
#2311=CARTESIAN_POINT('',(0.110011149661814,-0.0314432222517343,-0.0196644947578473));
#2312=CARTESIAN_POINT('',(0.110324398144129,-0.0314287840503008,-0.0189072495548289));
#2313=CARTESIAN_POINT('',(0.111407311189231,-0.0313781082332334,-0.0178267193696618));
#2314=CARTESIAN_POINT('',(0.112164963320309,-0.0313422546431291,-0.0175142866152538));
#2315=CARTESIAN_POINT('',(0.113693196619311,-0.0312686162336384,-0.0175134882170114));
#2316=CARTESIAN_POINT('',(0.114449812955324,-0.0312315024065425,-0.0178267890707343));
#2317=CARTESIAN_POINT('',(0.115530382442794,-0.0311779298264248,-0.0189053320441359));
#2318=CARTESIAN_POINT('',(0.115846263605099,-0.0311620493640628,-0.019666154087011));
#2319=CARTESIAN_POINT('',(0.115846002606419,-0.0311620628296494,-0.0211967925562848));
#2320=CARTESIAN_POINT('',(0.115531231182775,-0.0311778885389874,-0.0219516352616408));
#2321=CARTESIAN_POINT('',(0.114448871906359,-0.031231548267981,-0.0230298449311041));
#2322=CARTESIAN_POINT('',(0.11369194230935,-0.0312686769307903,-0.0233433080238595));
#2323=CARTESIAN_POINT('',(0.112162351242431,-0.0313423802512171,-0.0233424259455371));
#2324=CARTESIAN_POINT('',(0.111405471272923,-0.0313781949677261,-0.0230283333236173));
#2325=CARTESIAN_POINT('',(0.110323834331379,-0.0314288098593975,-0.0219488057498644));
#2326=CARTESIAN_POINT('',(0.110010337202888,-0.0314432600885366,-0.0211922598585602));
#2327=CARTESIAN_POINT('',(0.110011149661814,-0.0314432222517343,-0.0196644947578473));
#2328=CARTESIAN_POINT('',(0.111539966624055,-0.0298404571313993,-0.0207719741094696));
#2329=CARTESIAN_POINT('',(0.111540331701831,-0.0298404193346443,-0.0200847805069379));
#2330=CARTESIAN_POINT('',(0.111681089651608,-0.0298259964157741,-0.0197441692427394));
#2331=CARTESIAN_POINT('',(0.112167695746176,-0.0297753742378924,-0.0192581433534402));
#2332=CARTESIAN_POINT('',(0.112508146134357,-0.0297395585957005,-0.0191176101144585));
#2333=CARTESIAN_POINT('',(0.113194856478936,-0.029665998135633,-0.0191172509924306));
#2334=CARTESIAN_POINT('',(0.113534841434663,-0.0296289235902451,-0.019258174706416));
#2335=CARTESIAN_POINT('',(0.114020394451091,-0.0295754077157508,-0.0197433067391626));
#2336=CARTESIAN_POINT('',(0.114162335394704,-0.0295595440624142,-0.0200855268676204));
#2337=CARTESIAN_POINT('',(0.114162218115151,-0.029559557513749,-0.0207740129420302));
#2338=CARTESIAN_POINT('',(0.114020775831852,-0.0295753664719987,-0.0211135435454507));
#2339=CARTESIAN_POINT('',(0.113534418574936,-0.0296289694031567,-0.0215985256573214));
#2340=CARTESIAN_POINT('',(0.113194292861585,-0.0296660587678859,-0.0217395223467942));
#2341=CARTESIAN_POINT('',(0.112506972393485,-0.0297396840714876,-0.0217391255851977));
#2342=CARTESIAN_POINT('',(0.112166868981385,-0.0297754608805674,-0.021597845732673));
#2343=CARTESIAN_POINT('',(0.111680836302707,-0.0298260221975634,-0.0211122708209493));
#2344=CARTESIAN_POINT('',(0.111539966624055,-0.0298404571313993,-0.0207719741094696));
#2345=CARTESIAN_POINT('',(0.111540331701831,-0.0298404193346443,-0.0200847805069379));
#2346=CARTESIAN_POINT('',(0.0465699187480421,-0.0330478855983717,-0.0212103709992497));
#2347=CARTESIAN_POINT('',(0.0465706864847689,-0.0330478820162407,-0.0196463836171579));
#2348=CARTESIAN_POINT('',(0.0468910765696061,-0.0330465403024487,-0.0188710569509343));
#2349=CARTESIAN_POINT('',(0.0480000521649974,-0.0330410989344035,-0.0177638792228669));
#2350=CARTESIAN_POINT('',(0.0487764371034282,-0.0330368727802762,-0.0174433130428525));
#2351=CARTESIAN_POINT('',(0.050343106521715,-0.033026962615019,-0.0174423664493999));
#2352=CARTESIAN_POINT('',(0.051118493372477,-0.0330213707443725,-0.0177636946735478));
#2353=CARTESIAN_POINT('',(0.0522252036829304,-0.0330127959225238,-0.0188690133938884));
#2354=CARTESIAN_POINT('',(0.0525483591081931,-0.0330100627838652,-0.0196479857236351));
#2355=CARTESIAN_POINT('',(0.0525480895585921,-0.0330100654026951,-0.0212150803452367));
#2356=CARTESIAN_POINT('',(0.0522260112709986,-0.0330127904120624,-0.0219879762990025));
#2357=CARTESIAN_POINT('',(0.0511176779374125,-0.0330213763154151,-0.0230928326974672));
#2358=CARTESIAN_POINT('',(0.0503420079229272,-0.0330269697541327,-0.0234143961314373));
#2359=CARTESIAN_POINT('',(0.0487740942056762,-0.0330368874131748,-0.0234134332032939));
#2360=CARTESIAN_POINT('',(0.0479983730349108,-0.0330411077890199,-0.0230913110350911));
#2361=CARTESIAN_POINT('',(0.046890565035937,-0.0330465422516292,-0.0219850723520149));
#2362=CARTESIAN_POINT('',(0.0465699187480421,-0.0330478855983717,-0.0212103709992497));
#2363=CARTESIAN_POINT('',(0.0465706864847689,-0.0330478820162407,-0.0196463836171579));
#2364=CARTESIAN_POINT('',(0.0482981176290346,-0.0313113540171131,-0.020755786378273));
#2365=CARTESIAN_POINT('',(0.0482984387006925,-0.0313113504390857,-0.0201009682381345));
#2366=CARTESIAN_POINT('',(0.048432427572742,-0.031310010262332,-0.0197763505365136));
#2367=CARTESIAN_POINT('',(0.0488962071847906,-0.031304575127796,-0.0193127917596807));
#2368=CARTESIAN_POINT('',(0.0492208955727337,-0.031300353815154,-0.0191785754884956));
#2369=CARTESIAN_POINT('',(0.0498760852378535,-0.0312904550025699,-0.0191781791639487));
#2370=CARTESIAN_POINT('',(0.0502003562202926,-0.0312848695379404,-0.0193127144918128));
#2371=CARTESIAN_POINT('',(0.0506631884775361,-0.0312763045392219,-0.019775494929528));
#2372=CARTESIAN_POINT('',(0.0507983338301292,-0.0312735745315842,-0.0201016390127617));
#2373=CARTESIAN_POINT('',(0.0507982211030248,-0.031273577147414,-0.0207577581145179));
#2374=CARTESIAN_POINT('',(0.0506635262152801,-0.0312762990350726,-0.0210813581098602));
#2375=CARTESIAN_POINT('',(0.050200015200893,-0.0312848751026014,-0.0215439449803749));
#2376=CARTESIAN_POINT('',(0.049875625796398,-0.0312904621335276,-0.0216785787870458));
#2377=CARTESIAN_POINT('',(0.0492199157616611,-0.0313003684312671,-0.0216781756234095));
#2378=CARTESIAN_POINT('',(0.0488955049634911,-0.0313045839722686,-0.0215433078832261));
#2379=CARTESIAN_POINT('',(0.0484322136465709,-0.0313100122092796,-0.0210801422704743));
#2380=CARTESIAN_POINT('',(0.0482981176290346,-0.0313113540171131,-0.020755786378273));
#2381=CARTESIAN_POINT('',(0.0482984387006925,-0.0313113504390857,-0.0201009682381345));
#2382=MECHANICAL_DESIGN_GEOMETRIC_PRESENTATION_REPRESENTATION('',(#1253),
#2383);
#2383=(
GEOMETRIC_REPRESENTATION_CONTEXT(3)
GLOBAL_UNCERTAINTY_ASSIGNED_CONTEXT((#2384))
GLOBAL_UNIT_ASSIGNED_CONTEXT((#2387,#2386,#2385))
REPRESENTATION_CONTEXT('Upper Shell','TOP_LEVEL_ASSEMBLY_PART')
);
#2384=UNCERTAINTY_MEASURE_WITH_UNIT(LENGTH_MEASURE(2.0163139330973E-5),
#2387,'DISTANCE_ACCURACY_VALUE','Maximum Tolerance applied to model');
#2385=(
NAMED_UNIT(*)
SI_UNIT($,.STERADIAN.)
SOLID_ANGLE_UNIT()
);
#2386=(
NAMED_UNIT(*)
PLANE_ANGLE_UNIT()
SI_UNIT($,.RADIAN.)
);
#2387=(
LENGTH_UNIT()
NAMED_UNIT(*)
SI_UNIT($,.METRE.)
);
#2388=PRODUCT_DEFINITION_SHAPE('','',#2389);
#2389=PRODUCT_DEFINITION('','',#2391,#2390);
#2390=PRODUCT_DEFINITION_CONTEXT('',#2397,'design');
#2391=PRODUCT_DEFINITION_FORMATION_WITH_SPECIFIED_SOURCE('','',#2393,
 .NOT_KNOWN.);
#2392=PRODUCT_RELATED_PRODUCT_CATEGORY('','',(#2393));
#2393=PRODUCT('Upper Shell','Upper Shell','Upper Shell',(#2395));
#2394=PRODUCT_CATEGORY('','');
#2395=PRODUCT_CONTEXT('',#2397,'mechanical');
#2396=APPLICATION_PROTOCOL_DEFINITION('international standard',
'ap242_managed_model_based_3d_engineering',2020,#2397);
#2397=APPLICATION_CONTEXT('managed model based 3d engineering');
ENDSEC;
END-ISO-10303-21;
